Id,Received_Amount__c
a0FHp00000zxormMAA,29262.2
a0FHp00000zxornMAA,29262.2
a0FHp00000zxoroMAA,
a0FHp00000zxorpMAA,
a0FHp00000zxorqMAA,
a0FHp00000zxorrMAA,
a0FHp00000zxorsMAA,
a0FHp00000zxortMAA,29256.12
a0FHp00000zxoruMAA,29235.07
a0FHp00000zxorvMAA,29262.2
a0FHp00000zxorwMAA,29235.07
a0FHp00000zxorxMAA,29262.2
a0FHp00000zxoryMAA,29262.2
a0FHp00000zxorzMAA,
a0FHp00000zxos0MAA,
a0FHp00000zxos1MAA,
a0FHp00000zxos2MAA,29262.2
a0FHp00000zxos3MAA,175573.2
a0FHp00000zxos4MAA,29262.2
a0FHp00000zxos5MAA,29262.2
a0FHp00000zxos6MAA,29262.2
a0FHp00000zxos7MAA,
a0FHp00000zxos8MAA,
a0FHp00000zxos9MAA,
a0FHp00000zxosAMAQ,
a0FHp00000zxosBMAQ,
a0FHp00000zxosCMAQ,
a0FHp00000zxosDMAQ,
a0FHp00000zxosEMAQ,
a0FHp00000zxosFMAQ,14631.1
a0FHp00000zxosGMAQ,
a0FHp00000zxosHMAQ,
a0FHp00000zxosIMAQ,
a0FHp00000zxosJMAQ,
a0FHp00000zxosKMAQ,
a0FHp00000zxosLMAQ,
a0FHp00000zxosMMAQ,29253.31
a0FHp00000zxosNMAQ,
a0FHp00000zxosOMAQ,
a0FHp00000zxosPMAQ,29262.2
a0FHp00000zxosQMAQ,29235.07
a0FHp00000zxosRMAQ,14630.9
a0FHp00000zxosSMAQ,
a0FHp00000zxosTMAQ,
a0FHp00000zxosUMAQ,
a0FHp00000zxosVMAQ,
a0FHp00000zxosWMAQ,
a0FHp00000zxosXMAQ,
a0FHp00000zxosYMAQ,146311
a0FHp00000zxosZMAQ,29262.2
a0FHp00000zxosaMAA,29253.31
a0FHp00000zxosbMAA,29262
a0FHp00000zxoscMAA,
a0FHp00000zxosdMAA,
a0FHp00000zxoseMAA,
a0FHp00000zxosfMAA,
a0FHp00000zy6qDMAQ,29987
a0FHp00000zy6qEMAQ,29986.52
a0FHp00000zy6qFMAQ,29986.52
a0FHp00000zy6qGMAQ,29987
a0FHp00000zy6qHMAQ,29986.52
a0FHp00000zy6qIMAQ,29987
a0FHp00000zy6qJMAQ,29986.52
a0FHp00000zy6qKMAQ,29986.52
a0FHp00000zy6qLMAQ,29986.52
a0FHp00000zy6qMMAQ,29986.52
a0FHp00000zy6qNMAQ,29986.52
a0FHp00000zy6qOMAQ,29986.52
a0FHp00000zy6qPMAQ,29986.52
a0FHp00000zy6qQMAQ,29986.52
a0FHp00000zy6qRMAQ,29986.52
a0FHp00000zy6qSMAQ,29986.52
a0FHp00000zy6qTMAQ,29986.52
a0FHp00000zy6qUMAQ,29986.52
a0FHp00000zy6qVMAQ,29986.52
a0FHp00000zy6qWMAQ,
a0FHp00000zy6qXMAQ,
a0FHp00000zy6qYMAQ,
a0FHp00000zy6qZMAQ,
a0FHp00000zy6qaMAA,
a0FHp00000zy6qbMAA,
a0FHp00000zy6qcMAA,
a0FHp00000zy6qdMAA,
a0FHp00000zy6qeMAA,
a0FHp00000zy6qfMAA,
a0FHp00000zy6qgMAA,
a0FHp00000zy6qhMAA,
a0FHp00000zy6qiMAA,
a0FHp00000zy6qjMAA,
a0FHp00000zy6qkMAA,
a0FHp00000zy6qlMAA,
a0FHp00000zy6qmMAA,
a0FHp00000zy6qnMAA,
a0FHp00000zy6qoMAA,
a0FHp00000zy6qpMAA,
a0FHp00000zy6qqMAA,
a0FHp00000zy6qrMAA,
a0FHp00000zy6qsMAA,
a0FHp00000zy6qtMAA,
a0FHp00000zy6quMAA,
a0FHp00000zy6qvMAA,
a0FHp00000zy6qwMAA,
a0FHp00000zy6qxMAA,
a0FHp00000zy6qyMAA,
a0FHp00000zy6qzMAA,
a0FHp00000zy6r0MAA,
a0FHp00000zy6r1MAA,
a0FHp00000zy6r2MAA,
a0FHp00000zy6r3MAA,
a0FHp00000zy6r4MAA,
a0FHp00000zy6r5MAA,
a0FHp00000zy6r6MAA,44861.68
a0FHp00000zy6r7MAA,44861.68
a0FHp00000zy6r8MAA,44861.68
a0FHp00000zy6r9MAA,44861.68
a0FHp00000zy6rAMAQ,44861.68
a0FHp00000zy6rBMAQ,44861.68
a0FHp00000zy6rCMAQ,44861.68
a0FHp00000zy6rDMAQ,44861.68
a0FHp00000zy6rEMAQ,44861.68
a0FHp00000zy6rFMAQ,44861.68
a0FHp00000zy6rGMAQ,44861.68
a0FHp00000zy6rHMAQ,44861.68
a0FHp00000zy6rIMAQ,44861.68
a0FHp00000zy6rJMAQ,44861.68
a0FHp00000zy6rKMAQ,44861.68
a0FHp00000zy6rLMAQ,44861.68
a0FHp00000zy6rMMAQ,44861.68
a0FHp00000zy6rNMAQ,44861.68
a0FHp00000zy6rOMAQ,
a0FHp00000zy6rPMAQ,
a0FHp00000zy6rQMAQ,
a0FHp00000zy6rRMAQ,
a0FHp00000zy6rSMAQ,
a0FHp00000zy6rTMAQ,
a0FHp00000zy6rUMAQ,
a0FHp00000zy6rVMAQ,
a0FHp00000zy6rWMAQ,
a0FHp00000zy6rXMAQ,
a0FHp00000zy6rYMAQ,
a0FHp00000zy6rZMAQ,
a0FHp00000zy6raMAA,
a0FHp00000zy6rbMAA,
a0FHp00000zy6rcMAA,
a0FHp00000zy6rdMAA,
a0FHp00000zy6reMAA,
a0FHp00000zy6rfMAA,
a0FHp00000zy6rgMAA,
a0FHp00000zy6rhMAA,
a0FHp00000zy6riMAA,
a0FHp00000zy6rjMAA,
a0FHp00000zy6rkMAA,
a0FHp00000zy6rlMAA,
a0FHp00000zy6rmMAA,
a0FHp00000zy6rnMAA,
a0FHp00000zy6roMAA,
a0FHp00000zy6rpMAA,
a0FHp00000zy6rqMAA,
a0FHp00000zy6rrMAA,
a0FHp00000zy6rsMAA,
a0FHp00000zy6rtMAA,
a0FHp00000zy6ruMAA,
a0FHp00000zy6rvMAA,
a0FHp00000zy6rwMAA,
a0FHp00000zy6rxMAA,
a0FHp00000zy6ryMAA,
a0FHp00000zy6rzMAA,28659.96
a0FHp00000zy6s0MAA,28659.96
a0FHp00000zy6s1MAA,28659.96
a0FHp00000zy6s2MAA,28659.96
a0FHp00000zy6s3MAA,28659.96
a0FHp00000zy6s4MAA,28659.96
a0FHp00000zy6s5MAA,28659.96
a0FHp00000zy6s6MAA,28289.09
a0FHp00000zy6s7MAA,28630.16
a0FHp00000zy6s8MAA,28659.96
a0FHp00000zy6s9MAA,28659.96
a0FHp00000zy6sAMAQ,28659.96
a0FHp00000zy6sBMAQ,28659.96
a0FHp00000zy6sCMAQ,28659.96
a0FHp00000zy6sDMAQ,28659.96
a0FHp00000zy6sEMAQ,28659.96
a0FHp00000zy6sFMAQ,28659.96
a0FHp00000zy6sGMAQ,28659.96
a0FHp00000zy6sHMAQ,28659.96
a0FHp00000zy6sIMAQ,
a0FHp00000zy6sJMAQ,
a0FHp00000zy6sKMAQ,
a0FHp00000zy6sLMAQ,
a0FHp00000zy6sMMAQ,
a0FHp00000zy6sNMAQ,
a0FHp00000zy6sOMAQ,
a0FHp00000zy6sPMAQ,
a0FHp00000zy6sQMAQ,
a0FHp00000zy6sRMAQ,
a0FHp00000zy6sSMAQ,
a0FHp00000zy6sTMAQ,
a0FHp00000zy6sUMAQ,
a0FHp00000zy6sVMAQ,
a0FHp00000zy6sWMAQ,
a0FHp00000zy6sXMAQ,
a0FHp00000zy6sYMAQ,
a0FHp00000zy6sZMAQ,
a0FHp00000zy6saMAA,
a0FHp00000zy6sbMAA,
a0FHp00000zy6scMAA,
a0FHp00000zy6sdMAA,
a0FHp00000zy6seMAA,
a0FHp00000zy6sfMAA,
a0FHp00000zy6sgMAA,
a0FHp00000zy6shMAA,
a0FHp00000zy6siMAA,
a0FHp00000zy6sjMAA,
a0FHp00000zy6skMAA,
a0FHp00000zy6slMAA,
a0FHp00000zy6smMAA,
a0FHp00000zy6snMAA,
a0FHp00000zy6soMAA,
a0FHp00000zy6spMAA,
a0FHp00000zy6sqMAA,
a0FHp00000zy6srMAA,
a0FHp00000zy6ssMAA,30159.02
a0FHp00000zy6stMAA,30159.02
a0FHp00000zy6suMAA,30159.02
a0FHp00000zy6svMAA,30159.02
a0FHp00000zy6swMAA,30159.02
a0FHp00000zy6sxMAA,30159.02
a0FHp00000zy6syMAA,30159.02
a0FHp00000zy6szMAA,30159.02
a0FHp00000zy6t0MAA,30159.02
a0FHp00000zy6t1MAA,30159.02
a0FHp00000zy6t2MAA,30159.02
a0FHp00000zy6t3MAA,30159.02
a0FHp00000zy6t4MAA,30159.02
a0FHp00000zy6t5MAA,30159.02
a0FHp00000zy6t6MAA,30159.02
a0FHp00000zy6t7MAA,30159.02
a0FHp00000zy6t8MAA,30159.02
a0FHp00000zy6t9MAA,30159.02
a0FHp00000zy6tAMAQ,30159.02
a0FHp00000zy6tBMAQ,22.56
a0FHp00000zy6tCMAQ,
a0FHp00000zy6tDMAQ,
a0FHp00000zy6tEMAQ,
a0FHp00000zy6tFMAQ,
a0FHp00000zy6tGMAQ,
a0FHp00000zy6tHMAQ,
a0FHp00000zy6tIMAQ,
a0FHp00000zy6tJMAQ,
a0FHp00000zy6tKMAQ,
a0FHp00000zy6tLMAQ,
a0FHp00000zy6tMMAQ,
a0FHp00000zy6tNMAQ,
a0FHp00000zy6tOMAQ,
a0FHp00000zy6tPMAQ,
a0FHp00000zy6tQMAQ,
a0FHp00000zy6tRMAQ,
a0FHp00000zy6tSMAQ,
a0FHp00000zy6tTMAQ,
a0FHp00000zy6tUMAQ,
a0FHp00000zy6tVMAQ,
a0FHp00000zy6tWMAQ,
a0FHp00000zy6tXMAQ,
a0FHp00000zy6tYMAQ,
a0FHp00000zy6tZMAQ,
a0FHp00000zy6taMAA,
a0FHp00000zy6tbMAA,
a0FHp00000zy6tcMAA,
a0FHp00000zy6tdMAA,
a0FHp00000zy6teMAA,
a0FHp00000zy6tfMAA,
a0FHp00000zy6tgMAA,
a0FHp00000zy6thMAA,
a0FHp00000zy6tiMAA,
a0FHp00000zy6tjMAA,
a0FHp00000zy6tkMAA,
a0FHp00000zy6tlMAA,
a0FHp00000zy6tmMAA,
a0FHp00000zy6tnMAA,
a0FHp00000zy6toMAA,
a0FHp00000zy6tpMAA,
a0FHp00000zy6tqMAA,
a0FHp00000zy6trMAA,
a0FHp00000zy6tsMAA,
a0FHp00000zy6ttMAA,
a0FHp00000zy6tuMAA,
a0FHp00000zy6tvMAA,
a0FHp00000zy6twMAA,
a0FHp00000zy6txMAA,
a0FHp00000zy6tyMAA,
a0FHp00000zy6tzMAA,
a0FHp00000zy6u0MAA,
a0FHp00000zy6u1MAA,
a0FHp00000zy6u2MAA,
a0FHp00000zy6u3MAA,
a0FHp00000zy6u4MAA,
a0FHp00000zy6u5MAA,
a0FHp00000zy6u6MAA,
a0FHp00000zy6u7MAA,
a0FHp00000zy6u8MAA,
a0FHp00000zy6u9MAA,
a0FHp00000zy6uAMAQ,
a0FHp00000zy6uBMAQ,
a0FHp00000zy6uCMAQ,
a0FHp00000zy6uDMAQ,
a0FHp00000zy6uEMAQ,
a0FHp00000zy6uFMAQ,
a0FHp00000zy6uGMAQ,
a0FHp00000zy6uHMAQ,
a0FHp00000zy6uIMAQ,
a0FHp00000zy6uJMAQ,
a0FHp00000zy6uKMAQ,
a0FHp00000zy6uLMAQ,
a0FHp00000zy6uMMAQ,
a0FHp00000zy6uNMAQ,
a0FHp00000zy6uOMAQ,
a0FHp00000zy6uPMAQ,
a0FHp00000zy6uQMAQ,
a0FHp00000zy6uRMAQ,
a0FHp00000zy6uSMAQ,
a0FHp00000zy6uTMAQ,
a0FHp00000zy6uUMAQ,
a0FHp00000zy6uVMAQ,
a0FHp00000zy6uWMAQ,
a0FHp00000zy6uXMAQ,
a0FHp00000zy6uYMAQ,
a0FHp00000zy6uZMAQ,
a0FHp00000zy6uaMAA,
a0FHp00000zy6ubMAA,
a0FHp00000zy6ucMAA,
a0FHp00000zy6udMAA,
a0FHp00000zy6vXMAQ,25930.52
a0FHp00000zy6vYMAQ,25882.98
a0FHp00000zy6vZMAQ,25930.52
a0FHp00000zy6vaMAA,25930.52
a0FHp00000zy6vbMAA,25930.52
a0FHp00000zy6vcMAA,25930.52
a0FHp00000zy6vdMAA,25930.52
a0FHp00000zy6veMAA,25901
a0FHp00000zy6vfMAA,25921
a0FHp00000zy6vgMAA,25901
a0FHp00000zy6vhMAA,25901
a0FHp00000zy6viMAA,25901
a0FHp00000zy6vjMAA,25901
a0FHp00000zy6vkMAA,25901
a0FHp00000zy6vlMAA,25901
a0FHp00000zy6vmMAA,25901
a0FHp00000zy6vnMAA,25901
a0FHp00000zy6voMAA,25901
a0FHp00000zy6vpMAA,25870
a0FHp00000zy6vqMAA,12965
a0FHp00000zy6vrMAA,12965
a0FHp00000zy6vsMAA,12965
a0FHp00000zy6vtMAA,12965
a0FHp00000zy6vuMAA,12965
a0FHp00000zy6vvMAA,
a0FHp00000zy6vwMAA,
a0FHp00000zy6vxMAA,
a0FHp00000zy6vyMAA,
a0FHp00000zy6vzMAA,
a0FHp00000zy6w0MAA,
a0FHp00000zy6w1MAA,
a0FHp00000zy6w2MAA,
a0FHp00000zy6w3MAA,
a0FHp00000zy6w4MAA,
a0FHp00000zy6w5MAA,
a0FHp00000zy6w6MAA,
a0FHp00000zy6w7MAA,
a0FHp00000zy6w8MAA,
a0FHp00000zy6w9MAA,
a0FHp00000zy6wAMAQ,
a0FHp00000zy6wBMAQ,
a0FHp00000zy6wCMAQ,
a0FHp00000zy6wDMAQ,
a0FHp00000zy6wEMAQ,
a0FHp00000zy6wFMAQ,
a0FHp00000zy6wGMAQ,
a0FHp00000zy6wHMAQ,
a0FHp00000zy6wIMAQ,
a0FHp00000zy6wJMAQ,
a0FHp00000zy6wKMAQ,
a0FHp00000zy6wLMAQ,
a0FHp00000zy6wMMAQ,
a0FHp00000zy6wNMAQ,
a0FHp00000zy6wOMAQ,
a0FHp00000zy6wPMAQ,
a0FHp00000zy6wQMAQ,26343.68
a0FHp00000zy6wRMAQ,26343.68
a0FHp00000zy6wSMAQ,26343.68
a0FHp00000zy6wTMAQ,26343.68
a0FHp00000zy6wUMAQ,26343.68
a0FHp00000zy6wVMAQ,26343.68
a0FHp00000zy6wWMAQ,26343.68
a0FHp00000zy6wXMAQ,26343.68
a0FHp00000zy6wYMAQ,26343.68
a0FHp00000zy6wZMAQ,26343.68
a0FHp00000zy6waMAA,26343.68
a0FHp00000zy6wbMAA,26343.68
a0FHp00000zy6wcMAA,26343.68
a0FHp00000zy6wdMAA,26343.68
a0FHp00000zy6weMAA,26343.68
a0FHp00000zy6wfMAA,26343.68
a0FHp00000zy6wgMAA,26343.68
a0FHp00000zy6whMAA,26343.68
a0FHp00000zy6wiMAA,26343.68
a0FHp00000zy6wjMAA,13171.84
a0FHp00000zy6wkMAA,13171.84
a0FHp00000zy6wlMAA,13171.84
a0FHp00000zy6wmMAA,13171.84
a0FHp00000zy6wnMAA,13171.84
a0FHp00000zy6woMAA,13171.84
a0FHp00000zy6wpMAA,8363.45
a0FHp00000zy6wqMAA,
a0FHp00000zy6wrMAA,
a0FHp00000zy6wsMAA,
a0FHp00000zy6wtMAA,
a0FHp00000zy6wuMAA,
a0FHp00000zy6wvMAA,
a0FHp00000zy6wwMAA,
a0FHp00000zy6wxMAA,
a0FHp00000zy6wyMAA,
a0FHp00000zy6wzMAA,
a0FHp00000zy6x0MAA,
a0FHp00000zy6x1MAA,
a0FHp00000zy6x2MAA,
a0FHp00000zy6x3MAA,
a0FHp00000zy6x4MAA,
a0FHp00000zy6x5MAA,
a0FHp00000zy6x6MAA,
a0FHp00000zy6x7MAA,
a0FHp00000zy6x8MAA,
a0FHp00000zy6x9MAA,
a0FHp00000zy6xAMAQ,
a0FHp00000zy6xBMAQ,
a0FHp00000zy6xCMAQ,
a0FHp00000zy6xDMAQ,
a0FHp00000zy6xEMAQ,
a0FHp00000zy6xFMAQ,
a0FHp00000zy6xGMAQ,
a0FHp00000zy6xHMAQ,
a0FHp00000zy6xIMAQ,
a0FHp00000zy6yCMAQ,27733.68
a0FHp00000zy6yDMAQ,27685.13
a0FHp00000zy6yEMAQ,27733.68
a0FHp00000zy6yFMAQ,27733.68
a0FHp00000zy6yGMAQ,27733.68
a0FHp00000zy6yHMAQ,27733.68
a0FHp00000zy6yIMAQ,27685.28
a0FHp00000zy6yJMAQ,27685.28
a0FHp00000zy6yKMAQ,27000
a0FHp00000zy6yLMAQ,27733.68
a0FHp00000zy6yMMAQ,27733.68
a0FHp00000zy6yNMAQ,27733.68
a0FHp00000zy6yOMAQ,27733.68
a0FHp00000zy6yPMAQ,27733.68
a0FHp00000zy6yQMAQ,27733.68
a0FHp00000zy6yRMAQ,27733.68
a0FHp00000zy6ySMAQ,27733.68
a0FHp00000zy6yTMAQ,27733.68
a0FHp00000zy6yUMAQ,
a0FHp00000zy6yVMAQ,
a0FHp00000zy6yWMAQ,
a0FHp00000zy6yXMAQ,
a0FHp00000zy6yYMAQ,
a0FHp00000zy6yZMAQ,
a0FHp00000zy6yaMAA,
a0FHp00000zy6ybMAA,
a0FHp00000zy6ycMAA,
a0FHp00000zy6ydMAA,
a0FHp00000zy6yeMAA,
a0FHp00000zy6yfMAA,
a0FHp00000zy6ygMAA,
a0FHp00000zy6yhMAA,
a0FHp00000zy6yiMAA,
a0FHp00000zy6yjMAA,
a0FHp00000zy6ykMAA,
a0FHp00000zy6ylMAA,
a0FHp00000zy6ymMAA,
a0FHp00000zy6ynMAA,
a0FHp00000zy6yoMAA,
a0FHp00000zy6ypMAA,
a0FHp00000zy6yqMAA,
a0FHp00000zy6yrMAA,
a0FHp00000zy6ysMAA,
a0FHp00000zy6ytMAA,
a0FHp00000zy6yuMAA,
a0FHp00000zy6yvMAA,
a0FHp00000zy6ywMAA,
a0FHp00000zy6yxMAA,
a0FHp00000zy6yyMAA,
a0FHp00000zy6yzMAA,
a0FHp00000zy6z0MAA,
a0FHp00000zy6z1MAA,
a0FHp00000zy6z2MAA,
a0FHp00000zy6z3MAA,
a0FHp00000zy6z4MAA,
a0FHp00000zy6z5MAA,29511.38
a0FHp00000zy6z6MAA,29511.38
a0FHp00000zy6z7MAA,29511.38
a0FHp00000zy6z8MAA,29511.38
a0FHp00000zy6z9MAA,29511.38
a0FHp00000zy6zAMAQ,29511.38
a0FHp00000zy6zBMAQ,29511.38
a0FHp00000zy6zCMAQ,29511.38
a0FHp00000zy6zDMAQ,29511.38
a0FHp00000zy6zEMAQ,29511.38
a0FHp00000zy6zFMAQ,29491.46
a0FHp00000zy6zGMAQ,29335
a0FHp00000zy6zHMAQ,29511.38
a0FHp00000zy6zIMAQ,27858.62
a0FHp00000zy6zJMAQ,
a0FHp00000zy6zKMAQ,
a0FHp00000zy6zLMAQ,
a0FHp00000zy6zMMAQ,
a0FHp00000zy6zNMAQ,
a0FHp00000zy6zOMAQ,
a0FHp00000zy6zPMAQ,
a0FHp00000zy6zQMAQ,
a0FHp00000zy6zRMAQ,
a0FHp00000zy6zSMAQ,
a0FHp00000zy6zTMAQ,
a0FHp00000zy6zUMAQ,
a0FHp00000zy6zVMAQ,
a0FHp00000zy6zWMAQ,
a0FHp00000zy6zXMAQ,
a0FHp00000zy6zYMAQ,
a0FHp00000zy6zZMAQ,
a0FHp00000zy6zaMAA,
a0FHp00000zy6zbMAA,
a0FHp00000zy6zcMAA,
a0FHp00000zy6zdMAA,
a0FHp00000zy6zeMAA,
a0FHp00000zy6zfMAA,
a0FHp00000zy6zgMAA,
a0FHp00000zy6zhMAA,
a0FHp00000zy6ziMAA,
a0FHp00000zy6zjMAA,
a0FHp00000zy6zkMAA,
a0FHp00000zy6zlMAA,
a0FHp00000zy6zmMAA,
a0FHp00000zy6znMAA,
a0FHp00000zy6zoMAA,
a0FHp00000zy6zpMAA,
a0FHp00000zy6zqMAA,
a0FHp00000zy6zrMAA,
a0FHp00000zy6zsMAA,
a0FHp00000zy6ztMAA,
a0FHp00000zy6zuMAA,
a0FHp00000zy6zvMAA,
a0FHp00000zy6zwMAA,
a0FHp00000zy6zxMAA,
a0FHp00000zy6zyMAA,27498.56
a0FHp00000zy6zzMAA,27498.56
a0FHp00000zy700MAA,27498.56
a0FHp00000zy701MAA,27498.56
a0FHp00000zy702MAA,27498.56
a0FHp00000zy703MAA,27498.56
a0FHp00000zy704MAA,27498.56
a0FHp00000zy705MAA,27498.56
a0FHp00000zy706MAA,27498.56
a0FHp00000zy707MAA,27498.56
a0FHp00000zy708MAA,27498.56
a0FHp00000zy709MAA,27498.56
a0FHp00000zy70AMAQ,27498.56
a0FHp00000zy70BMAQ,27498.56
a0FHp00000zy70CMAQ,27498.56
a0FHp00000zy70DMAQ,27498.56
a0FHp00000zy70EMAQ,27498.56
a0FHp00000zy70FMAQ,23662.72
a0FHp00000zy70GMAQ,
a0FHp00000zy70HMAQ,
a0FHp00000zy70IMAQ,
a0FHp00000zy70JMAQ,
a0FHp00000zy70KMAQ,
a0FHp00000zy70LMAQ,
a0FHp00000zy70MMAQ,
a0FHp00000zy70NMAQ,
a0FHp00000zy70OMAQ,
a0FHp00000zy70PMAQ,
a0FHp00000zy70QMAQ,
a0FHp00000zy70RMAQ,
a0FHp00000zy70SMAQ,
a0FHp00000zy70TMAQ,
a0FHp00000zy70UMAQ,
a0FHp00000zy70VMAQ,
a0FHp00000zy70WMAQ,
a0FHp00000zy70XMAQ,
a0FHp00000zy70YMAQ,
a0FHp00000zy70ZMAQ,
a0FHp00000zy70aMAA,
a0FHp00000zy70bMAA,
a0FHp00000zy70cMAA,
a0FHp00000zy70dMAA,
a0FHp00000zy70eMAA,
a0FHp00000zy70fMAA,
a0FHp00000zy70gMAA,
a0FHp00000zy70hMAA,
a0FHp00000zy70iMAA,
a0FHp00000zy70jMAA,
a0FHp00000zy70kMAA,
a0FHp00000zy70lMAA,
a0FHp00000zy70mMAA,
a0FHp00000zy70nMAA,
a0FHp00000zy70oMAA,
a0FHp00000zy70pMAA,
a0FHp00000zy70qMAA,
a0FHp00000zy72dMAA,66858.34
a0FHp00000zy72eMAA,66858.34
a0FHp00000zy72fMAA,66858.34
a0FHp00000zy72gMAA,66858.34
a0FHp00000zy72hMAA,66858.34
a0FHp00000zy72iMAA,66858.34
a0FHp00000zy72jMAA,66858.34
a0FHp00000zy72kMAA,66858.34
a0FHp00000zy72lMAA,66858.34
a0FHp00000zy72mMAA,66858.34
a0FHp00000zy72nMAA,66858.34
a0FHp00000zy72oMAA,66858.34
a0FHp00000zy72pMAA,66858.34
a0FHp00000zy72qMAA,66858.34
a0FHp00000zy72rMAA,66858.34
a0FHp00000zy72sMAA,66858.34
a0FHp00000zy72tMAA,66858.34
a0FHp00000zy72uMAA,66858.34
a0FHp00000zy72vMAA,
a0FHp00000zy72wMAA,
a0FHp00000zy72xMAA,
a0FHp00000zy72yMAA,
a0FHp00000zy72zMAA,
a0FHp00000zy730MAA,
a0FHp00000zy731MAA,
a0FHp00000zy732MAA,
a0FHp00000zy733MAA,
a0FHp00000zy734MAA,
a0FHp00000zy735MAA,
a0FHp00000zy736MAA,
a0FHp00000zy737MAA,
a0FHp00000zy738MAA,
a0FHp00000zy739MAA,
a0FHp00000zy73AMAQ,
a0FHp00000zy73BMAQ,
a0FHp00000zy73CMAQ,
a0FHp00000zy73DMAQ,
a0FHp00000zy73EMAQ,
a0FHp00000zy73FMAQ,
a0FHp00000zy73GMAQ,
a0FHp00000zy73HMAQ,
a0FHp00000zy73IMAQ,
a0FHp00000zy73JMAQ,
a0FHp00000zy73KMAQ,
a0FHp00000zy73LMAQ,
a0FHp00000zy73MMAQ,
a0FHp00000zy73NMAQ,
a0FHp00000zy73OMAQ,
a0FHp00000zy73PMAQ,
a0FHp00000zy73QMAQ,
a0FHp00000zy73RMAQ,
a0FHp00000zy73SMAQ,
a0FHp00000zy73TMAQ,
a0FHp00000zy73UMAQ,
a0FHp00000zy73VMAQ,
a0FHp00000zy73WMAQ,44727.9
a0FHp00000zy73XMAQ,44727.9
a0FHp00000zy73YMAQ,44727.9
a0FHp00000zy73ZMAQ,44727.9
a0FHp00000zy73aMAA,44727.9
a0FHp00000zy73bMAA,44727.9
a0FHp00000zy73cMAA,44727.9
a0FHp00000zy73dMAA,44727.9
a0FHp00000zy73eMAA,44727.9
a0FHp00000zy73fMAA,44727.9
a0FHp00000zy73gMAA,44727.9
a0FHp00000zy73hMAA,44727.9
a0FHp00000zy73iMAA,44727.9
a0FHp00000zy73jMAA,44727.9
a0FHp00000zy73kMAA,44727.9
a0FHp00000zy73lMAA,44727.9
a0FHp00000zy73mMAA,44727.9
a0FHp00000zy73nMAA,44727.9
a0FHp00000zy73oMAA,1.4
a0FHp00000zy73pMAA,
a0FHp00000zy73qMAA,
a0FHp00000zy73rMAA,
a0FHp00000zy73sMAA,
a0FHp00000zy73tMAA,
a0FHp00000zy73uMAA,
a0FHp00000zy73vMAA,
a0FHp00000zy73wMAA,
a0FHp00000zy73xMAA,
a0FHp00000zy73yMAA,
a0FHp00000zy73zMAA,
a0FHp00000zy740MAA,
a0FHp00000zy741MAA,
a0FHp00000zy742MAA,
a0FHp00000zy743MAA,
a0FHp00000zy744MAA,
a0FHp00000zy745MAA,
a0FHp00000zy746MAA,
a0FHp00000zy747MAA,
a0FHp00000zy748MAA,
a0FHp00000zy749MAA,
a0FHp00000zy74AMAQ,
a0FHp00000zy74BMAQ,
a0FHp00000zy74CMAQ,
a0FHp00000zy74DMAQ,
a0FHp00000zy74EMAQ,
a0FHp00000zy74FMAQ,
a0FHp00000zy74GMAQ,
a0FHp00000zy74HMAQ,
a0FHp00000zy74IMAQ,
a0FHp00000zy74JMAQ,
a0FHp00000zy74KMAQ,
a0FHp00000zy74LMAQ,
a0FHp00000zy74MMAQ,
a0FHp00000zy74NMAQ,
a0FHp00000zy74OMAQ,
a0FHp00000zy75IMAQ,28409.98
a0FHp00000zy75JMAQ,28409.98
a0FHp00000zy75KMAQ,28409.98
a0FHp00000zy75LMAQ,28409.98
a0FHp00000zy75MMAQ,28409.98
a0FHp00000zy75NMAQ,28409.98
a0FHp00000zy75OMAQ,28409.98
a0FHp00000zy75PMAQ,28409.98
a0FHp00000zy75QMAQ,28409.98
a0FHp00000zy75RMAQ,28409.98
a0FHp00000zy75SMAQ,28409.98
a0FHp00000zy75TMAQ,28409.98
a0FHp00000zy75UMAQ,28409.98
a0FHp00000zy75VMAQ,28409.98
a0FHp00000zy75WMAQ,28409.98
a0FHp00000zy75XMAQ,28409.98
a0FHp00000zy75YMAQ,28409.98
a0FHp00000zy75ZMAQ,28409.98
a0FHp00000zy75aMAA,28260.66
a0FHp00000zy75bMAA,
a0FHp00000zy75cMAA,
a0FHp00000zy75dMAA,
a0FHp00000zy75eMAA,
a0FHp00000zy75fMAA,
a0FHp00000zy75gMAA,
a0FHp00000zy75hMAA,
a0FHp00000zy75iMAA,
a0FHp00000zy75jMAA,
a0FHp00000zy75kMAA,
a0FHp00000zy75lMAA,
a0FHp00000zy75mMAA,
a0FHp00000zy75nMAA,
a0FHp00000zy75oMAA,
a0FHp00000zy75pMAA,
a0FHp00000zy75qMAA,
a0FHp00000zy75rMAA,
a0FHp00000zy75sMAA,
a0FHp00000zy75tMAA,
a0FHp00000zy75uMAA,
a0FHp00000zy75vMAA,
a0FHp00000zy75wMAA,
a0FHp00000zy75xMAA,
a0FHp00000zy75yMAA,
a0FHp00000zy75zMAA,
a0FHp00000zy760MAA,
a0FHp00000zy761MAA,
a0FHp00000zy762MAA,
a0FHp00000zy763MAA,
a0FHp00000zy764MAA,
a0FHp00000zy765MAA,
a0FHp00000zy766MAA,
a0FHp00000zy767MAA,
a0FHp00000zy768MAA,
a0FHp00000zy769MAA,
a0FHp00000zy76AMAQ,
a0FHp00000zy76BMAQ,30421.1
a0FHp00000zy76CMAQ,30421.1
a0FHp00000zy76DMAQ,30421.1
a0FHp00000zy76EMAQ,30421.1
a0FHp00000zy76FMAQ,30421.1
a0FHp00000zy76GMAQ,30421.1
a0FHp00000zy76HMAQ,30421.1
a0FHp00000zy76IMAQ,30421.1
a0FHp00000zy76JMAQ,30421.1
a0FHp00000zy76KMAQ,30421.1
a0FHp00000zy76LMAQ,30421.1
a0FHp00000zy76MMAQ,30421.1
a0FHp00000zy76NMAQ,30421.1
a0FHp00000zy76OMAQ,30421.1
a0FHp00000zy76PMAQ,30421.1
a0FHp00000zy76QMAQ,30421.1
a0FHp00000zy76RMAQ,30421.1
a0FHp00000zy76SMAQ,30421.1
a0FHp00000zy76TMAQ,5.41
a0FHp00000zy76UMAQ,
a0FHp00000zy76VMAQ,
a0FHp00000zy76WMAQ,
a0FHp00000zy76XMAQ,
a0FHp00000zy76YMAQ,
a0FHp00000zy76ZMAQ,
a0FHp00000zy76aMAA,
a0FHp00000zy76bMAA,
a0FHp00000zy76cMAA,
a0FHp00000zy76dMAA,
a0FHp00000zy76eMAA,
a0FHp00000zy76fMAA,
a0FHp00000zy76gMAA,
a0FHp00000zy76hMAA,
a0FHp00000zy76iMAA,
a0FHp00000zy76jMAA,
a0FHp00000zy76kMAA,
a0FHp00000zy76lMAA,
a0FHp00000zy76mMAA,
a0FHp00000zy76nMAA,
a0FHp00000zy76oMAA,
a0FHp00000zy76pMAA,
a0FHp00000zy76qMAA,
a0FHp00000zy76rMAA,
a0FHp00000zy76sMAA,
a0FHp00000zy76tMAA,
a0FHp00000zy76uMAA,
a0FHp00000zy76vMAA,
a0FHp00000zy76wMAA,
a0FHp00000zy76xMAA,
a0FHp00000zy76yMAA,
a0FHp00000zy76zMAA,
a0FHp00000zy770MAA,
a0FHp00000zy771MAA,
a0FHp00000zy772MAA,
a0FHp00000zy773MAA,
a0FHp00000zy79jMAA,141626.3
a0FHp00000zy79kMAA,141626.3
a0FHp00000zy79lMAA,141626.3
a0FHp00000zy79mMAA,28325.26
a0FHp00000zy79nMAA,28325.26
a0FHp00000zy79oMAA,28325.26
a0FHp00000zy79pMAA,28325.26
a0FHp00000zy79qMAA,28325.26
a0FHp00000zy79rMAA,28325.26
a0FHp00000zy79sMAA,28325.26
a0FHp00000zy79tMAA,27519.11
a0FHp00000zy79uMAA,
a0FHp00000zy79vMAA,
a0FHp00000zy79wMAA,
a0FHp00000zy79xMAA,
a0FHp00000zy79yMAA,
a0FHp00000zy79zMAA,
a0FHp00000zy7A0MAI,
a0FHp00000zy7A1MAI,
a0FHp00000zy7A2MAI,
a0FHp00000zy7A3MAI,
a0FHp00000zy7A4MAI,
a0FHp00000zy7A5MAI,
a0FHp00000zy7A6MAI,
a0FHp00000zy7A7MAI,
a0FHp00000zy7A8MAI,
a0FHp00000zy7A9MAI,
a0FHp00000zy7AAMAY,
a0FHp00000zy7ABMAY,
a0FHp00000zy7ACMAY,
a0FHp00000zy7ADMAY,
a0FHp00000zy7AEMAY,
a0FHp00000zy7AFMAY,
a0FHp00000zy7AGMAY,
a0FHp00000zy7AHMAY,
a0FHp00000zy7AIMAY,
a0FHp00000zy7AJMAY,
a0FHp00000zy7AKMAY,
a0FHp00000zy7ALMAY,
a0FHp00000zy7AMMAY,
a0FHp00000zy7ANMAY,
a0FHp00000zy7AOMAY,
a0FHp00000zy7APMAY,
a0FHp00000zy7AQMAY,
a0FHp00000zy7ARMAY,
a0FHp00000zy7ASMAY,
a0FHp00000zy7ATMAY,
a0FHp00000zy7AUMAY,
a0FHp00000zy7AVMAY,
a0FHp00000zy7AWMAY,
a0FHp00000zy7AXMAY,
a0FHp00000zy7AYMAY,
a0FHp00000zy7AZMAY,
a0FHp00000zy7AaMAI,
a0FHp00000zy7AbMAI,
a0FHp00000zy7AcMAI,260456.04
a0FHp00000zy7AdMAI,28939.56
a0FHp00000zy7AeMAI,28939.56
a0FHp00000zy7AfMAI,28939.56
a0FHp00000zy7AgMAI,28939.56
a0FHp00000zy7AhMAI,28939.56
a0FHp00000zy7AiMAI,28939.56
a0FHp00000zy7AjMAI,28939.56
a0FHp00000zy7AkMAI,28939.56
a0FHp00000zy7AlMAI,28939.56
a0FHp00000zy7AmMAI,28939.56
a0FHp00000zy7AnMAI,28939.56
a0FHp00000zy7AoMAI,28939.56
a0FHp00000zy7ApMAI,28939.56
a0FHp00000zy7AqMAI,28939.56
a0FHp00000zy7ArMAI,28939.56
a0FHp00000zy7AsMAI,28939.56
a0FHp00000zy7AtMAI,28939.56
a0FHp00000zy7AuMAI,6857.06
a0FHp00000zy7AvMAI,
a0FHp00000zy7AwMAI,
a0FHp00000zy7AxMAI,
a0FHp00000zy7AyMAI,
a0FHp00000zy7AzMAI,
a0FHp00000zy7B0MAI,
a0FHp00000zy7B1MAI,
a0FHp00000zy7B2MAI,
a0FHp00000zy7B3MAI,
a0FHp00000zy7B4MAI,
a0FHp00000zy7B5MAI,
a0FHp00000zy7B6MAI,
a0FHp00000zy7B7MAI,
a0FHp00000zy7B8MAI,
a0FHp00000zy7B9MAI,
a0FHp00000zy7BAMAY,
a0FHp00000zy7BBMAY,
a0FHp00000zy7BCMAY,
a0FHp00000zy7BDMAY,
a0FHp00000zy7BEMAY,
a0FHp00000zy7BFMAY,
a0FHp00000zy7BGMAY,
a0FHp00000zy7BHMAY,
a0FHp00000zy7BIMAY,
a0FHp00000zy7BJMAY,
a0FHp00000zy7BKMAY,
a0FHp00000zy7BLMAY,
a0FHp00000zy7BMMAY,
a0FHp00000zy7BNMAY,
a0FHp00000zy7BOMAY,
a0FHp00000zy7BPMAY,
a0FHp00000zy7BQMAY,
a0FHp00000zy7BRMAY,
a0FHp00000zy7BSMAY,
a0FHp00000zy7BTMAY,
a0FHp00000zy7BUMAY,
a0FHp00000zy7GBMAY,28451.48
a0FHp00000zy7GCMAY,28451.48
a0FHp00000zy7GDMAY,28451.48
a0FHp00000zy7GEMAY,
a0FHp00000zy7GFMAY,
a0FHp00000zy7GGMAY,
a0FHp00000zy7GHMAY,
a0FHp00000zy7GIMAY,
a0FHp00000zy7GJMAY,
a0FHp00000zy7GKMAY,
a0FHp00000zy7GLMAY,
a0FHp00000zy7GMMAY,
a0FHp00000zy7GNMAY,
a0FHp00000zy7GOMAY,
a0FHp00000zy7GPMAY,
a0FHp00000zy7GQMAY,
a0FHp00000zy7GRMAY,
a0FHp00000zy7GSMAY,
a0FHp00000zy7GTMAY,
a0FHp00000zy7GUMAY,
a0FHp00000zy7GVMAY,
a0FHp00000zy7GWMAY,
a0FHp00000zy7GXMAY,
a0FHp00000zy7GYMAY,
a0FHp00000zy7GZMAY,
a0FHp00000zy7GaMAI,
a0FHp00000zy7GbMAI,
a0FHp00000zy7GcMAI,
a0FHp00000zy7GdMAI,
a0FHp00000zy7GeMAI,
a0FHp00000zy7GfMAI,
a0FHp00000zy7GgMAI,
a0FHp00000zy7GhMAI,
a0FHp00000zy7GiMAI,
a0FHp00000zy7GjMAI,
a0FHp00000zy7GkMAI,
a0FHp00000zy7GlMAI,
a0FHp00000zy7GmMAI,
a0FHp00000zy7GnMAI,
a0FHp00000zy7GoMAI,
a0FHp00000zy7KNMAY,30875.76
a0FHp00000zy7KOMAY,30875.76
a0FHp00000zy7KPMAY,30875.76
a0FHp00000zy7KQMAY,30875.76
a0FHp00000zy7KRMAY,30875.76
a0FHp00000zy7KSMAY,30875.76
a0FHp00000zy7KTMAY,30875.76
a0FHp00000zy7KUMAY,30875.76
a0FHp00000zy7KVMAY,30875.76
a0FHp00000zy7KWMAY,30875.76
a0FHp00000zy7KXMAY,30875.76
a0FHp00000zy7KYMAY,30875.76
a0FHp00000zy7KZMAY,30875.76
a0FHp00000zy7KaMAI,30875.76
a0FHp00000zy7KbMAI,30875.76
a0FHp00000zy7KcMAI,30875.76
a0FHp00000zy7KdMAI,30875.76
a0FHp00000zy7KeMAI,30875.76
a0FHp00000zy7KfMAI,17967.72
a0FHp00000zy7KgMAI,
a0FHp00000zy7KhMAI,
a0FHp00000zy7KiMAI,
a0FHp00000zy7KjMAI,
a0FHp00000zy7KkMAI,
a0FHp00000zy7KlMAI,
a0FHp00000zy7KmMAI,
a0FHp00000zy7KnMAI,
a0FHp00000zy7KoMAI,
a0FHp00000zy7KpMAI,
a0FHp00000zy7KqMAI,
a0FHp00000zy7KrMAI,
a0FHp00000zy7KsMAI,
a0FHp00000zy7KtMAI,
a0FHp00000zy7KuMAI,
a0FHp00000zy7KvMAI,
a0FHp00000zy7KwMAI,
a0FHp00000zy7KxMAI,
a0FHp00000zy7KyMAI,
a0FHp00000zy7KzMAI,
a0FHp00000zy7L0MAI,
a0FHp00000zy7L1MAI,
a0FHp00000zy7L2MAI,
a0FHp00000zy7L3MAI,
a0FHp00000zy7L4MAI,
a0FHp00000zy7L5MAI,
a0FHp00000zy7L6MAI,
a0FHp00000zy7L7MAI,
a0FHp00000zy7L8MAI,
a0FHp00000zy7L9MAI,
a0FHp00000zy7LAMAY,
a0FHp00000zy7LBMAY,
a0FHp00000zy7LCMAY,
a0FHp00000zy7LDMAY,
a0FHp00000zy7LEMAY,
a0FHp00000zy7LFMAY,
a0FHp00000zy7ZeMAI,32972.8
a0FHp00000zy7ZfMAI,32972.8
a0FHp00000zy7ZgMAI,32972.8
a0FHp00000zy7ZhMAI,32972.8
a0FHp00000zy7ZiMAI,32972.8
a0FHp00000zy7ZjMAI,32972.8
a0FHp00000zy7ZkMAI,9148.2
a0FHp00000zy7ZlMAI,
a0FHp00000zy7ZmMAI,
a0FHp00000zy7ZnMAI,
a0FHp00000zy7ZoMAI,
a0FHp00000zy7ZpMAI,
a0FHp00000zy7ZqMAI,
a0FHp00000zy7ZrMAI,
a0FHp00000zy7ZsMAI,
a0FHp00000zy7ZtMAI,
a0FHp00000zy7ZuMAI,
a0FHp00000zy7ZvMAI,
a0FHp00000zy7ZwMAI,
a0FHp00000zy7ZxMAI,
a0FHp00000zy7ZyMAI,
a0FHp00000zy7ZzMAI,
a0FHp00000zy7a0MAA,
a0FHp00000zy7a1MAA,
a0FHp00000zy7a2MAA,
a0FHp00000zy7a3MAA,
a0FHp00000zy7a4MAA,
a0FHp00000zy7a5MAA,
a0FHp00000zy7a6MAA,
a0FHp00000zy7a7MAA,
a0FHp00000zy7a8MAA,
a0FHp00000zy7a9MAA,
a0FHp00000zy7aAMAQ,
a0FHp00000zy7aBMAQ,
a0FHp00000zy7aCMAQ,
a0FHp00000zy7aDMAQ,
a0FHp00000zy7aEMAQ,
a0FHp00000zy7aFMAQ,
a0FHp00000zy7aGMAQ,
a0FHp00000zy7aHMAQ,
a0FHp00000zy7aIMAQ,
a0FHp00000zy7aJMAQ,
a0FHp00000zy7aKMAQ,
a0FHp00000zy7emMAA,30999.82
a0FHp00000zy7enMAA,30999.82
a0FHp00000zy7eoMAA,30999.82
a0FHp00000zy7epMAA,30999.82
a0FHp00000zy7eqMAA,30999.82
a0FHp00000zy7erMAA,30999.82
a0FHp00000zy7esMAA,30999.82
a0FHp00000zy7etMAA,30999.82
a0FHp00000zy7euMAA,30999.82
a0FHp00000zy7evMAA,30999.82
a0FHp00000zy7ewMAA,30999.82
a0FHp00000zy7exMAA,30999.82
a0FHp00000zy7eyMAA,30999.82
a0FHp00000zy7ezMAA,30999.82
a0FHp00000zy7f0MAA,30999.82
a0FHp00000zy7f1MAA,30999.82
a0FHp00000zy7f2MAA,30999.82
a0FHp00000zy7f3MAA,30999.82
a0FHp00000zy7f4MAA,30999.82
a0FHp00000zy7f5MAA,4.08
a0FHp00000zy7f6MAA,
a0FHp00000zy7f7MAA,
a0FHp00000zy7f8MAA,
a0FHp00000zy7f9MAA,
a0FHp00000zy7fAMAQ,
a0FHp00000zy7fBMAQ,
a0FHp00000zy7fCMAQ,
a0FHp00000zy7fDMAQ,
a0FHp00000zy7fEMAQ,
a0FHp00000zy7fFMAQ,
a0FHp00000zy7fGMAQ,
a0FHp00000zy7fHMAQ,
a0FHp00000zy7fIMAQ,
a0FHp00000zy7fJMAQ,
a0FHp00000zy7fKMAQ,
a0FHp00000zy7fLMAQ,
a0FHp00000zy7fMMAQ,
a0FHp00000zy7fNMAQ,
a0FHp00000zy7fOMAQ,
a0FHp00000zy7fPMAQ,
a0FHp00000zy7fQMAQ,
a0FHp00000zy7fRMAQ,
a0FHp00000zy7fSMAQ,
a0FHp00000zy7fTMAQ,
a0FHp00000zy7fUMAQ,
a0FHp00000zy7fVMAQ,
a0FHp00000zy7fWMAQ,
a0FHp00000zy7fXMAQ,
a0FHp00000zy7fYMAQ,
a0FHp00000zy7fZMAQ,
a0FHp00000zy7faMAA,
a0FHp00000zy7fbMAA,
a0FHp00000zy7fcMAA,
a0FHp00000zy7fdMAA,
a0FHp00000zy7feMAA,
a0FHp00000zy7gYMAQ,31464.82
a0FHp00000zy7gZMAQ,31464.82
a0FHp00000zy7gaMAA,31464.82
a0FHp00000zy7gbMAA,31464.82
a0FHp00000zy7gcMAA,31464.82
a0FHp00000zy7gdMAA,31464.82
a0FHp00000zy7geMAA,31464.82
a0FHp00000zy7gfMAA,31464.82
a0FHp00000zy7ggMAA,31464.82
a0FHp00000zy7ghMAA,31464.82
a0FHp00000zy7giMAA,31464.82
a0FHp00000zy7gjMAA,31464.82
a0FHp00000zy7gkMAA,31464.82
a0FHp00000zy7glMAA,31464.82
a0FHp00000zy7gmMAA,31464.82
a0FHp00000zy7gnMAA,31464.82
a0FHp00000zy7goMAA,31464.82
a0FHp00000zy7gpMAA,31464.82
a0FHp00000zy7gqMAA,31464.82
a0FHp00000zy7grMAA,3.45
a0FHp00000zy7gsMAA,
a0FHp00000zy7gtMAA,
a0FHp00000zy7guMAA,
a0FHp00000zy7gvMAA,
a0FHp00000zy7gwMAA,
a0FHp00000zy7gxMAA,
a0FHp00000zy7gyMAA,
a0FHp00000zy7gzMAA,
a0FHp00000zy7h0MAA,
a0FHp00000zy7h1MAA,
a0FHp00000zy7h2MAA,
a0FHp00000zy7h3MAA,
a0FHp00000zy7h4MAA,
a0FHp00000zy7h5MAA,
a0FHp00000zy7h6MAA,
a0FHp00000zy7h7MAA,
a0FHp00000zy7h8MAA,
a0FHp00000zy7h9MAA,
a0FHp00000zy7hAMAQ,
a0FHp00000zy7hBMAQ,
a0FHp00000zy7hCMAQ,
a0FHp00000zy7hDMAQ,
a0FHp00000zy7hEMAQ,
a0FHp00000zy7hFMAQ,
a0FHp00000zy7hGMAQ,
a0FHp00000zy7hHMAQ,
a0FHp00000zy7hIMAQ,
a0FHp00000zy7hJMAQ,
a0FHp00000zy7hKMAQ,
a0FHp00000zy7hLMAQ,
a0FHp00000zy7hMMAQ,
a0FHp00000zy7hNMAQ,
a0FHp00000zy7hOMAQ,
a0FHp00000zy7hPMAQ,
a0FHp00000zy7hQMAQ,
a0FHp00000zy7hRMAQ,44285
a0FHp00000zy7hSMAQ,44285
a0FHp00000zy7hTMAQ,44285
a0FHp00000zy7hUMAQ,44285
a0FHp00000zy7hVMAQ,44285
a0FHp00000zy7hWMAQ,44285.04
a0FHp00000zy7hXMAQ,44285
a0FHp00000zy7hYMAQ,44285
a0FHp00000zy7hZMAQ,44285
a0FHp00000zy7haMAA,44285
a0FHp00000zy7hbMAA,44285.04
a0FHp00000zy7hcMAA,44285.04
a0FHp00000zy7hdMAA,44285.04
a0FHp00000zy7heMAA,44285.04
a0FHp00000zy7hfMAA,44285.04
a0FHp00000zy7hgMAA,44285.04
a0FHp00000zy7hhMAA,44285.04
a0FHp00000zy7hiMAA,44285.04
a0FHp00000zy7hjMAA,
a0FHp00000zy7hkMAA,
a0FHp00000zy7hlMAA,
a0FHp00000zy7hmMAA,
a0FHp00000zy7hnMAA,
a0FHp00000zy7hoMAA,
a0FHp00000zy7hpMAA,
a0FHp00000zy7hqMAA,
a0FHp00000zy7hrMAA,
a0FHp00000zy7hsMAA,
a0FHp00000zy7htMAA,
a0FHp00000zy7huMAA,
a0FHp00000zy7hvMAA,
a0FHp00000zy7hwMAA,
a0FHp00000zy7hxMAA,
a0FHp00000zy7hyMAA,
a0FHp00000zy7hzMAA,
a0FHp00000zy7i0MAA,
a0FHp00000zy7i1MAA,
a0FHp00000zy7i2MAA,
a0FHp00000zy7i3MAA,
a0FHp00000zy7i4MAA,
a0FHp00000zy7i5MAA,
a0FHp00000zy7i6MAA,
a0FHp00000zy7i7MAA,
a0FHp00000zy7i8MAA,
a0FHp00000zy7i9MAA,
a0FHp00000zy7iAMAQ,
a0FHp00000zy7iBMAQ,
a0FHp00000zy7iCMAQ,
a0FHp00000zy7iDMAQ,
a0FHp00000zy7iEMAQ,
a0FHp00000zy7iFMAQ,
a0FHp00000zy7iGMAQ,
a0FHp00000zy7iHMAQ,
a0FHp00000zy7iIMAQ,
a0FHp00000zy7iJMAQ,
a0FHp00000zy7iKMAQ,45708.96
a0FHp00000zy7iLMAQ,45708.96
a0FHp00000zy7iMMAQ,45708.96
a0FHp00000zy7iNMAQ,45708.96
a0FHp00000zy7iOMAQ,45708.96
a0FHp00000zy7iPMAQ,45708.96
a0FHp00000zy7iQMAQ,45708.96
a0FHp00000zy7iRMAQ,45708.96
a0FHp00000zy7iSMAQ,45708.96
a0FHp00000zy7iTMAQ,45708.96
a0FHp00000zy7iUMAQ,45708.96
a0FHp00000zy7iVMAQ,45708.96
a0FHp00000zy7iWMAQ,45708.96
a0FHp00000zy7iXMAQ,45708.96
a0FHp00000zy7iYMAQ,45708.96
a0FHp00000zy7iZMAQ,45708.96
a0FHp00000zy7iaMAA,45708.96
a0FHp00000zy7ibMAA,45708.96
a0FHp00000zy7icMAA,45708.96
a0FHp00000zy7idMAA,22854.48
a0FHp00000zy7ieMAA,22854.48
a0FHp00000zy7ifMAA,22854.48
a0FHp00000zy7igMAA,22854.48
a0FHp00000zy7ihMAA,22854.48
a0FHp00000zy7iiMAA,22854.48
a0FHp00000zy7ijMAA,22854.48
a0FHp00000zy7ikMAA,22854.48
a0FHp00000zy7ilMAA,22854.48
a0FHp00000zy7imMAA,22854.48
a0FHp00000zy7inMAA,22854.48
a0FHp00000zy7ioMAA,22854.48
a0FHp00000zy7ipMAA,22854.48
a0FHp00000zy7iqMAA,22854.48
a0FHp00000zy7irMAA,22854.48
a0FHp00000zy7isMAA,22854.48
a0FHp00000zy7itMAA,22854.48
a0FHp00000zy7iuMAA,22854.48
a0FHp00000zy7ivMAA,22854.48
a0FHp00000zy7iwMAA,22854.48
a0FHp00000zy7ixMAA,22854.48
a0FHp00000zy7iyMAA,22854.48
a0FHp00000zy7izMAA,22854.48
a0FHp00000zy7j0MAA,22854.48
a0FHp00000zy7j1MAA,22854.48
a0FHp00000zy7j2MAA,22854.48
a0FHp00000zy7j3MAA,22854.48
a0FHp00000zy7j4MAA,22854.48
a0FHp00000zy7j5MAA,22854.48
a0FHp00000zy7j6MAA,22854.48
a0FHp00000zy7j7MAA,5399.68
a0FHp00000zy7j8MAA,
a0FHp00000zy7j9MAA,
a0FHp00000zy7jAMAQ,
a0FHp00000zy7jBMAQ,
a0FHp00000zy7jCMAQ,
a0FHp00000zy7k6MAA,33103.9
a0FHp00000zy7k7MAA,33103.9
a0FHp00000zy7k8MAA,33103.9
a0FHp00000zy7k9MAA,33103.9
a0FHp00000zy7kAMAQ,33103.9
a0FHp00000zy7kBMAQ,33103.9
a0FHp00000zy7kCMAQ,33103.88
a0FHp00000zy7kDMAQ,33103.9
a0FHp00000zy7kEMAQ,33103.9
a0FHp00000zy7kFMAQ,33103.9
a0FHp00000zy7kGMAQ,33103.9
a0FHp00000zy7kHMAQ,33103.9
a0FHp00000zy7kIMAQ,33103.9
a0FHp00000zy7kJMAQ,33103.9
a0FHp00000zy7kKMAQ,33103.9
a0FHp00000zy7kLMAQ,33103.9
a0FHp00000zy7kMMAQ,33103.9
a0FHp00000zy7kNMAQ,33103.9
a0FHp00000zy7kOMAQ,33103.9
a0FHp00000zy7kPMAQ,16551.95
a0FHp00000zy7kQMAQ,16551.95
a0FHp00000zy7kRMAQ,16551.95
a0FHp00000zy7kSMAQ,16551.95
a0FHp00000zy7kTMAQ,16551.95
a0FHp00000zy7kUMAQ,16551.95
a0FHp00000zy7kVMAQ,16551.95
a0FHp00000zy7kWMAQ,16551.95
a0FHp00000zy7kXMAQ,16551.95
a0FHp00000zy7kYMAQ,16551.95
a0FHp00000zy7kZMAQ,16551.95
a0FHp00000zy7kaMAA,16521.95
a0FHp00000zy7kbMAA,
a0FHp00000zy7kcMAA,
a0FHp00000zy7kdMAA,
a0FHp00000zy7keMAA,
a0FHp00000zy7kfMAA,
a0FHp00000zy7kgMAA,
a0FHp00000zy7khMAA,
a0FHp00000zy7kiMAA,
a0FHp00000zy7kjMAA,
a0FHp00000zy7kkMAA,
a0FHp00000zy7klMAA,
a0FHp00000zy7kmMAA,
a0FHp00000zy7knMAA,
a0FHp00000zy7koMAA,
a0FHp00000zy7kpMAA,
a0FHp00000zy7kqMAA,
a0FHp00000zy7krMAA,
a0FHp00000zy7ksMAA,
a0FHp00000zy7ktMAA,
a0FHp00000zy7kuMAA,
a0FHp00000zy7kvMAA,
a0FHp00000zy7kwMAA,
a0FHp00000zy7kxMAA,
a0FHp00000zy7kyMAA,
a0FHp00000zy7lsMAA,
a0FHp00000zy7ltMAA,
a0FHp00000zy7luMAA,
a0FHp00000zy7lvMAA,
a0FHp00000zy7lwMAA,
a0FHp00000zy7lxMAA,
a0FHp00000zy7lyMAA,
a0FHp00000zy7lzMAA,
a0FHp00000zy7m0MAA,
a0FHp00000zy7m1MAA,
a0FHp00000zy7m2MAA,
a0FHp00000zy7m3MAA,
a0FHp00000zy7m4MAA,
a0FHp00000zy7m5MAA,
a0FHp00000zy7m6MAA,
a0FHp00000zy7m7MAA,
a0FHp00000zy7m8MAA,
a0FHp00000zy7m9MAA,
a0FHp00000zy7mAMAQ,
a0FHp00000zy7mBMAQ,
a0FHp00000zy7mCMAQ,
a0FHp00000zy7mDMAQ,
a0FHp00000zy7mEMAQ,
a0FHp00000zy7mFMAQ,
a0FHp00000zy7mGMAQ,
a0FHp00000zy7mHMAQ,
a0FHp00000zy7mIMAQ,
a0FHp00000zy7mJMAQ,
a0FHp00000zy7mKMAQ,
a0FHp00000zy7mLMAQ,
a0FHp00000zy7mMMAQ,
a0FHp00000zy7mNMAQ,
a0FHp00000zy7mOMAQ,
a0FHp00000zy7mPMAQ,
a0FHp00000zy7mQMAQ,
a0FHp00000zy7mRMAQ,
a0FHp00000zy7mSMAQ,
a0FHp00000zy7mTMAQ,
a0FHp00000zy7mUMAQ,
a0FHp00000zy7mVMAQ,
a0FHp00000zy7mWMAQ,
a0FHp00000zy7mXMAQ,
a0FHp00000zy7mYMAQ,
a0FHp00000zy7mZMAQ,
a0FHp00000zy7maMAA,
a0FHp00000zy7mbMAA,
a0FHp00000zy7mcMAA,
a0FHp00000zy7mdMAA,
a0FHp00000zy7meMAA,
a0FHp00000zy7mfMAA,
a0FHp00000zy7mgMAA,
a0FHp00000zy7mhMAA,
a0FHp00000zy7miMAA,
a0FHp00000zy7mjMAA,
a0FHp00000zy7mkMAA,
a0FHp00000zy7mlMAA,65177.7
a0FHp00000zy7mmMAA,65177.7
a0FHp00000zy7mnMAA,65177.7
a0FHp00000zy7moMAA,65177.7
a0FHp00000zy7mpMAA,65177.7
a0FHp00000zy7mqMAA,65177.7
a0FHp00000zy7mrMAA,65177.7
a0FHp00000zy7msMAA,65177.7
a0FHp00000zy7mtMAA,65177.7
a0FHp00000zy7muMAA,65177.7
a0FHp00000zy7mvMAA,65177.7
a0FHp00000zy7mwMAA,65177.7
a0FHp00000zy7mxMAA,65177.7
a0FHp00000zy7myMAA,65177.7
a0FHp00000zy7mzMAA,65177.7
a0FHp00000zy7n0MAA,65177.7
a0FHp00000zy7n1MAA,65177.7
a0FHp00000zy7n2MAA,65177.7
a0FHp00000zy7n3MAA,2775.9
a0FHp00000zy7n4MAA,
a0FHp00000zy7n5MAA,
a0FHp00000zy7n6MAA,
a0FHp00000zy7n7MAA,
a0FHp00000zy7n8MAA,
a0FHp00000zy7n9MAA,
a0FHp00000zy7nAMAQ,
a0FHp00000zy7nBMAQ,
a0FHp00000zy7nCMAQ,
a0FHp00000zy7nDMAQ,
a0FHp00000zy7nEMAQ,
a0FHp00000zy7nFMAQ,
a0FHp00000zy7nGMAQ,
a0FHp00000zy7nHMAQ,
a0FHp00000zy7nIMAQ,
a0FHp00000zy7nJMAQ,
a0FHp00000zy7nKMAQ,
a0FHp00000zy7nLMAQ,
a0FHp00000zy7nMMAQ,
a0FHp00000zy7nNMAQ,
a0FHp00000zy7nOMAQ,
a0FHp00000zy7nPMAQ,
a0FHp00000zy7nQMAQ,
a0FHp00000zy7nRMAQ,
a0FHp00000zy7nSMAQ,
a0FHp00000zy7nTMAQ,
a0FHp00000zy7nUMAQ,
a0FHp00000zy7nVMAQ,
a0FHp00000zy7nWMAQ,
a0FHp00000zy7nXMAQ,
a0FHp00000zy7nYMAQ,
a0FHp00000zy7nZMAQ,
a0FHp00000zy7naMAA,
a0FHp00000zy7nbMAA,
a0FHp00000zy7ncMAA,
a0FHp00000zy7ndMAA,
a0FHp00000zy7neMAA,27495.9
a0FHp00000zy7nfMAA,27495.9
a0FHp00000zy7ngMAA,27495.9
a0FHp00000zy7nhMAA,27495.9
a0FHp00000zy7niMAA,27495.9
a0FHp00000zy7njMAA,27495.9
a0FHp00000zy7nkMAA,27495.9
a0FHp00000zy7nlMAA,27495.9
a0FHp00000zy7nmMAA,27495.9
a0FHp00000zy7nnMAA,27495.9
a0FHp00000zy7noMAA,27495.9
a0FHp00000zy7npMAA,27495.9
a0FHp00000zy7nqMAA,27495.9
a0FHp00000zy7nrMAA,27495.9
a0FHp00000zy7nsMAA,27495.9
a0FHp00000zy7ntMAA,27495.9
a0FHp00000zy7nuMAA,27495.9
a0FHp00000zy7nvMAA,27495.9
a0FHp00000zy7nwMAA,27489.9
a0FHp00000zy7nxMAA,
a0FHp00000zy7nyMAA,
a0FHp00000zy7nzMAA,
a0FHp00000zy7o0MAA,
a0FHp00000zy7o1MAA,
a0FHp00000zy7o2MAA,
a0FHp00000zy7o3MAA,
a0FHp00000zy7o4MAA,
a0FHp00000zy7o5MAA,
a0FHp00000zy7o6MAA,
a0FHp00000zy7o7MAA,
a0FHp00000zy7o8MAA,
a0FHp00000zy7o9MAA,
a0FHp00000zy7oAMAQ,
a0FHp00000zy7oBMAQ,
a0FHp00000zy7oCMAQ,
a0FHp00000zy7oDMAQ,
a0FHp00000zy7oEMAQ,
a0FHp00000zy7oFMAQ,
a0FHp00000zy7oGMAQ,
a0FHp00000zy7oHMAQ,
a0FHp00000zy7oIMAQ,
a0FHp00000zy7oJMAQ,
a0FHp00000zy7oKMAQ,
a0FHp00000zy7oLMAQ,
a0FHp00000zy7oMMAQ,
a0FHp00000zy7oNMAQ,
a0FHp00000zy7oOMAQ,
a0FHp00000zy7oPMAQ,
a0FHp00000zy7oQMAQ,
a0FHp00000zy7oRMAQ,
a0FHp00000zy7oSMAQ,
a0FHp00000zy7oTMAQ,
a0FHp00000zy7oUMAQ,
a0FHp00000zy7oVMAQ,
a0FHp00000zy7oWMAQ,
a0FHp00000zy7pQMAQ,345769.7
a0FHp00000zy7pRMAQ,345820
a0FHp00000zy7pSMAQ,345819.7
a0FHp00000zy7pUMAQ,69123.94
a0FHp00000zy7pVMAQ,69123.94
a0FHp00000zy7pWMAQ,69123.94
a0FHp00000zy7pXMAQ,69124
a0FHp00000zy7pYMAQ,69134
a0FHp00000zy7pZMAQ,69174
a0FHp00000zy7paMAA,69123.94
a0FHp00000zy7pbMAA,69133.94
a0FHp00000zy7pcMAA,69173.94
a0FHp00000zy7pdMAA,69173.94
a0FHp00000zy7peMAA,69123.94
a0FHp00000zy7pfMAA,69173.94
a0FHp00000zy7pgMAA,69123.94
a0FHp00000zy7phMAA,69133.94
a0FHp00000zy7piMAA,
a0FHp00000zy7pjMAA,
a0FHp00000zy7pkMAA,
a0FHp00000zy7plMAA,
a0FHp00000zy7pmMAA,
a0FHp00000zy7pnMAA,
a0FHp00000zy7poMAA,
a0FHp00000zy7ppMAA,
a0FHp00000zy7pqMAA,
a0FHp00000zy7prMAA,
a0FHp00000zy7psMAA,
a0FHp00000zy7ptMAA,
a0FHp00000zy7puMAA,
a0FHp00000zy7pvMAA,
a0FHp00000zy7pwMAA,
a0FHp00000zy7pxMAA,
a0FHp00000zy7pyMAA,
a0FHp00000zy7pzMAA,
a0FHp00000zy7q0MAA,
a0FHp00000zy7q1MAA,
a0FHp00000zy7q2MAA,
a0FHp00000zy7q3MAA,
a0FHp00000zy7q4MAA,
a0FHp00000zy7q5MAA,
a0FHp00000zy7q6MAA,
a0FHp00000zy7q7MAA,
a0FHp00000zy7q8MAA,
a0FHp00000zy7q9MAA,
a0FHp00000zy7qAMAQ,
a0FHp00000zy7qBMAQ,
a0FHp00000zy7qCMAQ,
a0FHp00000zy7qDMAQ,
a0FHp00000zy7qEMAQ,
a0FHp00000zy7qFMAQ,
a0FHp00000zy7qGMAQ,
a0FHp00000zy7qHMAQ,
a0FHp00000zy7qIMAQ,
a0FHp00000zy7qJMAQ,26575.46
a0FHp00000zy7qKMAQ,26575.46
a0FHp00000zy7qLMAQ,26575.46
a0FHp00000zy7qMMAQ,26575.46
a0FHp00000zy7qNMAQ,26575.46
a0FHp00000zy7qOMAQ,26575.46
a0FHp00000zy7qPMAQ,26575.46
a0FHp00000zy7qQMAQ,26575.46
a0FHp00000zy7qRMAQ,26575.46
a0FHp00000zy7qSMAQ,26575.46
a0FHp00000zy7qTMAQ,26575.46
a0FHp00000zy7qUMAQ,26575.46
a0FHp00000zy7qVMAQ,26575.46
a0FHp00000zy7qWMAQ,26575.46
a0FHp00000zy7qXMAQ,26575.46
a0FHp00000zy7qYMAQ,26575.46
a0FHp00000zy7qZMAQ,26575.46
a0FHp00000zy7qaMAA,23188.14
a0FHp00000zy7qbMAA,
a0FHp00000zy7qcMAA,
a0FHp00000zy7qdMAA,
a0FHp00000zy7qeMAA,
a0FHp00000zy7qfMAA,
a0FHp00000zy7qgMAA,
a0FHp00000zy7qhMAA,
a0FHp00000zy7qiMAA,
a0FHp00000zy7qjMAA,
a0FHp00000zy7qkMAA,
a0FHp00000zy7qlMAA,
a0FHp00000zy7qmMAA,
a0FHp00000zy7qnMAA,
a0FHp00000zy7qoMAA,
a0FHp00000zy7qpMAA,
a0FHp00000zy7qqMAA,
a0FHp00000zy7qrMAA,
a0FHp00000zy7qsMAA,
a0FHp00000zy7qtMAA,
a0FHp00000zy7quMAA,
a0FHp00000zy7qvMAA,
a0FHp00000zy7qwMAA,
a0FHp00000zy7qxMAA,
a0FHp00000zy7qyMAA,
a0FHp00000zy7qzMAA,
a0FHp00000zy7r0MAA,
a0FHp00000zy7r1MAA,
a0FHp00000zy7r2MAA,
a0FHp00000zy7r3MAA,
a0FHp00000zy7r4MAA,
a0FHp00000zy7r5MAA,
a0FHp00000zy7r6MAA,
a0FHp00000zy7r7MAA,
a0FHp00000zy7r8MAA,
a0FHp00000zy7r9MAA,
a0FHp00000zy7rAMAQ,
a0FHp00000zy7rBMAQ,
a0FHp00000zy7rEMAQ,31050.42
a0FHp00000zy7rFMAQ,31050.42
a0FHp00000zy7rGMAQ,31050.42
a0FHp00000zy7rHMAQ,31050.42
a0FHp00000zy7rIMAQ,31050.42
a0FHp00000zy7rJMAQ,31050.42
a0FHp00000zy7rKMAQ,31050.42
a0FHp00000zy7rLMAQ,31050.42
a0FHp00000zy7rMMAQ,31050.42
a0FHp00000zy7rNMAQ,31050.42
a0FHp00000zy7rOMAQ,31050.42
a0FHp00000zy7rPMAQ,31050.42
a0FHp00000zy7rQMAQ,31050.42
a0FHp00000zy7rRMAQ,31050.42
a0FHp00000zy7rSMAQ,31050.42
a0FHp00000zy7rTMAQ,31050.42
a0FHp00000zy7rUMAQ,0.84
a0FHp00000zy7rVMAQ,
a0FHp00000zy7rWMAQ,
a0FHp00000zy7rXMAQ,
a0FHp00000zy7rYMAQ,
a0FHp00000zy7rZMAQ,
a0FHp00000zy7raMAA,
a0FHp00000zy7rbMAA,
a0FHp00000zy7rcMAA,
a0FHp00000zy7rdMAA,
a0FHp00000zy7reMAA,
a0FHp00000zy7rfMAA,
a0FHp00000zy7rgMAA,
a0FHp00000zy7rhMAA,
a0FHp00000zy7riMAA,
a0FHp00000zy7rjMAA,
a0FHp00000zy7rkMAA,
a0FHp00000zy7rlMAA,
a0FHp00000zy7rmMAA,
a0FHp00000zy7rnMAA,
a0FHp00000zy7roMAA,
a0FHp00000zy7rpMAA,
a0FHp00000zy7rqMAA,
a0FHp00000zy7rrMAA,
a0FHp00000zy7rsMAA,
a0FHp00000zy7rtMAA,
a0FHp00000zy7ruMAA,
a0FHp00000zy7rvMAA,
a0FHp00000zy7rwMAA,
a0FHp00000zy7rxMAA,
a0FHp00000zy7ryMAA,
a0FHp00000zy7rzMAA,
a0FHp00000zy7s0MAA,
a0FHp00000zy7s1MAA,
a0FHp00000zy7s2MAA,
a0FHp00000zy7s3MAA,
a0FHp00000zy7s4MAA,
a0FHp00000zy7s5MAA,46823.82
a0FHp00000zy7s6MAA,46823.82
a0FHp00000zy7s7MAA,46823.82
a0FHp00000zy7s8MAA,46823.82
a0FHp00000zy7s9MAA,46823.82
a0FHp00000zy7sAMAQ,46823.82
a0FHp00000zy7sBMAQ,46823.82
a0FHp00000zy7sCMAQ,46823.82
a0FHp00000zy7sDMAQ,46823.82
a0FHp00000zy7sEMAQ,46823.82
a0FHp00000zy7sFMAQ,46823.82
a0FHp00000zy7sGMAQ,46823.82
a0FHp00000zy7sHMAQ,46823.82
a0FHp00000zy7sIMAQ,46823.82
a0FHp00000zy7sJMAQ,46823.82
a0FHp00000zy7sKMAQ,46823.82
a0FHp00000zy7sLMAQ,46823.82
a0FHp00000zy7sMMAQ,46823.82
a0FHp00000zy7sNMAQ,46823.82
a0FHp00000zy7sOMAQ,46.12
a0FHp00000zy7sPMAQ,
a0FHp00000zy7sQMAQ,
a0FHp00000zy7sRMAQ,
a0FHp00000zy7sSMAQ,
a0FHp00000zy7sTMAQ,
a0FHp00000zy7sUMAQ,
a0FHp00000zy7sVMAQ,
a0FHp00000zy7sWMAQ,
a0FHp00000zy7sXMAQ,
a0FHp00000zy7sYMAQ,
a0FHp00000zy7sZMAQ,
a0FHp00000zy7saMAA,
a0FHp00000zy7sbMAA,
a0FHp00000zy7scMAA,
a0FHp00000zy7sdMAA,
a0FHp00000zy7seMAA,
a0FHp00000zy7sfMAA,
a0FHp00000zy7sgMAA,
a0FHp00000zy7shMAA,
a0FHp00000zy7siMAA,
a0FHp00000zy7sjMAA,
a0FHp00000zy7skMAA,
a0FHp00000zy7slMAA,
a0FHp00000zy7smMAA,
a0FHp00000zy7snMAA,
a0FHp00000zy7soMAA,
a0FHp00000zy7spMAA,
a0FHp00000zy7sqMAA,
a0FHp00000zy7srMAA,
a0FHp00000zy7ssMAA,
a0FHp00000zy7stMAA,
a0FHp00000zy7suMAA,
a0FHp00000zy7svMAA,
a0FHp00000zy7swMAA,
a0FHp00000zy7sxMAA,
a0FHp00000zy7syMAA,30010.46
a0FHp00000zy7szMAA,30010.46
a0FHp00000zy7t0MAA,22560
a0FHp00000zy7t1MAA,
a0FHp00000zy7t2MAA,
a0FHp00000zy7t3MAA,
a0FHp00000zy7t4MAA,4383.38
a0FHp00000zy7t5MAA,
a0FHp00000zy7t6MAA,
a0FHp00000zy7t7MAA,
a0FHp00000zy7t8MAA,
a0FHp00000zy7t9MAA,
a0FHp00000zy7tAMAQ,
a0FHp00000zy7tBMAQ,
a0FHp00000zy7tCMAQ,
a0FHp00000zy7tDMAQ,
a0FHp00000zy7tEMAQ,
a0FHp00000zy7tFMAQ,
a0FHp00000zy7tGMAQ,
a0FHp00000zy7tHMAQ,
a0FHp00000zy7tIMAQ,
a0FHp00000zy7tJMAQ,
a0FHp00000zy7tKMAQ,
a0FHp00000zy7tLMAQ,
a0FHp00000zy7tMMAQ,
a0FHp00000zy7tNMAQ,
a0FHp00000zy7tOMAQ,
a0FHp00000zy7tPMAQ,
a0FHp00000zy7tQMAQ,
a0FHp00000zy7tRMAQ,
a0FHp00000zy7tSMAQ,
a0FHp00000zy7tTMAQ,
a0FHp00000zy7tUMAQ,
a0FHp00000zy7tVMAQ,
a0FHp00000zy7tWMAQ,
a0FHp00000zy7tXMAQ,
a0FHp00000zy7tYMAQ,
a0FHp00000zy7tZMAQ,
a0FHp00000zy7taMAA,
a0FHp00000zy7tbMAA,
a0FHp00000zy7tcMAA,
a0FHp00000zy7tdMAA,
a0FHp00000zy7teMAA,
a0FHp00000zy7tfMAA,
a0FHp00000zy7tgMAA,
a0FHp00000zy7thMAA,
a0FHp00000zy7tiMAA,
a0FHp00000zy7tjMAA,
a0FHp00000zy7tkMAA,
a0FHp00000zy7tlMAA,
a0FHp00000zy7tmMAA,
a0FHp00000zy7tnMAA,
a0FHp00000zy7toMAA,
a0FHp00000zy7tpMAA,
a0FHp00000zy7tqMAA,
a0FHp00000zy7vdMAA,29652.58
a0FHp00000zy7veMAA,29652.58
a0FHp00000zy7vfMAA,29629.74
a0FHp00000zy7vgMAA,29652.58
a0FHp00000zy7vhMAA,29652.58
a0FHp00000zy7viMAA,29652.58
a0FHp00000zy7vjMAA,29652.58
a0FHp00000zy7vkMAA,29652.58
a0FHp00000zy7vlMAA,29652.58
a0FHp00000zy7vmMAA,29652.58
a0FHp00000zy7vnMAA,29652.58
a0FHp00000zy7voMAA,29652.58
a0FHp00000zy7vpMAA,29652.58
a0FHp00000zy7vqMAA,29652.58
a0FHp00000zy7vrMAA,29652.28
a0FHp00000zy7vsMAA,29652.58
a0FHp00000zy7vtMAA,29652.38
a0FHp00000zy7vuMAA,29652.58
a0FHp00000zy7vvMAA,29652.58
a0FHp00000zy7vwMAA,
a0FHp00000zy7vxMAA,
a0FHp00000zy7vyMAA,
a0FHp00000zy7vzMAA,
a0FHp00000zy7w0MAA,
a0FHp00000zy7w1MAA,
a0FHp00000zy7w2MAA,
a0FHp00000zy7w3MAA,
a0FHp00000zy7w4MAA,
a0FHp00000zy7w5MAA,
a0FHp00000zy7w6MAA,
a0FHp00000zy7w7MAA,
a0FHp00000zy7w8MAA,
a0FHp00000zy7w9MAA,
a0FHp00000zy7wAMAQ,
a0FHp00000zy7wBMAQ,
a0FHp00000zy7wCMAQ,
a0FHp00000zy7wDMAQ,
a0FHp00000zy7wEMAQ,
a0FHp00000zy7wFMAQ,
a0FHp00000zy7wGMAQ,
a0FHp00000zy7wHMAQ,
a0FHp00000zy7wIMAQ,
a0FHp00000zy7wJMAQ,
a0FHp00000zy7wKMAQ,
a0FHp00000zy7wLMAQ,
a0FHp00000zy7wMMAQ,
a0FHp00000zy7wNMAQ,
a0FHp00000zy7wOMAQ,
a0FHp00000zy7wPMAQ,
a0FHp00000zy7wQMAQ,
a0FHp00000zy7wRMAQ,
a0FHp00000zy7wSMAQ,
a0FHp00000zy7wTMAQ,
a0FHp00000zy7wUMAQ,
a0FHp00000zy7wVMAQ,
a0FHp00000zy804MAA,161008.56
a0FHp00000zy805MAA,26834.76
a0FHp00000zy806MAA,26834.76
a0FHp00000zy807MAA,26834.76
a0FHp00000zy808MAA,26834.76
a0FHp00000zy809MAA,26834.76
a0FHp00000zy80AMAQ,26834.76
a0FHp00000zy80BMAQ,26834.76
a0FHp00000zy80CMAQ,26834.76
a0FHp00000zy80DMAQ,26834.76
a0FHp00000zy80EMAQ,26834.76
a0FHp00000zy80FMAQ,26834.76
a0FHp00000zy80GMAQ,26834.76
a0FHp00000zy80HMAQ,26834.76
a0FHp00000zy80IMAQ,26834.76
a0FHp00000zy80JMAQ,26834.76
a0FHp00000zy80KMAQ,26834.76
a0FHp00000zy80LMAQ,
a0FHp00000zy80MMAQ,
a0FHp00000zy80NMAQ,
a0FHp00000zy80OMAQ,
a0FHp00000zy80PMAQ,
a0FHp00000zy80QMAQ,
a0FHp00000zy80RMAQ,
a0FHp00000zy80SMAQ,
a0FHp00000zy80TMAQ,
a0FHp00000zy80UMAQ,
a0FHp00000zy80VMAQ,
a0FHp00000zy80WMAQ,
a0FHp00000zy80XMAQ,
a0FHp00000zy80YMAQ,
a0FHp00000zy80ZMAQ,
a0FHp00000zy80aMAA,
a0FHp00000zy80bMAA,
a0FHp00000zy80cMAA,
a0FHp00000zy80dMAA,
a0FHp00000zy80eMAA,
a0FHp00000zy80fMAA,
a0FHp00000zy80gMAA,
a0FHp00000zy80hMAA,
a0FHp00000zy80iMAA,
a0FHp00000zy80jMAA,
a0FHp00000zy80kMAA,
a0FHp00000zy80lMAA,
a0FHp00000zy80mMAA,
a0FHp00000zy80nMAA,
a0FHp00000zy80oMAA,
a0FHp00000zy80pMAA,
a0FHp00000zy80qMAA,
a0FHp00000zy80rMAA,
a0FHp00000zy80sMAA,
a0FHp00000zy80tMAA,
a0FHp00000zy80uMAA,
a0FHp00000zy80vMAA,
a0FHp00000zy80wMAA,
a0FHp00000zy80xMAA,27634.68
a0FHp00000zy80yMAA,27634.68
a0FHp00000zy80zMAA,27634.68
a0FHp00000zy810MAA,27634.68
a0FHp00000zy811MAA,27634.68
a0FHp00000zy812MAA,27634.68
a0FHp00000zy813MAA,27634.68
a0FHp00000zy814MAA,27634.68
a0FHp00000zy815MAA,27634.68
a0FHp00000zy816MAA,27634.68
a0FHp00000zy817MAA,27634.68
a0FHp00000zy818MAA,3.12
a0FHp00000zy819MAA,
a0FHp00000zy81AMAQ,
a0FHp00000zy81BMAQ,
a0FHp00000zy81CMAQ,
a0FHp00000zy81DMAQ,
a0FHp00000zy81EMAQ,
a0FHp00000zy81FMAQ,
a0FHp00000zy81GMAQ,
a0FHp00000zy81HMAQ,
a0FHp00000zy81IMAQ,
a0FHp00000zy81JMAQ,
a0FHp00000zy81KMAQ,
a0FHp00000zy81LMAQ,
a0FHp00000zy81MMAQ,
a0FHp00000zy81NMAQ,
a0FHp00000zy81OMAQ,
a0FHp00000zy81PMAQ,
a0FHp00000zy81QMAQ,
a0FHp00000zy81RMAQ,
a0FHp00000zy81SMAQ,
a0FHp00000zy81TMAQ,
a0FHp00000zy81UMAQ,
a0FHp00000zy81VMAQ,
a0FHp00000zy81WMAQ,
a0FHp00000zy81XMAQ,
a0FHp00000zy81YMAQ,
a0FHp00000zy81ZMAQ,
a0FHp00000zy81aMAA,
a0FHp00000zy81bMAA,
a0FHp00000zy81cMAA,
a0FHp00000zy81dMAA,
a0FHp00000zy81eMAA,
a0FHp00000zy81fMAA,
a0FHp00000zy81gMAA,
a0FHp00000zy81hMAA,
a0FHp00000zy81iMAA,
a0FHp00000zy81jMAA,
a0FHp00000zy81kMAA,
a0FHp00000zy81lMAA,
a0FHp00000zy81mMAA,
a0FHp00000zy81nMAA,
a0FHp00000zy81oMAA,
a0FHp00000zy81pMAA,
a0FHp00000zy81qMAA,31460.22
a0FHp00000zy81rMAA,31460.22
a0FHp00000zy81sMAA,31460.22
a0FHp00000zy81tMAA,31460.22
a0FHp00000zy81uMAA,31460.22
a0FHp00000zy81vMAA,31460.22
a0FHp00000zy81wMAA,31460.22
a0FHp00000zy81xMAA,31460.22
a0FHp00000zy81yMAA,31460.22
a0FHp00000zy81zMAA,31460.22
a0FHp00000zy820MAA,31460.22
a0FHp00000zy821MAA,31460.22
a0FHp00000zy822MAA,31460.22
a0FHp00000zy823MAA,31460.22
a0FHp00000zy824MAA,31460.22
a0FHp00000zy825MAA,31460.22
a0FHp00000zy826MAA,31460.22
a0FHp00000zy827MAA,31460.22
a0FHp00000zy828MAA,31408.74
a0FHp00000zy829MAA,
a0FHp00000zy82AMAQ,
a0FHp00000zy82BMAQ,
a0FHp00000zy82CMAQ,
a0FHp00000zy82DMAQ,
a0FHp00000zy82EMAQ,
a0FHp00000zy82FMAQ,
a0FHp00000zy82GMAQ,
a0FHp00000zy82HMAQ,
a0FHp00000zy82IMAQ,
a0FHp00000zy82JMAQ,
a0FHp00000zy82KMAQ,
a0FHp00000zy82LMAQ,
a0FHp00000zy82MMAQ,
a0FHp00000zy82NMAQ,
a0FHp00000zy82OMAQ,
a0FHp00000zy82PMAQ,
a0FHp00000zy82QMAQ,
a0FHp00000zy82RMAQ,
a0FHp00000zy82SMAQ,
a0FHp00000zy82TMAQ,
a0FHp00000zy82UMAQ,
a0FHp00000zy82VMAQ,
a0FHp00000zy82WMAQ,
a0FHp00000zy82XMAQ,
a0FHp00000zy82YMAQ,
a0FHp00000zy82ZMAQ,
a0FHp00000zy82aMAA,
a0FHp00000zy82bMAA,
a0FHp00000zy82cMAA,
a0FHp00000zy82dMAA,
a0FHp00000zy82eMAA,
a0FHp00000zy82fMAA,
a0FHp00000zy82gMAA,
a0FHp00000zy82hMAA,
a0FHp00000zy82iMAA,
a0FHp00000zy83cMAA,26265.12
a0FHp00000zy83dMAA,26265.12
a0FHp00000zy83eMAA,26265.12
a0FHp00000zy83fMAA,26265.12
a0FHp00000zy83gMAA,26265.12
a0FHp00000zy83hMAA,26265.12
a0FHp00000zy83iMAA,26265.12
a0FHp00000zy83jMAA,26265.12
a0FHp00000zy83kMAA,26265.12
a0FHp00000zy83lMAA,26265.12
a0FHp00000zy83mMAA,26265.12
a0FHp00000zy83nMAA,26265.12
a0FHp00000zy83oMAA,26265.12
a0FHp00000zy83pMAA,26265.12
a0FHp00000zy83qMAA,26265.12
a0FHp00000zy83rMAA,26265.12
a0FHp00000zy83sMAA,26265.12
a0FHp00000zy83tMAA,26265.12
a0FHp00000zy83uMAA,8494.04
a0FHp00000zy83vMAA,
a0FHp00000zy83wMAA,
a0FHp00000zy83xMAA,
a0FHp00000zy83yMAA,
a0FHp00000zy83zMAA,
a0FHp00000zy840MAA,
a0FHp00000zy841MAA,
a0FHp00000zy842MAA,
a0FHp00000zy843MAA,
a0FHp00000zy844MAA,
a0FHp00000zy845MAA,
a0FHp00000zy846MAA,
a0FHp00000zy847MAA,
a0FHp00000zy848MAA,
a0FHp00000zy849MAA,
a0FHp00000zy84AMAQ,
a0FHp00000zy84BMAQ,
a0FHp00000zy84CMAQ,
a0FHp00000zy84DMAQ,
a0FHp00000zy84EMAQ,
a0FHp00000zy84FMAQ,
a0FHp00000zy84GMAQ,
a0FHp00000zy84HMAQ,
a0FHp00000zy84IMAQ,
a0FHp00000zy84JMAQ,
a0FHp00000zy84KMAQ,
a0FHp00000zy84LMAQ,
a0FHp00000zy84MMAQ,
a0FHp00000zy84NMAQ,
a0FHp00000zy84OMAQ,
a0FHp00000zy84PMAQ,
a0FHp00000zy84QMAQ,
a0FHp00000zy84RMAQ,
a0FHp00000zy84SMAQ,
a0FHp00000zy84TMAQ,
a0FHp00000zy84UMAQ,
a0FHp00000zy86HMAQ,32549.82
a0FHp00000zy86IMAQ,32549.82
a0FHp00000zy86JMAQ,32549.82
a0FHp00000zy86KMAQ,32549.82
a0FHp00000zy86LMAQ,32549.82
a0FHp00000zy86MMAQ,32549.82
a0FHp00000zy86NMAQ,32549.82
a0FHp00000zy86OMAQ,32549.82
a0FHp00000zy86PMAQ,32549.82
a0FHp00000zy86QMAQ,32549.82
a0FHp00000zy86RMAQ,32549.82
a0FHp00000zy86SMAQ,32549.82
a0FHp00000zy86TMAQ,32549.82
a0FHp00000zy86UMAQ,32549.82
a0FHp00000zy86VMAQ,32549.82
a0FHp00000zy86WMAQ,32549.82
a0FHp00000zy86XMAQ,32549.82
a0FHp00000zy86YMAQ,32549.82
a0FHp00000zy86ZMAQ,32549.82
a0FHp00000zy86aMAA,3.12
a0FHp00000zy86bMAA,
a0FHp00000zy86cMAA,
a0FHp00000zy86dMAA,
a0FHp00000zy86eMAA,
a0FHp00000zy86fMAA,
a0FHp00000zy86gMAA,
a0FHp00000zy86hMAA,
a0FHp00000zy86iMAA,
a0FHp00000zy86jMAA,
a0FHp00000zy86kMAA,
a0FHp00000zy86lMAA,
a0FHp00000zy86mMAA,
a0FHp00000zy86nMAA,
a0FHp00000zy86oMAA,
a0FHp00000zy86pMAA,
a0FHp00000zy86qMAA,
a0FHp00000zy86rMAA,
a0FHp00000zy86sMAA,
a0FHp00000zy86tMAA,
a0FHp00000zy86uMAA,
a0FHp00000zy86vMAA,
a0FHp00000zy86wMAA,
a0FHp00000zy86xMAA,
a0FHp00000zy86yMAA,
a0FHp00000zy86zMAA,
a0FHp00000zy870MAA,
a0FHp00000zy871MAA,
a0FHp00000zy872MAA,
a0FHp00000zy873MAA,
a0FHp00000zy874MAA,
a0FHp00000zy875MAA,
a0FHp00000zy876MAA,
a0FHp00000zy877MAA,
a0FHp00000zy878MAA,
a0FHp00000zy879MAA,
a0FHp00000zy87AMAQ,29402.76
a0FHp00000zy87BMAQ,29402.76
a0FHp00000zy87CMAQ,29402.76
a0FHp00000zy87DMAQ,29402.76
a0FHp00000zy87EMAQ,29402.76
a0FHp00000zy87FMAQ,29402.76
a0FHp00000zy87GMAQ,29402.76
a0FHp00000zy87HMAQ,29402.76
a0FHp00000zy87IMAQ,29402.76
a0FHp00000zy87JMAQ,29402.76
a0FHp00000zy87KMAQ,29402.76
a0FHp00000zy87LMAQ,29402.76
a0FHp00000zy87MMAQ,29402.76
a0FHp00000zy87NMAQ,29402.76
a0FHp00000zy87OMAQ,29402.76
a0FHp00000zy87PMAQ,29402.76
a0FHp00000zy87QMAQ,29402.76
a0FHp00000zy87RMAQ,29402.76
a0FHp00000zy87SMAQ,29402.76
a0FHp00000zy87TMAQ,14701.38
a0FHp00000zy87UMAQ,14701.38
a0FHp00000zy87VMAQ,14701.38
a0FHp00000zy87WMAQ,14701.38
a0FHp00000zy87XMAQ,14701.38
a0FHp00000zy87YMAQ,14701.38
a0FHp00000zy87ZMAQ,
a0FHp00000zy87aMAA,
a0FHp00000zy87bMAA,
a0FHp00000zy87cMAA,
a0FHp00000zy87dMAA,
a0FHp00000zy87eMAA,
a0FHp00000zy87fMAA,
a0FHp00000zy87gMAA,
a0FHp00000zy87hMAA,
a0FHp00000zy87iMAA,
a0FHp00000zy87jMAA,
a0FHp00000zy87kMAA,
a0FHp00000zy87lMAA,
a0FHp00000zy87mMAA,
a0FHp00000zy87nMAA,
a0FHp00000zy87oMAA,
a0FHp00000zy87pMAA,
a0FHp00000zy87qMAA,
a0FHp00000zy87rMAA,
a0FHp00000zy87sMAA,
a0FHp00000zy87tMAA,
a0FHp00000zy87uMAA,
a0FHp00000zy87vMAA,
a0FHp00000zy87wMAA,
a0FHp00000zy87xMAA,
a0FHp00000zy87yMAA,
a0FHp00000zy87zMAA,
a0FHp00000zy880MAA,
a0FHp00000zy881MAA,
a0FHp00000zy882MAA,
a0FHp00000zy883MAA,295870.14
a0FHp00000zy884MAA,32874.1
a0FHp00000zy885MAA,32874.46
a0FHp00000zy886MAA,32874.46
a0FHp00000zy887MAA,32874.46
a0FHp00000zy888MAA,32874.46
a0FHp00000zy889MAA,32874.46
a0FHp00000zy88AMAQ,32871.7
a0FHp00000zy88BMAQ,32874
a0FHp00000zy88CMAQ,32874
a0FHp00000zy88DMAQ,32874
a0FHp00000zy88EMAQ,32874
a0FHp00000zy88FMAQ,32874
a0FHp00000zy88GMAQ,32874
a0FHp00000zy88HMAQ,32874
a0FHp00000zy88IMAQ,32874
a0FHp00000zy88JMAQ,32874.46
a0FHp00000zy88KMAQ,32874
a0FHp00000zy88LMAQ,
a0FHp00000zy88MMAQ,
a0FHp00000zy88NMAQ,
a0FHp00000zy88OMAQ,
a0FHp00000zy88PMAQ,
a0FHp00000zy88QMAQ,
a0FHp00000zy88RMAQ,
a0FHp00000zy88SMAQ,
a0FHp00000zy88TMAQ,
a0FHp00000zy88UMAQ,
a0FHp00000zy88VMAQ,
a0FHp00000zy88WMAQ,
a0FHp00000zy88XMAQ,
a0FHp00000zy88YMAQ,
a0FHp00000zy88ZMAQ,
a0FHp00000zy88aMAA,
a0FHp00000zy88bMAA,
a0FHp00000zy88cMAA,
a0FHp00000zy88dMAA,
a0FHp00000zy88eMAA,
a0FHp00000zy88fMAA,
a0FHp00000zy88gMAA,
a0FHp00000zy88hMAA,
a0FHp00000zy88iMAA,
a0FHp00000zy88jMAA,
a0FHp00000zy88kMAA,
a0FHp00000zy88lMAA,
a0FHp00000zy88mMAA,
a0FHp00000zy88nMAA,
a0FHp00000zy88oMAA,
a0FHp00000zy88pMAA,
a0FHp00000zy88qMAA,
a0FHp00000zy88rMAA,
a0FHp00000zy88sMAA,
a0FHp00000zy88tMAA,
a0FHp00000zy88uMAA,
a0FHp00000zy88vMAA,
a0FHp00000zy89pMAA,49655.85
a0FHp00000zy89qMAA,49655.85
a0FHp00000zy89rMAA,49655.85
a0FHp00000zy89sMAA,49655.85
a0FHp00000zy89tMAA,49655.85
a0FHp00000zy89uMAA,49655.85
a0FHp00000zy89vMAA,49655.85
a0FHp00000zy89wMAA,49655.85
a0FHp00000zy89xMAA,49655.85
a0FHp00000zy89yMAA,49655.85
a0FHp00000zy89zMAA,49655.85
a0FHp00000zy8A0MAI,49655.85
a0FHp00000zy8A1MAI,49655.85
a0FHp00000zy8A2MAI,49655.85
a0FHp00000zy8A3MAI,49655.85
a0FHp00000zy8A4MAI,49655.85
a0FHp00000zy8A5MAI,33103.9
a0FHp00000zy8A6MAI,33103.9
a0FHp00000zy8A7MAI,33103.9
a0FHp00000zy8A8MAI,16551.95
a0FHp00000zy8A9MAI,16551.95
a0FHp00000zy8AAMAY,16551.95
a0FHp00000zy8ABMAY,16551.95
a0FHp00000zy8ACMAY,16551.95
a0FHp00000zy8ADMAY,16551.95
a0FHp00000zy8AEMAY,16551.95
a0FHp00000zy8AFMAY,16551.95
a0FHp00000zy8AGMAY,16551.95
a0FHp00000zy8AHMAY,16551.95
a0FHp00000zy8AIMAY,16551.95
a0FHp00000zy8AJMAY,16551.95
a0FHp00000zy8AKMAY,4951.73
a0FHp00000zy8ALMAY,
a0FHp00000zy8AMMAY,
a0FHp00000zy8ANMAY,
a0FHp00000zy8AOMAY,
a0FHp00000zy8APMAY,
a0FHp00000zy8AQMAY,
a0FHp00000zy8ARMAY,
a0FHp00000zy8ASMAY,
a0FHp00000zy8ATMAY,
a0FHp00000zy8AUMAY,
a0FHp00000zy8AVMAY,
a0FHp00000zy8AWMAY,
a0FHp00000zy8AXMAY,
a0FHp00000zy8AYMAY,
a0FHp00000zy8AZMAY,
a0FHp00000zy8AaMAI,
a0FHp00000zy8AbMAI,
a0FHp00000zy8AcMAI,
a0FHp00000zy8AdMAI,
a0FHp00000zy8AeMAI,
a0FHp00000zy8AfMAI,
a0FHp00000zy8AgMAI,
a0FHp00000zy8AhMAI,
a0FHp00000zy8AkMAI,27650.98
a0FHp00000zy8AlMAI,27650.98
a0FHp00000zy8AmMAI,27650.98
a0FHp00000zy8AnMAI,27650.98
a0FHp00000zy8AoMAI,27650.98
a0FHp00000zy8ApMAI,27650.98
a0FHp00000zy8AqMAI,21396.08
a0FHp00000zy8ArMAI,27650.98
a0FHp00000zy8AsMAI,27650.98
a0FHp00000zy8AtMAI,27650.98
a0FHp00000zy8AuMAI,27650.98
a0FHp00000zy8AvMAI,27650.98
a0FHp00000zy8AwMAI,27650.98
a0FHp00000zy8AxMAI,27650.98
a0FHp00000zy8AyMAI,27650.98
a0FHp00000zy8AzMAI,27650.98
a0FHp00000zy8B0MAI,0.5
a0FHp00000zy8B1MAI,
a0FHp00000zy8B2MAI,
a0FHp00000zy8B3MAI,
a0FHp00000zy8B4MAI,
a0FHp00000zy8B5MAI,
a0FHp00000zy8B6MAI,
a0FHp00000zy8B7MAI,
a0FHp00000zy8B8MAI,
a0FHp00000zy8B9MAI,
a0FHp00000zy8BAMAY,
a0FHp00000zy8BBMAY,
a0FHp00000zy8BCMAY,
a0FHp00000zy8BDMAY,
a0FHp00000zy8BEMAY,
a0FHp00000zy8BFMAY,
a0FHp00000zy8BGMAY,
a0FHp00000zy8BHMAY,
a0FHp00000zy8BIMAY,
a0FHp00000zy8BJMAY,
a0FHp00000zy8BKMAY,
a0FHp00000zy8BLMAY,
a0FHp00000zy8BMMAY,
a0FHp00000zy8BNMAY,
a0FHp00000zy8BOMAY,
a0FHp00000zy8BPMAY,
a0FHp00000zy8BQMAY,
a0FHp00000zy8BRMAY,
a0FHp00000zy8BSMAY,
a0FHp00000zy8BTMAY,
a0FHp00000zy8BUMAY,
a0FHp00000zy8BVMAY,
a0FHp00000zy8BWMAY,
a0FHp00000zy8BXMAY,
a0FHp00000zy8BYMAY,
a0FHp00000zy8BZMAY,
a0FHp00000zy8BaMAI,
a0FHp00000zy8DfMAI,5104.86
a0FHp00000zy8DiMAI,
a0FHp00000zy8DjMAI,
a0FHp00000zy8DkMAI,
a0FHp00000zy8DlMAI,
a0FHp00000zy8DmMAI,
a0FHp00000zy8DnMAI,
a0FHp00000zy8DoMAI,
a0FHp00000zy8DpMAI,
a0FHp00000zy8DqMAI,
a0FHp00000zy8DrMAI,
a0FHp00000zy8DsMAI,
a0FHp00000zy8DtMAI,
a0FHp00000zy8DuMAI,
a0FHp00000zy8DvMAI,
a0FHp00000zy8DwMAI,
a0FHp00000zy8DxMAI,
a0FHp00000zy8DyMAI,
a0FHp00000zy8DzMAI,
a0FHp00000zy8E0MAI,
a0FHp00000zy8E1MAI,
a0FHp00000zy8E2MAI,
a0FHp00000zy8E3MAI,
a0FHp00000zy8E4MAI,
a0FHp00000zy8E5MAI,
a0FHp00000zy8E6MAI,
a0FHp00000zy8E7MAI,
a0FHp00000zy8E8MAI,
a0FHp00000zy8E9MAI,
a0FHp00000zy8EAMAY,
a0FHp00000zy8EBMAY,
a0FHp00000zy8ECMAY,
a0FHp00000zy8EDMAY,
a0FHp00000zy8EEMAY,
a0FHp00000zy8EFMAY,
a0FHp00000zy8GvMAI,31185.82
a0FHp00000zy8GwMAI,31185.82
a0FHp00000zy8GxMAI,31185.82
a0FHp00000zy8GyMAI,31185.82
a0FHp00000zy8GzMAI,31185.82
a0FHp00000zy8H0MAI,31185.82
a0FHp00000zy8H1MAI,31185.82
a0FHp00000zy8H2MAI,31185.82
a0FHp00000zy8H3MAI,31185.82
a0FHp00000zy8H4MAI,31185.82
a0FHp00000zy8H5MAI,31185.82
a0FHp00000zy8H6MAI,31185.82
a0FHp00000zy8H7MAI,31185.82
a0FHp00000zy8H8MAI,31185.82
a0FHp00000zy8H9MAI,31185.82
a0FHp00000zy8HAMAY,31185.82
a0FHp00000zy8HBMAY,23905.73
a0FHp00000zy8HCMAY,
a0FHp00000zy8HDMAY,
a0FHp00000zy8HEMAY,
a0FHp00000zy8HFMAY,
a0FHp00000zy8HGMAY,
a0FHp00000zy8HHMAY,
a0FHp00000zy8HIMAY,
a0FHp00000zy8HJMAY,
a0FHp00000zy8HKMAY,
a0FHp00000zy8HLMAY,
a0FHp00000zy8HMMAY,
a0FHp00000zy8HNMAY,
a0FHp00000zy8HOMAY,
a0FHp00000zy8HPMAY,
a0FHp00000zy8HQMAY,
a0FHp00000zy8HRMAY,
a0FHp00000zy8HSMAY,
a0FHp00000zy8HTMAY,
a0FHp00000zy8HUMAY,
a0FHp00000zy8HVMAY,
a0FHp00000zy8HWMAY,
a0FHp00000zy8HXMAY,
a0FHp00000zy8HYMAY,
a0FHp00000zy8HZMAY,
a0FHp00000zy8HaMAI,
a0FHp00000zy8HbMAI,
a0FHp00000zy8HcMAI,
a0FHp00000zy8HdMAI,
a0FHp00000zy8HeMAI,
a0FHp00000zy8HfMAI,
a0FHp00000zy8HgMAI,
a0FHp00000zy8HhMAI,
a0FHp00000zy8HiMAI,
a0FHp00000zy8HjMAI,
a0FHp00000zy8HkMAI,
a0FHp00000zy8HlMAI,
a0FHp00000zy8HmMAI,
a0FHp00000zy8HnMAI,
a0FHp00000zy8HoMAI,45697.92
a0FHp00000zy8HpMAI,45697.92
a0FHp00000zy8HqMAI,45697.92
a0FHp00000zy8HrMAI,45697.92
a0FHp00000zy8HsMAI,45697.92
a0FHp00000zy8HtMAI,45697.92
a0FHp00000zy8HuMAI,45697.92
a0FHp00000zy8HvMAI,45697.92
a0FHp00000zy8HwMAI,45697.92
a0FHp00000zy8HxMAI,45697.92
a0FHp00000zy8HyMAI,45697.92
a0FHp00000zy8HzMAI,45697.92
a0FHp00000zy8I0MAI,45697.92
a0FHp00000zy8I1MAI,45697.92
a0FHp00000zy8I2MAI,45697.92
a0FHp00000zy8I3MAI,45697.92
a0FHp00000zy8I4MAI,45697.92
a0FHp00000zy8I5MAI,45697.92
a0FHp00000zy8I6MAI,45697.92
a0FHp00000zy8I7MAI,22848.96
a0FHp00000zy8I8MAI,22848.96
a0FHp00000zy8I9MAI,22848.96
a0FHp00000zy8IAMAY,22848.96
a0FHp00000zy8IBMAY,22848.96
a0FHp00000zy8ICMAY,22848.96
a0FHp00000zy8IDMAY,22848.96
a0FHp00000zy8IEMAY,22848.96
a0FHp00000zy8IFMAY,4133.36
a0FHp00000zy8IGMAY,
a0FHp00000zy8IHMAY,
a0FHp00000zy8IIMAY,
a0FHp00000zy8IJMAY,
a0FHp00000zy8IKMAY,
a0FHp00000zy8ILMAY,
a0FHp00000zy8IMMAY,
a0FHp00000zy8INMAY,
a0FHp00000zy8IOMAY,
a0FHp00000zy8IPMAY,
a0FHp00000zy8IQMAY,
a0FHp00000zy8IRMAY,
a0FHp00000zy8ISMAY,
a0FHp00000zy8ITMAY,
a0FHp00000zy8IUMAY,
a0FHp00000zy8IVMAY,
a0FHp00000zy8IWMAY,
a0FHp00000zy8IXMAY,
a0FHp00000zy8IYMAY,
a0FHp00000zy8IZMAY,
a0FHp00000zy8IaMAI,
a0FHp00000zy8IbMAI,
a0FHp00000zy8IcMAI,
a0FHp00000zy8IdMAI,
a0FHp00000zy8IeMAI,
a0FHp00000zy8IfMAI,
a0FHp00000zy8IgMAI,
a0FHp00000zy8IhMAI,29146.32
a0FHp00000zy8IiMAI,29146.32
a0FHp00000zy8IjMAI,29146.32
a0FHp00000zy8IkMAI,29146.32
a0FHp00000zy8IlMAI,29146.32
a0FHp00000zy8ImMAI,29146.32
a0FHp00000zy8InMAI,29146.32
a0FHp00000zy8IoMAI,29146.32
a0FHp00000zy8IpMAI,29146.32
a0FHp00000zy8IqMAI,29146.32
a0FHp00000zy8IrMAI,29146.32
a0FHp00000zy8IsMAI,29146.32
a0FHp00000zy8ItMAI,29146.32
a0FHp00000zy8IuMAI,29146.32
a0FHp00000zy8IvMAI,29146.32
a0FHp00000zy8IwMAI,29146.32
a0FHp00000zy8IxMAI,29146.32
a0FHp00000zy8IyMAI,29146.32
a0FHp00000zy8IzMAI,29146.32
a0FHp00000zy8J0MAI,14573.16
a0FHp00000zy8J1MAI,14573.16
a0FHp00000zy8J2MAI,0.54
a0FHp00000zy8J3MAI,
a0FHp00000zy8J4MAI,
a0FHp00000zy8J5MAI,
a0FHp00000zy8J6MAI,
a0FHp00000zy8J7MAI,
a0FHp00000zy8J8MAI,
a0FHp00000zy8J9MAI,
a0FHp00000zy8JAMAY,
a0FHp00000zy8JBMAY,
a0FHp00000zy8JCMAY,
a0FHp00000zy8JDMAY,
a0FHp00000zy8JEMAY,
a0FHp00000zy8JFMAY,
a0FHp00000zy8JGMAY,
a0FHp00000zy8JHMAY,
a0FHp00000zy8JIMAY,
a0FHp00000zy8JJMAY,
a0FHp00000zy8JKMAY,
a0FHp00000zy8JLMAY,
a0FHp00000zy8JMMAY,
a0FHp00000zy8JNMAY,
a0FHp00000zy8JOMAY,
a0FHp00000zy8JPMAY,
a0FHp00000zy8JQMAY,
a0FHp00000zy8JRMAY,
a0FHp00000zy8JSMAY,
a0FHp00000zy8JTMAY,
a0FHp00000zy8JUMAY,
a0FHp00000zy8JVMAY,
a0FHp00000zy8JWMAY,
a0FHp00000zy8JXMAY,
a0FHp00000zy8JYMAY,
a0FHp00000zy8JZMAY,
a0FHp00000zy8KTMAY,458237.7
a0FHp00000zy8KYMAY,30549.18
a0FHp00000zy8KcMAI,122196.72
a0FHp00000zy8KfMAI,122196.72
a0FHp00000zy8KiMAI,122196.72
a0FHp00000zy8KlMAI,68.66
a0FHp00000zy8KmMAI,
a0FHp00000zy8KnMAI,
a0FHp00000zy8KoMAI,
a0FHp00000zy8KpMAI,
a0FHp00000zy8KqMAI,
a0FHp00000zy8KrMAI,
a0FHp00000zy8KsMAI,
a0FHp00000zy8KtMAI,
a0FHp00000zy8KuMAI,
a0FHp00000zy8KvMAI,
a0FHp00000zy8KwMAI,
a0FHp00000zy8KxMAI,
a0FHp00000zy8KyMAI,
a0FHp00000zy8KzMAI,
a0FHp00000zy8L0MAI,
a0FHp00000zy8L1MAI,
a0FHp00000zy8L2MAI,
a0FHp00000zy8L3MAI,
a0FHp00000zy8L4MAI,
a0FHp00000zy8L5MAI,
a0FHp00000zy8L6MAI,
a0FHp00000zy8L7MAI,
a0FHp00000zy8L8MAI,
a0FHp00000zy8L9MAI,
a0FHp00000zy8LAMAY,
a0FHp00000zy8LBMAY,
a0FHp00000zy8LCMAY,
a0FHp00000zy8LDMAY,
a0FHp00000zy8LEMAY,
a0FHp00000zy8LFMAY,
a0FHp00000zy8LGMAY,
a0FHp00000zy8LHMAY,
a0FHp00000zy8LIMAY,
a0FHp00000zy8LJMAY,
a0FHp00000zy8LKMAY,
a0FHp00000zy8LLMAY,
a0FHp00000zy8LMMAY,32938.4
a0FHp00000zy8LNMAY,32938.4
a0FHp00000zy8LOMAY,32938.4
a0FHp00000zy8LPMAY,32938.4
a0FHp00000zy8LQMAY,32938.4
a0FHp00000zy8LRMAY,32938.4
a0FHp00000zy8LSMAY,32938.4
a0FHp00000zy8LTMAY,32938.4
a0FHp00000zy8LUMAY,32938.4
a0FHp00000zy8LVMAY,32938.4
a0FHp00000zy8LWMAY,32938.4
a0FHp00000zy8LXMAY,32938.4
a0FHp00000zy8LYMAY,32938.4
a0FHp00000zy8LZMAY,32938.4
a0FHp00000zy8LaMAI,32938.4
a0FHp00000zy8LbMAI,32938.4
a0FHp00000zy8LcMAI,32938.4
a0FHp00000zy8LdMAI,32938.4
a0FHp00000zy8LeMAI,32938.4
a0FHp00000zy8LfMAI,16469.2
a0FHp00000zy8LgMAI,16469.2
a0FHp00000zy8LhMAI,1917.55
a0FHp00000zy8LiMAI,
a0FHp00000zy8LjMAI,
a0FHp00000zy8LkMAI,
a0FHp00000zy8LlMAI,
a0FHp00000zy8LmMAI,
a0FHp00000zy8LnMAI,
a0FHp00000zy8LoMAI,
a0FHp00000zy8LpMAI,
a0FHp00000zy8LqMAI,
a0FHp00000zy8LrMAI,
a0FHp00000zy8LsMAI,
a0FHp00000zy8LtMAI,
a0FHp00000zy8LuMAI,
a0FHp00000zy8LvMAI,
a0FHp00000zy8LwMAI,
a0FHp00000zy8LxMAI,
a0FHp00000zy8LyMAI,
a0FHp00000zy8LzMAI,
a0FHp00000zy8M0MAI,
a0FHp00000zy8M1MAI,
a0FHp00000zy8M2MAI,
a0FHp00000zy8M3MAI,
a0FHp00000zy8M4MAI,
a0FHp00000zy8M5MAI,
a0FHp00000zy8M6MAI,
a0FHp00000zy8M7MAI,
a0FHp00000zy8M8MAI,
a0FHp00000zy8M9MAI,
a0FHp00000zy8MAMAY,
a0FHp00000zy8MBMAY,
a0FHp00000zy8MCMAY,
a0FHp00000zy8MDMAY,
a0FHp00000zy8MEMAY,
a0FHp00000zy8N8MAI,29059.4
a0FHp00000zy8N9MAI,29059.2
a0FHp00000zy8NAMAY,29059.4
a0FHp00000zy8NBMAY,29059.4
a0FHp00000zy8NCMAY,29059.4
a0FHp00000zy8NDMAY,29059.4
a0FHp00000zy8NEMAY,29059.4
a0FHp00000zy8NFMAY,29059.4
a0FHp00000zy8NGMAY,29059.4
a0FHp00000zy8NHMAY,29059.4
a0FHp00000zy8NIMAY,29059.4
a0FHp00000zy8NJMAY,29059.4
a0FHp00000zy8NKMAY,29059.4
a0FHp00000zy8NLMAY,29059.4
a0FHp00000zy8NMMAY,29059.4
a0FHp00000zy8NNMAY,29059.4
a0FHp00000zy8NOMAY,29059.4
a0FHp00000zy8NPMAY,29059.4
a0FHp00000zy8NQMAY,29059.4
a0FHp00000zy8NRMAY,
a0FHp00000zy8NSMAY,
a0FHp00000zy8NTMAY,
a0FHp00000zy8NUMAY,
a0FHp00000zy8NVMAY,
a0FHp00000zy8NWMAY,
a0FHp00000zy8NXMAY,
a0FHp00000zy8NYMAY,
a0FHp00000zy8NZMAY,
a0FHp00000zy8NaMAI,
a0FHp00000zy8NbMAI,
a0FHp00000zy8NcMAI,
a0FHp00000zy8NdMAI,
a0FHp00000zy8NeMAI,
a0FHp00000zy8NfMAI,
a0FHp00000zy8NgMAI,
a0FHp00000zy8NhMAI,
a0FHp00000zy8NiMAI,
a0FHp00000zy8NjMAI,
a0FHp00000zy8NkMAI,
a0FHp00000zy8NlMAI,
a0FHp00000zy8NmMAI,
a0FHp00000zy8NnMAI,
a0FHp00000zy8NoMAI,
a0FHp00000zy8NpMAI,
a0FHp00000zy8NqMAI,
a0FHp00000zy8NrMAI,
a0FHp00000zy8NsMAI,
a0FHp00000zy8NtMAI,
a0FHp00000zy8NuMAI,
a0FHp00000zy8NvMAI,
a0FHp00000zy8NwMAI,
a0FHp00000zy8NxMAI,
a0FHp00000zy8NyMAI,
a0FHp00000zy8NzMAI,
a0FHp00000zy8O0MAI,
a0FHp00000zy8PnMAI,274105.44
a0FHp00000zy8PoMAI,30456.16
a0FHp00000zy8PpMAI,30456.16
a0FHp00000zy8PqMAI,30456.16
a0FHp00000zy8PrMAI,30456.16
a0FHp00000zy8PsMAI,30456.16
a0FHp00000zy8PtMAI,30456.16
a0FHp00000zy8PuMAI,30456.16
a0FHp00000zy8PvMAI,30456.16
a0FHp00000zy8PwMAI,30456.16
a0FHp00000zy8PxMAI,30456.16
a0FHp00000zy8PyMAI,30456.16
a0FHp00000zy8PzMAI,30456.16
a0FHp00000zy8Q0MAI,30456.16
a0FHp00000zy8Q1MAI,30456.16
a0FHp00000zy8Q2MAI,30456.16
a0FHp00000zy8Q3MAI,30456.16
a0FHp00000zy8Q4MAI,1832.69
a0FHp00000zy8Q5MAI,
a0FHp00000zy8Q6MAI,
a0FHp00000zy8Q7MAI,
a0FHp00000zy8Q8MAI,
a0FHp00000zy8Q9MAI,
a0FHp00000zy8QAMAY,
a0FHp00000zy8QBMAY,
a0FHp00000zy8QCMAY,
a0FHp00000zy8QDMAY,
a0FHp00000zy8QEMAY,
a0FHp00000zy8QFMAY,
a0FHp00000zy8QGMAY,
a0FHp00000zy8QHMAY,
a0FHp00000zy8QIMAY,
a0FHp00000zy8QJMAY,
a0FHp00000zy8QKMAY,
a0FHp00000zy8QLMAY,
a0FHp00000zy8QMMAY,
a0FHp00000zy8QNMAY,
a0FHp00000zy8QOMAY,
a0FHp00000zy8QPMAY,
a0FHp00000zy8QQMAY,
a0FHp00000zy8QRMAY,
a0FHp00000zy8QSMAY,
a0FHp00000zy8QTMAY,
a0FHp00000zy8QUMAY,
a0FHp00000zy8QVMAY,
a0FHp00000zy8QWMAY,
a0FHp00000zy8QXMAY,
a0FHp00000zy8QYMAY,
a0FHp00000zy8QZMAY,
a0FHp00000zy8QaMAI,
a0FHp00000zy8QbMAI,
a0FHp00000zy8QcMAI,
a0FHp00000zy8QdMAI,
a0FHp00000zy8QeMAI,
a0FHp00000zy8QfMAI,
a0FHp00000zy8QgMAI,47523.62
a0FHp00000zy8QhMAI,47523.62
a0FHp00000zy8QiMAI,47523.62
a0FHp00000zy8QjMAI,47523.62
a0FHp00000zy8QkMAI,47523.62
a0FHp00000zy8QlMAI,47523.62
a0FHp00000zy8QmMAI,47523.62
a0FHp00000zy8QnMAI,47523.62
a0FHp00000zy8QoMAI,47523.62
a0FHp00000zy8QpMAI,47523.62
a0FHp00000zy8QqMAI,47523.62
a0FHp00000zy8QrMAI,47523.62
a0FHp00000zy8QsMAI,47523.62
a0FHp00000zy8QtMAI,47523.62
a0FHp00000zy8QuMAI,47523.62
a0FHp00000zy8QvMAI,47523.62
a0FHp00000zy8QwMAI,47523.62
a0FHp00000zy8QxMAI,47523.62
a0FHp00000zy8QyMAI,47523.62
a0FHp00000zy8QzMAI,23761.81
a0FHp00000zy8R0MAI,23761.81
a0FHp00000zy8R1MAI,23761.81
a0FHp00000zy8R2MAI,9899.93
a0FHp00000zy8R3MAI,
a0FHp00000zy8R4MAI,
a0FHp00000zy8R5MAI,
a0FHp00000zy8R6MAI,
a0FHp00000zy8R7MAI,
a0FHp00000zy8R8MAI,
a0FHp00000zy8R9MAI,
a0FHp00000zy8RAMAY,
a0FHp00000zy8RBMAY,
a0FHp00000zy8RCMAY,
a0FHp00000zy8RDMAY,
a0FHp00000zy8REMAY,
a0FHp00000zy8RFMAY,
a0FHp00000zy8RGMAY,
a0FHp00000zy8RHMAY,
a0FHp00000zy8RIMAY,
a0FHp00000zy8RJMAY,
a0FHp00000zy8RKMAY,
a0FHp00000zy8RLMAY,
a0FHp00000zy8RMMAY,
a0FHp00000zy8RNMAY,
a0FHp00000zy8ROMAY,
a0FHp00000zy8RPMAY,
a0FHp00000zy8RQMAY,
a0FHp00000zy8RRMAY,
a0FHp00000zy8RSMAY,
a0FHp00000zy8RTMAY,
a0FHp00000zy8RUMAY,
a0FHp00000zy8RVMAY,
a0FHp00000zy8RWMAY,
a0FHp00000zy8RXMAY,
a0FHp00000zy8RYMAY,
a0FHp00000zy8SSMAY,28573.43
a0FHp00000zy8STMAY,28664.16
a0FHp00000zy8SUMAY,28664.16
a0FHp00000zy8SVMAY,28664.16
a0FHp00000zy8SWMAY,28664.16
a0FHp00000zy8SXMAY,28664.16
a0FHp00000zy8SYMAY,28663.2
a0FHp00000zy8SZMAY,28664.16
a0FHp00000zy8SaMAI,28663.84
a0FHp00000zy8SbMAI,28664.16
a0FHp00000zy8ScMAI,28664.16
a0FHp00000zy8SdMAI,28664.16
a0FHp00000zy8SeMAI,28664.16
a0FHp00000zy8SfMAI,28664.16
a0FHp00000zy8SgMAI,28664.16
a0FHp00000zy8ShMAI,28664.16
a0FHp00000zy8SiMAI,28664.16
a0FHp00000zy8SjMAI,28664.16
a0FHp00000zy8SkMAI,28664.16
a0FHp00000zy8SlMAI,14332.08
a0FHp00000zy8SmMAI,14332.08
a0FHp00000zy8SnMAI,14332.08
a0FHp00000zy8SoMAI,14332.08
a0FHp00000zy8SpMAI,14332.08
a0FHp00000zy8SqMAI,14332.08
a0FHp00000zy8SrMAI,14332.08
a0FHp00000zy8SsMAI,14332.08
a0FHp00000zy8StMAI,14332.08
a0FHp00000zy8SuMAI,14332.08
a0FHp00000zy8SvMAI,14332.08
a0FHp00000zy8SwMAI,14332.08
a0FHp00000zy8SxMAI,14332.08
a0FHp00000zy8SyMAI,14329.68
a0FHp00000zy8SzMAI,
a0FHp00000zy8T0MAI,
a0FHp00000zy8T1MAI,
a0FHp00000zy8T2MAI,
a0FHp00000zy8T3MAI,
a0FHp00000zy8T4MAI,
a0FHp00000zy8T5MAI,
a0FHp00000zy8T6MAI,
a0FHp00000zy8T7MAI,
a0FHp00000zy8T8MAI,
a0FHp00000zy8T9MAI,
a0FHp00000zy8TAMAY,
a0FHp00000zy8TBMAY,
a0FHp00000zy8TCMAY,
a0FHp00000zy8TDMAY,
a0FHp00000zy8TEMAY,
a0FHp00000zy8TFMAY,
a0FHp00000zy8TGMAY,
a0FHp00000zy8THMAY,
a0FHp00000zy8TIMAY,
a0FHp00000zy8TJMAY,
a0FHp00000zy8TKMAY,
a0FHp00000zy8UEMAY,134952.08
a0FHp00000zy8UFMAY,33738.02
a0FHp00000zy8UGMAY,33738.02
a0FHp00000zy8UHMAY,33738.02
a0FHp00000zy8UIMAY,33738.02
a0FHp00000zy8UJMAY,33738.02
a0FHp00000zy8UKMAY,33738.02
a0FHp00000zy8ULMAY,33738.02
a0FHp00000zy8UMMAY,33738.02
a0FHp00000zy8UNMAY,33738.02
a0FHp00000zy8UOMAY,33738.02
a0FHp00000zy8UPMAY,33738.02
a0FHp00000zy8UQMAY,33738.02
a0FHp00000zy8URMAY,33738.02
a0FHp00000zy8USMAY,33738.02
a0FHp00000zy8UTMAY,33738.02
a0FHp00000zy8UUMAY,33738.02
a0FHp00000zy8UVMAY,33738.02
a0FHp00000zy8UWMAY,0.1
a0FHp00000zy8UXMAY,
a0FHp00000zy8UYMAY,
a0FHp00000zy8UZMAY,
a0FHp00000zy8UaMAI,
a0FHp00000zy8UbMAI,
a0FHp00000zy8UcMAI,
a0FHp00000zy8UdMAI,
a0FHp00000zy8UeMAI,
a0FHp00000zy8UfMAI,
a0FHp00000zy8UgMAI,
a0FHp00000zy8UhMAI,
a0FHp00000zy8UiMAI,
a0FHp00000zy8UjMAI,
a0FHp00000zy8UkMAI,
a0FHp00000zy8UlMAI,
a0FHp00000zy8UmMAI,
a0FHp00000zy8UnMAI,
a0FHp00000zy8UoMAI,
a0FHp00000zy8UpMAI,
a0FHp00000zy8UqMAI,
a0FHp00000zy8UrMAI,
a0FHp00000zy8UsMAI,
a0FHp00000zy8UtMAI,
a0FHp00000zy8UuMAI,
a0FHp00000zy8UvMAI,
a0FHp00000zy8UwMAI,
a0FHp00000zy8UxMAI,
a0FHp00000zy8UyMAI,
a0FHp00000zy8UzMAI,
a0FHp00000zy8V0MAI,
a0FHp00000zy8V1MAI,
a0FHp00000zy8V2MAI,
a0FHp00000zy8V3MAI,
a0FHp00000zy8V4MAI,
a0FHp00000zy8V5MAI,
a0FHp00000zy8V6MAI,
a0FHp00000zy8V7MAI,
a0FHp00000zy8V8MAI,
a0FHp00000zy8V9MAI,
a0FHp00000zy8VAMAY,
a0FHp00000zy8VBMAY,
a0FHp00000zy8VCMAY,
a0FHp00000zy8VDMAY,
a0FHp00000zy8VEMAY,
a0FHp00000zy8VFMAY,
a0FHp00000zy8VGMAY,
a0FHp00000zy8VHMAY,
a0FHp00000zy8VIMAY,
a0FHp00000zy8VJMAY,
a0FHp00000zy8VKMAY,
a0FHp00000zy8VLMAY,
a0FHp00000zy8VMMAY,
a0FHp00000zy8VNMAY,
a0FHp00000zy8VOMAY,
a0FHp00000zy8VPMAY,
a0FHp00000zy8VQMAY,
a0FHp00000zy8VRMAY,
a0FHp00000zy8VSMAY,
a0FHp00000zy8VTMAY,
a0FHp00000zy8VUMAY,
a0FHp00000zy8VVMAY,
a0FHp00000zy8VWMAY,
a0FHp00000zy8VXMAY,
a0FHp00000zy8VYMAY,
a0FHp00000zy8VZMAY,
a0FHp00000zy8VaMAI,
a0FHp00000zy8VbMAI,
a0FHp00000zy8VcMAI,
a0FHp00000zy8VdMAI,
a0FHp00000zy8VeMAI,
a0FHp00000zy8VfMAI,
a0FHp00000zy8VgMAI,
a0FHp00000zy8VhMAI,
a0FHp00000zy8ViMAI,
a0FHp00000zy8VjMAI,
a0FHp00000zy8VkMAI,
a0FHp00000zy8VlMAI,
a0FHp00000zy8VmMAI,
a0FHp00000zy8VnMAI,
a0FHp00000zy8VoMAI,
a0FHp00000zy8VpMAI,
a0FHp00000zy8VqMAI,
a0FHp00000zy8VrMAI,
a0FHp00000zy8VsMAI,
a0FHp00000zy8VtMAI,
a0FHp00000zy8VuMAI,
a0FHp00000zy8VvMAI,
a0FHp00000zy8VwMAI,
a0FHp00000zy8VxMAI,
a0FHp00000zy8VyMAI,
a0FHp00000zy8VzMAI,
a0FHp00000zy8WEMAY,14261.47
a0FHp00000zy8WFMAY,28522.94
a0FHp00000zy8WGMAY,28522.94
a0FHp00000zy8WHMAY,28522.94
a0FHp00000zy8WIMAY,28522.94
a0FHp00000zy8WJMAY,14261.47
a0FHp00000zy8WKMAY,14261.45
a0FHp00000zy8WLMAY,14261
a0FHp00000zy8WMMAY,14261.47
a0FHp00000zy8WNMAY,14260.53
a0FHp00000zy8WOMAY,14261
a0FHp00000zy8WPMAY,14261
a0FHp00000zy8WQMAY,
a0FHp00000zy8WRMAY,
a0FHp00000zy8WSMAY,
a0FHp00000zy8WTMAY,
a0FHp00000zy8WUMAY,
a0FHp00000zy8WVMAY,
a0FHp00000zy8WWMAY,
a0FHp00000zy8WXMAY,
a0FHp00000zy8WYMAY,
a0FHp00000zy8WZMAY,
a0FHp00000zy8WaMAI,
a0FHp00000zy8WbMAI,
a0FHp00000zy8WcMAI,
a0FHp00000zy8WdMAI,
a0FHp00000zy8WeMAI,
a0FHp00000zy8WfMAI,
a0FHp00000zy8WgMAI,
a0FHp00000zy8WhMAI,
a0FHp00000zy8WiMAI,
a0FHp00000zy8WjMAI,
a0FHp00000zy8WkMAI,
a0FHp00000zy8WlMAI,
a0FHp00000zy8WmMAI,
a0FHp00000zy8WnMAI,
a0FHp00000zy8WoMAI,
a0FHp00000zy8WpMAI,
a0FHp00000zy8WqMAI,
a0FHp00000zy8WrMAI,
a0FHp00000zy8WsMAI,
a0FHp00000zy8WtMAI,27900
a0FHp00000zy8WuMAI,27900
a0FHp00000zy8WvMAI,27900.22
a0FHp00000zy8WwMAI,27900
a0FHp00000zy8WxMAI,27900
a0FHp00000zy8WyMAI,27900
a0FHp00000zy8WzMAI,27900
a0FHp00000zy8X0MAI,27900
a0FHp00000zy8X1MAI,27900
a0FHp00000zy8X2MAI,27900
a0FHp00000zy8X3MAI,27900
a0FHp00000zy8X4MAI,27900
a0FHp00000zy8X5MAI,27900.22
a0FHp00000zy8X6MAI,27900
a0FHp00000zy8X7MAI,27900
a0FHp00000zy8X8MAI,27900
a0FHp00000zy8X9MAI,27900.22
a0FHp00000zy8XAMAY,27900.22
a0FHp00000zy8XBMAY,27900.22
a0FHp00000zy8XCMAY,
a0FHp00000zy8XDMAY,
a0FHp00000zy8XEMAY,
a0FHp00000zy8XFMAY,
a0FHp00000zy8XGMAY,
a0FHp00000zy8XHMAY,
a0FHp00000zy8XIMAY,
a0FHp00000zy8XJMAY,
a0FHp00000zy8XKMAY,
a0FHp00000zy8XLMAY,
a0FHp00000zy8XMMAY,
a0FHp00000zy8XNMAY,
a0FHp00000zy8XOMAY,
a0FHp00000zy8XPMAY,
a0FHp00000zy8XQMAY,
a0FHp00000zy8XRMAY,
a0FHp00000zy8XSMAY,
a0FHp00000zy8XTMAY,
a0FHp00000zy8XUMAY,
a0FHp00000zy8XVMAY,
a0FHp00000zy8XWMAY,
a0FHp00000zy8XXMAY,
a0FHp00000zy8XYMAY,
a0FHp00000zy8XZMAY,
a0FHp00000zy8XaMAI,
a0FHp00000zy8XbMAI,
a0FHp00000zy8XcMAI,
a0FHp00000zy8XdMAI,
a0FHp00000zy8XeMAI,
a0FHp00000zy8XfMAI,
a0FHp00000zy8XgMAI,
a0FHp00000zy8XhMAI,
a0FHp00000zy8XiMAI,
a0FHp00000zy8XjMAI,
a0FHp00000zy8XkMAI,
a0FHp00000zy8XlMAI,
a0FHp00000zy8XmMAI,41476.47
a0FHp00000zy8XnMAI,41476.47
a0FHp00000zy8XoMAI,41476.47
a0FHp00000zy8XpMAI,41476.47
a0FHp00000zy8XqMAI,41472.79
a0FHp00000zy8XrMAI,41476.47
a0FHp00000zy8XsMAI,27650.98
a0FHp00000zy8XtMAI,27650.98
a0FHp00000zy8XuMAI,27650.98
a0FHp00000zy8XvMAI,27650.98
a0FHp00000zy8XwMAI,27650.98
a0FHp00000zy8XxMAI,27650.98
a0FHp00000zy8XyMAI,27650.98
a0FHp00000zy8XzMAI,27650.98
a0FHp00000zy8Y0MAI,27650.98
a0FHp00000zy8Y1MAI,27650.98
a0FHp00000zy8Y2MAI,27650.98
a0FHp00000zy8Y3MAI,27650.98
a0FHp00000zy8Y4MAI,
a0FHp00000zy8Y5MAI,
a0FHp00000zy8Y6MAI,
a0FHp00000zy8Y7MAI,
a0FHp00000zy8Y8MAI,
a0FHp00000zy8Y9MAI,
a0FHp00000zy8YAMAY,
a0FHp00000zy8YBMAY,
a0FHp00000zy8YCMAY,
a0FHp00000zy8YDMAY,
a0FHp00000zy8YEMAY,
a0FHp00000zy8YFMAY,
a0FHp00000zy8YGMAY,
a0FHp00000zy8YHMAY,
a0FHp00000zy8YIMAY,
a0FHp00000zy8YJMAY,
a0FHp00000zy8YKMAY,
a0FHp00000zy8YLMAY,
a0FHp00000zy8YMMAY,
a0FHp00000zy8YNMAY,
a0FHp00000zy8YOMAY,
a0FHp00000zy8YPMAY,
a0FHp00000zy8YQMAY,
a0FHp00000zy8YRMAY,
a0FHp00000zy8YSMAY,
a0FHp00000zy8YTMAY,
a0FHp00000zy8YUMAY,
a0FHp00000zy8YVMAY,
a0FHp00000zy8YWMAY,
a0FHp00000zy8YXMAY,
a0FHp00000zy8YYMAY,
a0FHp00000zy8YZMAY,
a0FHp00000zy8YaMAI,
a0FHp00000zy8YbMAI,
a0FHp00000zy8YcMAI,
a0FHp00000zy8YdMAI,
a0FHp00000zy8YeMAI,
a0FHp00000zy8YfMAI,67510.62
a0FHp00000zy8YgMAI,67510.62
a0FHp00000zy8YhMAI,67510.62
a0FHp00000zy8YiMAI,67510.62
a0FHp00000zy8YjMAI,67510.62
a0FHp00000zy8YkMAI,67510.62
a0FHp00000zy8YlMAI,67510.62
a0FHp00000zy8YmMAI,67510.62
a0FHp00000zy8YnMAI,67510.62
a0FHp00000zy8YoMAI,67510.62
a0FHp00000zy8YpMAI,67510.62
a0FHp00000zy8YqMAI,67510.62
a0FHp00000zy8YrMAI,67510.62
a0FHp00000zy8YsMAI,67510.62
a0FHp00000zy8YtMAI,67510.62
a0FHp00000zy8YuMAI,67510.62
a0FHp00000zy8YvMAI,67510.62
a0FHp00000zy8YwMAI,67510.62
a0FHp00000zy8YxMAI,67510.62
a0FHp00000zy8YyMAI,
a0FHp00000zy8YzMAI,
a0FHp00000zy8Z0MAI,
a0FHp00000zy8Z1MAI,
a0FHp00000zy8Z2MAI,
a0FHp00000zy8Z3MAI,
a0FHp00000zy8Z4MAI,
a0FHp00000zy8Z5MAI,
a0FHp00000zy8Z6MAI,
a0FHp00000zy8Z7MAI,
a0FHp00000zy8Z8MAI,
a0FHp00000zy8Z9MAI,
a0FHp00000zy8ZAMAY,
a0FHp00000zy8ZBMAY,
a0FHp00000zy8ZCMAY,
a0FHp00000zy8ZDMAY,
a0FHp00000zy8ZEMAY,
a0FHp00000zy8ZFMAY,
a0FHp00000zy8ZGMAY,
a0FHp00000zy8ZHMAY,
a0FHp00000zy8ZIMAY,
a0FHp00000zy8ZJMAY,
a0FHp00000zy8ZKMAY,
a0FHp00000zy8ZLMAY,
a0FHp00000zy8ZMMAY,
a0FHp00000zy8ZNMAY,
a0FHp00000zy8ZOMAY,
a0FHp00000zy8ZPMAY,
a0FHp00000zy8ZQMAY,
a0FHp00000zy8ZRMAY,
a0FHp00000zy8ZSMAY,
a0FHp00000zy8ZTMAY,
a0FHp00000zy8ZUMAY,
a0FHp00000zy8ZVMAY,
a0FHp00000zy8ZWMAY,
a0FHp00000zy8ZXMAY,
a0FHp00000zy8aRMAQ,29115.9
a0FHp00000zy8aSMAQ,29115.9
a0FHp00000zy8aTMAQ,29115.9
a0FHp00000zy8aUMAQ,29115.9
a0FHp00000zy8aVMAQ,29115.9
a0FHp00000zy8aWMAQ,29115.9
a0FHp00000zy8aXMAQ,29115.9
a0FHp00000zy8aYMAQ,29115.9
a0FHp00000zy8aZMAQ,29115.9
a0FHp00000zy8aaMAA,29115.9
a0FHp00000zy8abMAA,29115.9
a0FHp00000zy8acMAA,29115.9
a0FHp00000zy8adMAA,29115.9
a0FHp00000zy8aeMAA,29115.9
a0FHp00000zy8afMAA,29115.9
a0FHp00000zy8agMAA,29115.9
a0FHp00000zy8ahMAA,29115.9
a0FHp00000zy8aiMAA,29115.9
a0FHp00000zy8ajMAA,1.97
a0FHp00000zy8akMAA,
a0FHp00000zy8alMAA,
a0FHp00000zy8amMAA,
a0FHp00000zy8anMAA,
a0FHp00000zy8aoMAA,
a0FHp00000zy8apMAA,
a0FHp00000zy8aqMAA,
a0FHp00000zy8arMAA,
a0FHp00000zy8asMAA,
a0FHp00000zy8atMAA,
a0FHp00000zy8auMAA,
a0FHp00000zy8avMAA,
a0FHp00000zy8awMAA,
a0FHp00000zy8axMAA,
a0FHp00000zy8ayMAA,
a0FHp00000zy8azMAA,
a0FHp00000zy8b0MAA,
a0FHp00000zy8b1MAA,
a0FHp00000zy8b2MAA,
a0FHp00000zy8b3MAA,
a0FHp00000zy8b4MAA,
a0FHp00000zy8b5MAA,
a0FHp00000zy8b6MAA,
a0FHp00000zy8b7MAA,
a0FHp00000zy8b8MAA,
a0FHp00000zy8b9MAA,
a0FHp00000zy8bAMAQ,
a0FHp00000zy8bBMAQ,
a0FHp00000zy8bCMAQ,
a0FHp00000zy8bDMAQ,
a0FHp00000zy8bEMAQ,
a0FHp00000zy8bFMAQ,
a0FHp00000zy8bGMAQ,
a0FHp00000zy8bHMAQ,
a0FHp00000zy8bIMAQ,
a0FHp00000zy8bJMAQ,
a0FHp00000zy8bKMAQ,26579.36
a0FHp00000zy8bLMAQ,26579.36
a0FHp00000zy8bMMAQ,26579.36
a0FHp00000zy8bNMAQ,26579.36
a0FHp00000zy8bOMAQ,26579.36
a0FHp00000zy8bPMAQ,26579.36
a0FHp00000zy8bQMAQ,26579.36
a0FHp00000zy8bRMAQ,26579.36
a0FHp00000zy8bSMAQ,26579.36
a0FHp00000zy8bTMAQ,26579.36
a0FHp00000zy8bUMAQ,26579.36
a0FHp00000zy8bVMAQ,26579.36
a0FHp00000zy8bWMAQ,26579.36
a0FHp00000zy8bXMAQ,26579.36
a0FHp00000zy8bYMAQ,26579.36
a0FHp00000zy8bZMAQ,26579.36
a0FHp00000zy8baMAA,26579.36
a0FHp00000zy8bbMAA,26579.36
a0FHp00000zy8bcMAA,26579.36
a0FHp00000zy8bdMAA,13289.68
a0FHp00000zy8beMAA,3259.68
a0FHp00000zy8bfMAA,
a0FHp00000zy8bgMAA,
a0FHp00000zy8bhMAA,
a0FHp00000zy8biMAA,
a0FHp00000zy8bjMAA,
a0FHp00000zy8bkMAA,
a0FHp00000zy8blMAA,
a0FHp00000zy8bmMAA,
a0FHp00000zy8bnMAA,
a0FHp00000zy8boMAA,
a0FHp00000zy8bpMAA,
a0FHp00000zy8bqMAA,
a0FHp00000zy8brMAA,
a0FHp00000zy8bsMAA,
a0FHp00000zy8btMAA,
a0FHp00000zy8buMAA,
a0FHp00000zy8bvMAA,
a0FHp00000zy8bwMAA,
a0FHp00000zy8bxMAA,
a0FHp00000zy8byMAA,
a0FHp00000zy8bzMAA,
a0FHp00000zy8c0MAA,
a0FHp00000zy8c1MAA,
a0FHp00000zy8c2MAA,
a0FHp00000zy8c3MAA,
a0FHp00000zy8c4MAA,
a0FHp00000zy8c5MAA,
a0FHp00000zy8c6MAA,
a0FHp00000zy8c7MAA,
a0FHp00000zy8c8MAA,
a0FHp00000zy8c9MAA,
a0FHp00000zy8cAMAQ,
a0FHp00000zy8cBMAQ,
a0FHp00000zy8cCMAQ,
a0FHp00000zy8cDMAQ,34414.94
a0FHp00000zy8cEMAQ,34414.94
a0FHp00000zy8cFMAQ,34414.94
a0FHp00000zy8cGMAQ,34414.94
a0FHp00000zy8cHMAQ,34414.94
a0FHp00000zy8cIMAQ,34414.94
a0FHp00000zy8cJMAQ,34414.94
a0FHp00000zy8cKMAQ,34414.94
a0FHp00000zy8cLMAQ,34414.94
a0FHp00000zy8cMMAQ,34414.94
a0FHp00000zy8cNMAQ,34414.94
a0FHp00000zy8cOMAQ,34414.94
a0FHp00000zy8cPMAQ,34414.94
a0FHp00000zy8cQMAQ,34414.94
a0FHp00000zy8cRMAQ,34414.94
a0FHp00000zy8cSMAQ,34414.94
a0FHp00000zy8cTMAQ,34414.94
a0FHp00000zy8cUMAQ,34414.94
a0FHp00000zy8cVMAQ,335.98
a0FHp00000zy8cWMAQ,
a0FHp00000zy8cXMAQ,
a0FHp00000zy8cYMAQ,
a0FHp00000zy8cZMAQ,
a0FHp00000zy8caMAA,
a0FHp00000zy8cbMAA,
a0FHp00000zy8ccMAA,
a0FHp00000zy8cdMAA,
a0FHp00000zy8ceMAA,
a0FHp00000zy8cfMAA,
a0FHp00000zy8cgMAA,
a0FHp00000zy8chMAA,
a0FHp00000zy8ciMAA,
a0FHp00000zy8cjMAA,
a0FHp00000zy8ckMAA,
a0FHp00000zy8clMAA,
a0FHp00000zy8cmMAA,
a0FHp00000zy8cnMAA,
a0FHp00000zy8coMAA,
a0FHp00000zy8cpMAA,
a0FHp00000zy8cqMAA,
a0FHp00000zy8crMAA,
a0FHp00000zy8csMAA,
a0FHp00000zy8ctMAA,
a0FHp00000zy8cuMAA,
a0FHp00000zy8cvMAA,
a0FHp00000zy8cwMAA,
a0FHp00000zy8cxMAA,
a0FHp00000zy8cyMAA,
a0FHp00000zy8czMAA,
a0FHp00000zy8d0MAA,
a0FHp00000zy8d1MAA,
a0FHp00000zy8d2MAA,
a0FHp00000zy8d3MAA,
a0FHp00000zy8d4MAA,
a0FHp00000zy8d5MAA,
a0FHp00000zy8d6MAA,26186.56
a0FHp00000zy8d7MAA,26186.56
a0FHp00000zy8d8MAA,26186.56
a0FHp00000zy8d9MAA,26186.56
a0FHp00000zy8dAMAQ,26186.56
a0FHp00000zy8dBMAQ,26186.56
a0FHp00000zy8dCMAQ,26186.56
a0FHp00000zy8dDMAQ,26186.56
a0FHp00000zy8dEMAQ,26186.56
a0FHp00000zy8dFMAQ,26186.56
a0FHp00000zy8dGMAQ,26186.56
a0FHp00000zy8dHMAQ,26186.56
a0FHp00000zy8dIMAQ,26186.56
a0FHp00000zy8dJMAQ,26186.56
a0FHp00000zy8dKMAQ,26186.56
a0FHp00000zy8dLMAQ,26186.56
a0FHp00000zy8dMMAQ,26186.56
a0FHp00000zy8dNMAQ,26186.56
a0FHp00000zy8dOMAQ,26186.56
a0FHp00000zy8dPMAQ,7.25
a0FHp00000zy8dQMAQ,
a0FHp00000zy8dRMAQ,
a0FHp00000zy8dSMAQ,
a0FHp00000zy8dTMAQ,
a0FHp00000zy8dUMAQ,
a0FHp00000zy8dVMAQ,
a0FHp00000zy8dWMAQ,
a0FHp00000zy8dXMAQ,
a0FHp00000zy8dYMAQ,
a0FHp00000zy8dZMAQ,
a0FHp00000zy8daMAA,
a0FHp00000zy8dbMAA,
a0FHp00000zy8dcMAA,
a0FHp00000zy8ddMAA,
a0FHp00000zy8deMAA,
a0FHp00000zy8dfMAA,
a0FHp00000zy8dgMAA,
a0FHp00000zy8dhMAA,
a0FHp00000zy8diMAA,
a0FHp00000zy8djMAA,
a0FHp00000zy8dkMAA,
a0FHp00000zy8dlMAA,
a0FHp00000zy8dmMAA,
a0FHp00000zy8dnMAA,
a0FHp00000zy8doMAA,
a0FHp00000zy8dpMAA,
a0FHp00000zy8dqMAA,
a0FHp00000zy8drMAA,
a0FHp00000zy8dsMAA,
a0FHp00000zy8dtMAA,
a0FHp00000zy8duMAA,
a0FHp00000zy8dvMAA,
a0FHp00000zy8dwMAA,
a0FHp00000zy8dxMAA,
a0FHp00000zy8dyMAA,
a0FHp00000zy8dzMAA,27389.66
a0FHp00000zy8e0MAA,27389.66
a0FHp00000zy8e1MAA,27389.66
a0FHp00000zy8e2MAA,27389.66
a0FHp00000zy8e3MAA,27389.66
a0FHp00000zy8e4MAA,27389.66
a0FHp00000zy8e5MAA,27389.66
a0FHp00000zy8e6MAA,27389.66
a0FHp00000zy8e7MAA,27389.66
a0FHp00000zy8e8MAA,27389.66
a0FHp00000zy8e9MAA,27389.66
a0FHp00000zy8eAMAQ,27389.66
a0FHp00000zy8eBMAQ,27389.66
a0FHp00000zy8eCMAQ,27389.66
a0FHp00000zy8eDMAQ,27389.66
a0FHp00000zy8eEMAQ,27389.66
a0FHp00000zy8eFMAQ,27389.66
a0FHp00000zy8eGMAQ,27389.66
a0FHp00000zy8eHMAQ,27389.66
a0FHp00000zy8eIMAQ,7.37
a0FHp00000zy8eJMAQ,
a0FHp00000zy8eKMAQ,
a0FHp00000zy8eLMAQ,
a0FHp00000zy8eMMAQ,
a0FHp00000zy8eNMAQ,
a0FHp00000zy8eOMAQ,
a0FHp00000zy8ePMAQ,
a0FHp00000zy8eQMAQ,
a0FHp00000zy8eRMAQ,
a0FHp00000zy8eSMAQ,
a0FHp00000zy8eTMAQ,
a0FHp00000zy8eUMAQ,
a0FHp00000zy8eVMAQ,
a0FHp00000zy8eWMAQ,
a0FHp00000zy8eXMAQ,
a0FHp00000zy8eYMAQ,
a0FHp00000zy8eZMAQ,
a0FHp00000zy8eaMAA,
a0FHp00000zy8ebMAA,
a0FHp00000zy8ecMAA,
a0FHp00000zy8edMAA,
a0FHp00000zy8eeMAA,
a0FHp00000zy8efMAA,
a0FHp00000zy8egMAA,
a0FHp00000zy8ehMAA,
a0FHp00000zy8eiMAA,
a0FHp00000zy8ejMAA,
a0FHp00000zy8ekMAA,
a0FHp00000zy8elMAA,
a0FHp00000zy8emMAA,
a0FHp00000zy8enMAA,
a0FHp00000zy8eoMAA,
a0FHp00000zy8epMAA,
a0FHp00000zy8eqMAA,
a0FHp00000zy8erMAA,
a0FHp00000zy8esMAA,27843.96
a0FHp00000zy8etMAA,27843.96
a0FHp00000zy8euMAA,27843.96
a0FHp00000zy8evMAA,27843.96
a0FHp00000zy8ewMAA,27843.96
a0FHp00000zy8exMAA,27843.96
a0FHp00000zy8eyMAA,27843.96
a0FHp00000zy8ezMAA,27843.96
a0FHp00000zy8f0MAA,27843.96
a0FHp00000zy8f1MAA,27843.96
a0FHp00000zy8f2MAA,27843.96
a0FHp00000zy8f3MAA,27843.96
a0FHp00000zy8f4MAA,27843.96
a0FHp00000zy8f5MAA,27843.96
a0FHp00000zy8f6MAA,27843.96
a0FHp00000zy8f7MAA,27843.96
a0FHp00000zy8f8MAA,27843.96
a0FHp00000zy8f9MAA,27843.96
a0FHp00000zy8fAMAQ,27843.96
a0FHp00000zy8fBMAQ,13921.98
a0FHp00000zy8fCMAQ,13921.98
a0FHp00000zy8fDMAQ,13921.98
a0FHp00000zy8fEMAQ,13920.75
a0FHp00000zy8fFMAQ,
a0FHp00000zy8fGMAQ,
a0FHp00000zy8fHMAQ,
a0FHp00000zy8fIMAQ,
a0FHp00000zy8fJMAQ,
a0FHp00000zy8fKMAQ,
a0FHp00000zy8fLMAQ,
a0FHp00000zy8fMMAQ,
a0FHp00000zy8fNMAQ,
a0FHp00000zy8fOMAQ,
a0FHp00000zy8fPMAQ,
a0FHp00000zy8fQMAQ,
a0FHp00000zy8fRMAQ,
a0FHp00000zy8fSMAQ,
a0FHp00000zy8fTMAQ,
a0FHp00000zy8fUMAQ,
a0FHp00000zy8fVMAQ,
a0FHp00000zy8fWMAQ,
a0FHp00000zy8fXMAQ,
a0FHp00000zy8fYMAQ,
a0FHp00000zy8fZMAQ,
a0FHp00000zy8faMAA,
a0FHp00000zy8fbMAA,
a0FHp00000zy8fcMAA,
a0FHp00000zy8fdMAA,
a0FHp00000zy8feMAA,
a0FHp00000zy8ffMAA,
a0FHp00000zy8fgMAA,
a0FHp00000zy8fhMAA,
a0FHp00000zy8fiMAA,
a0FHp00000zy8fjMAA,
a0FHp00000zy8fkMAA,
a0FHp00000zy8flMAA,28972
a0FHp00000zy8fmMAA,28972
a0FHp00000zy8fnMAA,28972
a0FHp00000zy8foMAA,28972
a0FHp00000zy8fpMAA,28972
a0FHp00000zy8fqMAA,28972
a0FHp00000zy8frMAA,28972
a0FHp00000zy8fsMAA,28972
a0FHp00000zy8ftMAA,28972
a0FHp00000zy8fuMAA,28972
a0FHp00000zy8fvMAA,28972
a0FHp00000zy8fwMAA,28972
a0FHp00000zy8fxMAA,28972
a0FHp00000zy8fyMAA,28972
a0FHp00000zy8fzMAA,28972
a0FHp00000zy8g0MAA,28972
a0FHp00000zy8g1MAA,28972
a0FHp00000zy8g2MAA,28972.48
a0FHp00000zy8g3MAA,
a0FHp00000zy8g4MAA,
a0FHp00000zy8g5MAA,
a0FHp00000zy8g6MAA,
a0FHp00000zy8g7MAA,
a0FHp00000zy8g8MAA,
a0FHp00000zy8g9MAA,
a0FHp00000zy8gAMAQ,
a0FHp00000zy8gBMAQ,
a0FHp00000zy8gCMAQ,
a0FHp00000zy8gDMAQ,
a0FHp00000zy8gEMAQ,
a0FHp00000zy8gFMAQ,
a0FHp00000zy8gGMAQ,
a0FHp00000zy8gHMAQ,
a0FHp00000zy8gIMAQ,
a0FHp00000zy8gJMAQ,
a0FHp00000zy8gKMAQ,
a0FHp00000zy8gLMAQ,
a0FHp00000zy8gMMAQ,
a0FHp00000zy8gNMAQ,
a0FHp00000zy8gOMAQ,
a0FHp00000zy8gPMAQ,
a0FHp00000zy8gQMAQ,
a0FHp00000zy8gRMAQ,
a0FHp00000zy8gSMAQ,
a0FHp00000zy8gTMAQ,
a0FHp00000zy8gUMAQ,
a0FHp00000zy8gVMAQ,
a0FHp00000zy8gWMAQ,
a0FHp00000zy8gXMAQ,
a0FHp00000zy8gYMAQ,
a0FHp00000zy8gZMAQ,
a0FHp00000zy8gaMAA,
a0FHp00000zy8gbMAA,
a0FHp00000zy8gcMAA,
a0FHp00000zy8gdMAA,
a0FHp00000zy8hXMAQ,31092.82
a0FHp00000zy8hYMAQ,31092.82
a0FHp00000zy8hZMAQ,31092.82
a0FHp00000zy8haMAA,31092.82
a0FHp00000zy8hbMAA,31092.82
a0FHp00000zy8hcMAA,31092.82
a0FHp00000zy8hdMAA,31092.82
a0FHp00000zy8heMAA,31092.82
a0FHp00000zy8hfMAA,31092.82
a0FHp00000zy8hgMAA,31092.82
a0FHp00000zy8hhMAA,31092.82
a0FHp00000zy8hiMAA,31092.82
a0FHp00000zy8hjMAA,31092.82
a0FHp00000zy8hkMAA,31092.82
a0FHp00000zy8hlMAA,31092.82
a0FHp00000zy8hmMAA,31092.82
a0FHp00000zy8hnMAA,31092.82
a0FHp00000zy8hoMAA,31092.82
a0FHp00000zy8hpMAA,31092.82
a0FHp00000zy8hqMAA,3.78
a0FHp00000zy8hrMAA,
a0FHp00000zy8hsMAA,
a0FHp00000zy8htMAA,
a0FHp00000zy8huMAA,
a0FHp00000zy8hvMAA,
a0FHp00000zy8hwMAA,
a0FHp00000zy8hxMAA,
a0FHp00000zy8hyMAA,
a0FHp00000zy8hzMAA,
a0FHp00000zy8i0MAA,
a0FHp00000zy8i1MAA,
a0FHp00000zy8i2MAA,
a0FHp00000zy8i3MAA,
a0FHp00000zy8i4MAA,
a0FHp00000zy8i5MAA,
a0FHp00000zy8i6MAA,
a0FHp00000zy8i7MAA,
a0FHp00000zy8i8MAA,
a0FHp00000zy8i9MAA,
a0FHp00000zy8iAMAQ,
a0FHp00000zy8iBMAQ,
a0FHp00000zy8iCMAQ,
a0FHp00000zy8iDMAQ,
a0FHp00000zy8iEMAQ,
a0FHp00000zy8iFMAQ,
a0FHp00000zy8iGMAQ,
a0FHp00000zy8iHMAQ,
a0FHp00000zy8iIMAQ,
a0FHp00000zy8iJMAQ,
a0FHp00000zy8iKMAQ,
a0FHp00000zy8iLMAQ,
a0FHp00000zy8iMMAQ,
a0FHp00000zy8iNMAQ,
a0FHp00000zy8iOMAQ,
a0FHp00000zy8iPMAQ,
a0FHp00000zy8jJMAQ,45263.02
a0FHp00000zy8jKMAQ,45263.02
a0FHp00000zy8jLMAQ,45263.02
a0FHp00000zy8jMMAQ,45263.02
a0FHp00000zy8jNMAQ,45263.02
a0FHp00000zy8jOMAQ,45263.02
a0FHp00000zy8jPMAQ,45263.02
a0FHp00000zy8jQMAQ,45263.02
a0FHp00000zy8jRMAQ,45263.02
a0FHp00000zy8jSMAQ,45263.02
a0FHp00000zy8jTMAQ,45263.02
a0FHp00000zy8jUMAQ,45263.02
a0FHp00000zy8jVMAQ,45263.02
a0FHp00000zy8jWMAQ,45263.02
a0FHp00000zy8jXMAQ,45263.02
a0FHp00000zy8jYMAQ,45263.02
a0FHp00000zy8jZMAQ,45263.02
a0FHp00000zy8jaMAA,45263.02
a0FHp00000zy8jbMAA,45263.02
a0FHp00000zy8jcMAA,22631.51
a0FHp00000zy8jdMAA,22631.51
a0FHp00000zy8jeMAA,22631.51
a0FHp00000zy8jfMAA,22631.51
a0FHp00000zy8jgMAA,22631.51
a0FHp00000zy8jhMAA,22631.51
a0FHp00000zy8jiMAA,20069.3
a0FHp00000zy8jjMAA,
a0FHp00000zy8jkMAA,
a0FHp00000zy8jlMAA,
a0FHp00000zy8jmMAA,
a0FHp00000zy8jnMAA,
a0FHp00000zy8joMAA,
a0FHp00000zy8jpMAA,
a0FHp00000zy8jqMAA,
a0FHp00000zy8jrMAA,
a0FHp00000zy8jsMAA,
a0FHp00000zy8jtMAA,
a0FHp00000zy8juMAA,
a0FHp00000zy8jvMAA,
a0FHp00000zy8jwMAA,
a0FHp00000zy8jxMAA,
a0FHp00000zy8jyMAA,
a0FHp00000zy8jzMAA,
a0FHp00000zy8k0MAA,
a0FHp00000zy8k1MAA,
a0FHp00000zy8k2MAA,
a0FHp00000zy8k3MAA,
a0FHp00000zy8k4MAA,
a0FHp00000zy8k5MAA,
a0FHp00000zy8k6MAA,
a0FHp00000zy8k7MAA,
a0FHp00000zy8k8MAA,
a0FHp00000zy8k9MAA,
a0FHp00000zy8kAMAQ,
a0FHp00000zy8kBMAQ,
a0FHp00000zy8kCMAQ,29802.46
a0FHp00000zy8kDMAQ,29802.46
a0FHp00000zy8kEMAQ,29802.46
a0FHp00000zy8kFMAQ,29802.46
a0FHp00000zy8kGMAQ,29802.46
a0FHp00000zy8kHMAQ,29802.46
a0FHp00000zy8kIMAQ,29802.46
a0FHp00000zy8kJMAQ,29802.46
a0FHp00000zy8kKMAQ,29802.46
a0FHp00000zy8kLMAQ,29802.46
a0FHp00000zy8kMMAQ,29802.46
a0FHp00000zy8kNMAQ,29802.46
a0FHp00000zy8kOMAQ,29802.46
a0FHp00000zy8kPMAQ,29802.46
a0FHp00000zy8kQMAQ,29802.46
a0FHp00000zy8kRMAQ,29802.46
a0FHp00000zy8kSMAQ,29802.46
a0FHp00000zy8kTMAQ,29802.46
a0FHp00000zy8kUMAQ,29802.46
a0FHp00000zy8kVMAQ,14901.23
a0FHp00000zy8kWMAQ,14901.23
a0FHp00000zy8kXMAQ,14901.23
a0FHp00000zy8kYMAQ,14901.23
a0FHp00000zy8kZMAQ,14901.23
a0FHp00000zy8kaMAA,14901.23
a0FHp00000zy8kbMAA,14901.23
a0FHp00000zy8kcMAA,14901.23
a0FHp00000zy8kdMAA,14901.23
a0FHp00000zy8keMAA,775.05
a0FHp00000zy8kfMAA,
a0FHp00000zy8kgMAA,
a0FHp00000zy8khMAA,
a0FHp00000zy8kiMAA,
a0FHp00000zy8kjMAA,
a0FHp00000zy8kkMAA,
a0FHp00000zy8klMAA,
a0FHp00000zy8kmMAA,
a0FHp00000zy8knMAA,
a0FHp00000zy8koMAA,
a0FHp00000zy8kpMAA,
a0FHp00000zy8kqMAA,
a0FHp00000zy8krMAA,
a0FHp00000zy8ksMAA,
a0FHp00000zy8ktMAA,
a0FHp00000zy8kuMAA,
a0FHp00000zy8kvMAA,
a0FHp00000zy8kwMAA,
a0FHp00000zy8kxMAA,
a0FHp00000zy8kyMAA,
a0FHp00000zy8kzMAA,
a0FHp00000zy8l0MAA,
a0FHp00000zy8l1MAA,
a0FHp00000zy8l2MAA,
a0FHp00000zy8l3MAA,
a0FHp00000zy8l4MAA,
a0FHp00000zy8l5MAA,27981.8
a0FHp00000zy8l6MAA,27981.8
a0FHp00000zy8l7MAA,27981.8
a0FHp00000zy8l8MAA,27981.8
a0FHp00000zy8l9MAA,27981.8
a0FHp00000zy8lAMAQ,27981.8
a0FHp00000zy8lBMAQ,27981.8
a0FHp00000zy8lCMAQ,27952.43
a0FHp00000zy8lDMAQ,27981.8
a0FHp00000zy8lEMAQ,27981.8
a0FHp00000zy8lFMAQ,27956.07
a0FHp00000zy8lGMAQ,27981.8
a0FHp00000zy8lHMAQ,27981.8
a0FHp00000zy8lIMAQ,27981.8
a0FHp00000zy8lJMAQ,27981.8
a0FHp00000zy8lKMAQ,27981.8
a0FHp00000zy8lLMAQ,27981.8
a0FHp00000zy8lMMAQ,27981.8
a0FHp00000zy8lNMAQ,
a0FHp00000zy8lOMAQ,
a0FHp00000zy8lPMAQ,
a0FHp00000zy8lQMAQ,
a0FHp00000zy8lRMAQ,
a0FHp00000zy8lSMAQ,
a0FHp00000zy8lTMAQ,
a0FHp00000zy8lUMAQ,
a0FHp00000zy8lVMAQ,
a0FHp00000zy8lWMAQ,
a0FHp00000zy8lXMAQ,
a0FHp00000zy8lYMAQ,
a0FHp00000zy8lZMAQ,
a0FHp00000zy8laMAA,
a0FHp00000zy8lbMAA,
a0FHp00000zy8lcMAA,
a0FHp00000zy8ldMAA,
a0FHp00000zy8leMAA,
a0FHp00000zy8lfMAA,
a0FHp00000zy8lgMAA,
a0FHp00000zy8lhMAA,
a0FHp00000zy8liMAA,
a0FHp00000zy8ljMAA,
a0FHp00000zy8lkMAA,
a0FHp00000zy8llMAA,
a0FHp00000zy8lmMAA,
a0FHp00000zy8lnMAA,
a0FHp00000zy8loMAA,
a0FHp00000zy8lpMAA,
a0FHp00000zy8lqMAA,
a0FHp00000zy8lrMAA,
a0FHp00000zy8lsMAA,
a0FHp00000zy8ltMAA,
a0FHp00000zy8luMAA,
a0FHp00000zy8lvMAA,
a0FHp00000zy8lwMAA,
a0FHp00000zy8lxMAA,
a0FHp00000zy8lyMAA,27307.98
a0FHp00000zy8lzMAA,27307.98
a0FHp00000zy8m0MAA,27307.98
a0FHp00000zy8m1MAA,27307.98
a0FHp00000zy8m2MAA,27307.98
a0FHp00000zy8m3MAA,27307.98
a0FHp00000zy8m4MAA,27307.98
a0FHp00000zy8m5MAA,27307.98
a0FHp00000zy8m6MAA,27307.98
a0FHp00000zy8m7MAA,27307.98
a0FHp00000zy8m8MAA,27307.98
a0FHp00000zy8m9MAA,27307.98
a0FHp00000zy8mAMAQ,27307.98
a0FHp00000zy8mBMAQ,27307.98
a0FHp00000zy8mCMAQ,27307.98
a0FHp00000zy8mDMAQ,27307.98
a0FHp00000zy8mEMAQ,27307.98
a0FHp00000zy8mFMAQ,27307.98
a0FHp00000zy8mGMAQ,27307.98
a0FHp00000zy8mHMAQ,13653.99
a0FHp00000zy8mIMAQ,13653.99
a0FHp00000zy8mJMAQ,13653.99
a0FHp00000zy8mKMAQ,13653.99
a0FHp00000zy8mLMAQ,13653.99
a0FHp00000zy8mMMAQ,13653.99
a0FHp00000zy8mNMAQ,13653.99
a0FHp00000zy8mOMAQ,1122.12
a0FHp00000zy8mPMAQ,
a0FHp00000zy8mQMAQ,
a0FHp00000zy8mRMAQ,
a0FHp00000zy8mSMAQ,
a0FHp00000zy8mTMAQ,
a0FHp00000zy8mUMAQ,
a0FHp00000zy8mVMAQ,
a0FHp00000zy8mWMAQ,
a0FHp00000zy8mXMAQ,
a0FHp00000zy8mYMAQ,
a0FHp00000zy8mZMAQ,
a0FHp00000zy8maMAA,
a0FHp00000zy8mbMAA,
a0FHp00000zy8mcMAA,
a0FHp00000zy8mdMAA,
a0FHp00000zy8meMAA,
a0FHp00000zy8mfMAA,
a0FHp00000zy8mgMAA,
a0FHp00000zy8mhMAA,
a0FHp00000zy8miMAA,
a0FHp00000zy8mjMAA,
a0FHp00000zy8mkMAA,
a0FHp00000zy8mlMAA,
a0FHp00000zy8mmMAA,
a0FHp00000zy8mnMAA,
a0FHp00000zy8moMAA,
a0FHp00000zy8mpMAA,
a0FHp00000zy8mqMAA,
a0FHp00000zynesMAA,334744.6
a0FHp00000zyneuMAA,669489.2
a0FHp00000zynevMAA,66948.92
a0FHp00000zynewMAA,66948.92
a0FHp00000zynexMAA,66948.92
a0FHp00000zyneyMAA,66948.92
a0FHp00000zynezMAA,66948.92
a0FHp00000zynf0MAA,66948.92
a0FHp00000zynf1MAA,66948.92
a0FHp00000zynf2MAA,66948.92
a0FHp00000zynf3MAA,66948.92
a0FHp00000zynf4MAA,66948.92
a0FHp00000zynf5MAA,66948.92
a0FHp00000zynf6MAA,66948.92
a0FHp00000zynf7MAA,66948.92
a0FHp00000zynf8MAA,66948.92
a0FHp00000zynf9MAA,985.92
a0FHp00000zynfAMAQ,
a0FHp00000zynfBMAQ,
a0FHp00000zynfCMAQ,
a0FHp00000zynfDMAQ,
a0FHp00000zynfEMAQ,
a0FHp00000zynfFMAQ,
a0FHp00000zynfGMAQ,
a0FHp00000zynfHMAQ,
a0FHp00000zynfIMAQ,
a0FHp00000zynfJMAQ,
a0FHp00000zynfKMAQ,
a0FHp00000zynfLMAQ,
a0FHp00000zynfMMAQ,
a0FHp00000zynfNMAQ,
a0FHp00000zynfOMAQ,
a0FHp00000zynfPMAQ,
a0FHp00000zynfQMAQ,
a0FHp00000zynfRMAQ,
a0FHp00000zynfSMAQ,
a0FHp00000zynfTMAQ,
a0FHp00000zynfUMAQ,
a0FHp00000zynfVMAQ,
a0FHp00000zynfWMAQ,
a0FHp00000zynfXMAQ,
a0FHp00000zynfYMAQ,
a0FHp00000zynfZMAQ,
a0FHp00000zynfaMAA,
a0FHp00000zynfbMAA,
a0FHp00000zynfcMAA,
a0FHp00000zynfdMAA,
a0FHp00000zynfeMAA,
a0FHp00000zynffMAA,
a0FHp00000zynfgMAA,
a0FHp00000zynfhMAA,
a0FHp00000zynfiMAA,
a0FHp00000zynfjMAA,
a0FHp00000zynhUMAQ,324283.1
a0FHp00000zynhVMAQ,324283.1
a0FHp00000zynhWMAQ,324283.1
a0FHp00000zynhXMAQ,64856.62
a0FHp00000zynhYMAQ,64856.62
a0FHp00000zynhZMAQ,64856.62
a0FHp00000zynhaMAA,64856.62
a0FHp00000zynhbMAA,64856.62
a0FHp00000zynhcMAA,64856.62
a0FHp00000zynhdMAA,64856.62
a0FHp00000zynheMAA,64856.62
a0FHp00000zynhfMAA,64856.62
a0FHp00000zynhgMAA,64856.62
a0FHp00000zynhhMAA,64856.62
a0FHp00000zynhiMAA,64856.62
a0FHp00000zynhjMAA,64856.62
a0FHp00000zynhkMAA,64856.62
a0FHp00000zynhlMAA,194569.86
a0FHp00000zynhmMAA,32428.31
a0FHp00000zynhnMAA,32428.31
a0FHp00000zynhoMAA,32428.31
a0FHp00000zynhpMAA,32428.31
a0FHp00000zynhqMAA,32428.31
a0FHp00000zynhrMAA,32428.31
a0FHp00000zynhsMAA,32428.31
a0FHp00000zynhtMAA,
a0FHp00000zynhuMAA,
a0FHp00000zynhvMAA,
a0FHp00000zynhwMAA,
a0FHp00000zynhxMAA,
a0FHp00000zynhyMAA,
a0FHp00000zynhzMAA,
a0FHp00000zyni0MAA,
a0FHp00000zyni1MAA,
a0FHp00000zyni2MAA,
a0FHp00000zyni3MAA,
a0FHp00000zyni4MAA,
a0FHp00000zyni5MAA,
a0FHp00000zyni6MAA,
a0FHp00000zyni7MAA,
a0FHp00000zyni8MAA,
a0FHp00000zyni9MAA,
a0FHp00000zyniAMAQ,
a0FHp00000zyniBMAQ,
a0FHp00000zyniCMAQ,
a0FHp00000zyniDMAQ,
a0FHp00000zyniEMAQ,
a0FHp00000zyniFMAQ,
a0FHp00000zyniGMAQ,
a0FHp00000zyniHMAQ,
a0FHp00000zyniIMAQ,
a0FHp00000zyniJMAQ,
a0FHp00000zyniKMAQ,
a0FHp00000zyniLMAQ,
a0FHp00000zyod3MAA,4629000
a0FHp00000zyod4MAA,2314000
a0FHp00000zyod5MAA,2314052
a0FHp00000zyod6MAA,2314500
a0FHp00000zyod7MAA,
a0FHp00000zyodrMAA,4835000
a0FHp00000zyodsMAA,2417500
a0FHp00000zyodtMAA,2417500
a0FHp00000zyoduMAA,2417500
a0FHp00000zyodvMAA,
a0FHp00000zyoeGMAQ,2372500
a0FHp00000zyoeHMAQ,2372500
a0FHp00000zyoeIMAQ,2372500
a0FHp00000zyoeJMAQ,
a0FHp00000zyoeKMAQ,
a0FHp00000zypOXMAY,4075820
a0FHp00000zypOYMAY,2037910
a0FHp00000zypOZMAY,2037910
a0FHp00000zypOaMAI,2037910
a0FHp00000zypObMAI,
a0FHp00000zypS0MAI,4529000
a0FHp00000zypS1MAI,2264500
a0FHp00000zypS2MAI,2264500
a0FHp00000zypS3MAI,2261350
a0FHp00000zypS4MAI,
a0FRg000005bjvRMAQ,4673000
a0FRg000005bjvSMAQ,2336500
a0FRg000005bjvTMAQ,2336500
a0FRg000005bjvUMAQ,2336500
a0FRg000005bjvVMAQ,
a0FRg000005bkIuMAI,10397500
a0FRg000005bkIyMAI,
a0FRg000005bkiqMAA,168187.1
a0FRg000005bkirMAA,168187.1
a0FRg000005bkisMAA,168187.1
a0FRg000005bkitMAA,33637.42
a0FRg000005bkiuMAA,33637.42
a0FRg000005bkivMAA,33637.42
a0FRg000005bkiwMAA,33637.42
a0FRg000005bkixMAA,33637.42
a0FRg000005bkiyMAA,33637.42
a0FRg000005bkizMAA,33637.42
a0FRg000005bkj0MAA,33637.42
a0FRg000005bkj1MAA,33637.42
a0FRg000005bkj2MAA,33637.42
a0FRg000005bkj3MAA,33637.42
a0FRg000005bkj4MAA,33637.42
a0FRg000005bkj5MAA,33637.42
a0FRg000005bkj6MAA,884.92
a0FRg000005bkj7MAA,
a0FRg000005bkj8MAA,
a0FRg000005bkj9MAA,
a0FRg000005bkjAMAQ,
a0FRg000005bkjBMAQ,
a0FRg000005bkjCMAQ,
a0FRg000005bkjDMAQ,
a0FRg000005bkjEMAQ,
a0FRg000005bkjFMAQ,
a0FRg000005bkjGMAQ,
a0FRg000005bkjHMAQ,
a0FRg000005bkjIMAQ,
a0FRg000005bkjJMAQ,
a0FRg000005bkjKMAQ,
a0FRg000005bkjLMAQ,
a0FRg000005bkjMMAQ,
a0FRg000005bkjNMAQ,
a0FRg000005bkjOMAQ,
a0FRg000005bkjPMAQ,
a0FRg000005bkjQMAQ,
a0FRg000005bkjRMAQ,
a0FRg000005bkjSMAQ,
a0FRg000005bkjTMAQ,
a0FRg000005bkjUMAQ,
a0FRg000005bkjVMAQ,
a0FRg000005bkjWMAQ,
a0FRg000005bkjXMAQ,
a0FRg000005bkjYMAQ,
a0FRg000005bkjZMAQ,
a0FRg000005bkjaMAA,
a0FRg000005bkjbMAA,
a0FRg000005bkjcMAA,
a0FRg000005bkjdMAA,
a0FRg000005bkjeMAA,
a0FRg000005bkjfMAA,
a0FRg000005bkjgMAA,
a0FRg000005bkjhMAA,846804.5
a0FRg000005bkjvMAA,33872.18
a0FRg000005bkjwMAA,33872.18
a0FRg000005bkjxMAA,
a0FRg000005bkjyMAA,
a0FRg000005bkjzMAA,
a0FRg000005bkk0MAA,
a0FRg000005bkk1MAA,
a0FRg000005bkk2MAA,
a0FRg000005bkk3MAA,
a0FRg000005bkk4MAA,
a0FRg000005bkk5MAA,
a0FRg000005bkk6MAA,
a0FRg000005bkk7MAA,
a0FRg000005bkk8MAA,
a0FRg000005bkk9MAA,
a0FRg000005bkkAMAQ,
a0FRg000005bkkBMAQ,
a0FRg000005bkkCMAQ,
a0FRg000005bkkDMAQ,
a0FRg000005bkkEMAQ,
a0FRg000005bkkFMAQ,
a0FRg000005bkkGMAQ,
a0FRg000005bkkHMAQ,
a0FRg000005bkkIMAQ,
a0FRg000005bkkJMAQ,
a0FRg000005bkkKMAQ,
a0FRg000005bkkLMAQ,
a0FRg000005bkkMMAQ,
a0FRg000005bkkNMAQ,
a0FRg000005bkkOMAQ,
a0FRg000005bkkPMAQ,
a0FRg000005bkkQMAQ,
a0FRg000005bkkRMAQ,
a0FRg000005bkkSMAQ,
a0FRg000005bkkTMAQ,
a0FRg000005bkkUMAQ,
a0FRg000005bkkVMAQ,
a0FRg000005bkkWMAQ,
a0FRg000005bkkXMAQ,
a0FRg000005bkvfMAA,1661545.54
a0FRg000005bkvtMAA,66461.98
a0FRg000005bkvuMAA,66461.98
a0FRg000005bkvvMAA,
a0FRg000005bkvwMAA,
a0FRg000005bkvxMAA,
a0FRg000005bkvyMAA,
a0FRg000005bkvzMAA,
a0FRg000005bkw0MAA,
a0FRg000005bkw1MAA,
a0FRg000005bkw2MAA,
a0FRg000005bkw3MAA,
a0FRg000005bkw4MAA,
a0FRg000005bkw5MAA,
a0FRg000005bkw6MAA,
a0FRg000005bkw7MAA,
a0FRg000005bkw8MAA,
a0FRg000005bkw9MAA,
a0FRg000005bkwAMAQ,
a0FRg000005bkwBMAQ,
a0FRg000005bkwCMAQ,
a0FRg000005bkwDMAQ,
a0FRg000005bkwEMAQ,
a0FRg000005bkwFMAQ,
a0FRg000005bkwGMAQ,
a0FRg000005bkwHMAQ,
a0FRg000005bkwIMAQ,
a0FRg000005bkwJMAQ,
a0FRg000005bkwKMAQ,
a0FRg000005bkwLMAQ,
a0FRg000005bkwMMAQ,
a0FRg000005bkwNMAQ,
a0FRg000005bkwOMAQ,
a0FRg000005bkwPMAQ,
a0FRg000005bkwQMAQ,
a0FRg000005bkwRMAQ,
a0FRg000005bkwSMAQ,
a0FRg000005bkwTMAQ,
a0FRg000005bkwUMAQ,
a0FRg000005bkwVMAQ,
a0FRg000005bkxNMAQ,335520.6
a0FRg000005bkxOMAQ,335520.6
a0FRg000005bkxPMAQ,67104.12
a0FRg000005bkxQMAQ,67104.12
a0FRg000005bkxRMAQ,67104.12
a0FRg000005bkxSMAQ,67104.12
a0FRg000005bkxTMAQ,67104.12
a0FRg000005bkxUMAQ,67104.12
a0FRg000005bkxVMAQ,67104.12
a0FRg000005bkxWMAQ,67104.12
a0FRg000005bkxXMAQ,67104.12
a0FRg000005bkxYMAQ,67104.12
a0FRg000005bkxZMAQ,67104.12
a0FRg000005bkxaMAA,67104.12
a0FRg000005bkxbMAA,67104.12
a0FRg000005bkxcMAA,67104.12
a0FRg000005bkxdMAA,201312.36
a0FRg000005bkxeMAA,33353.08
a0FRg000005bkxfMAA,33552
a0FRg000005bkxgMAA,33552
a0FRg000005bkxhMAA,33552
a0FRg000005bkxiMAA,33552
a0FRg000005bkxjMAA,33352
a0FRg000005bkxkMAA,
a0FRg000005bkxlMAA,
a0FRg000005bkxmMAA,
a0FRg000005bkxnMAA,
a0FRg000005bkxoMAA,
a0FRg000005bkxpMAA,
a0FRg000005bkxqMAA,
a0FRg000005bkxrMAA,
a0FRg000005bkxsMAA,
a0FRg000005bkxtMAA,
a0FRg000005bkxuMAA,
a0FRg000005bkxvMAA,
a0FRg000005bkxwMAA,
a0FRg000005bkxxMAA,
a0FRg000005bkxyMAA,
a0FRg000005bkxzMAA,
a0FRg000005bky0MAA,
a0FRg000005bky1MAA,
a0FRg000005bky2MAA,
a0FRg000005bky3MAA,
a0FRg000005bky4MAA,
a0FRg000005bky5MAA,
a0FRg000005bky6MAA,
a0FRg000005bky7MAA,
a0FRg000005bky8MAA,
a0FRg000005bky9MAA,
a0FRg000005bkyAMAQ,
a0FRg000005bkyBMAQ,
a0FRg000005bkyCMAQ,
a0FRg000005bkyDMAQ,
a0FRg000005bkzwMAA,
a0FRg000005bkzxMAA,
a0FRg000005bkzyMAA,
a0FRg000005bkzzMAA,
a0FRg000005bl00MAA,
a0FRg000005bl01MAA,
a0FRg000005bl02MAA,
a0FRg000005bl03MAA,
a0FRg000005bl04MAA,
a0FRg000005bl05MAA,
a0FRg000005bl06MAA,
a0FRg000005bl07MAA,
a0FRg000005bl08MAA,
a0FRg000005bl09MAA,
a0FRg000005bl0AMAQ,
a0FRg000005bl0BMAQ,
a0FRg000005bl0CMAQ,
a0FRg000005bl1eMAA,28250.66
a0FRg000005bl1fMAA,28250.66
a0FRg000005bl1gMAA,28250.66
a0FRg000005bl1hMAA,28250.66
a0FRg000005bl1iMAA,28250.66
a0FRg000005bl1jMAA,28250.66
a0FRg000005bl1kMAA,28250.66
a0FRg000005bl1lMAA,28250.66
a0FRg000005bl1mMAA,28250.66
a0FRg000005bl1nMAA,28250.66
a0FRg000005bl1oMAA,28250.66
a0FRg000005bl1pMAA,28250.66
a0FRg000005bl1qMAA,28249.86
a0FRg000005bl1rMAA,
a0FRg000005bl1sMAA,
a0FRg000005bl1tMAA,
a0FRg000005bl1uMAA,
a0FRg000005bl1vMAA,
a0FRg000005bl1wMAA,
a0FRg000005bl1xMAA,
a0FRg000005bl1yMAA,
a0FRg000005bl1zMAA,
a0FRg000005bl20MAA,
a0FRg000005bl21MAA,
a0FRg000005bl22MAA,
a0FRg000005bl23MAA,
a0FRg000005bl24MAA,
a0FRg000005bl25MAA,
a0FRg000005bl26MAA,
a0FRg000005bl27MAA,
a0FRg000005bl28MAA,
a0FRg000005bl29MAA,
a0FRg000005bl2AMAQ,
a0FRg000005bl2BMAQ,
a0FRg000005bl2CMAQ,
a0FRg000005bl2DMAQ,
a0FRg000005bl2EMAQ,
a0FRg000005bl2FMAQ,
a0FRg000005bl2GMAQ,
a0FRg000005bl2HMAQ,
a0FRg000005bl2IMAQ,
a0FRg000005bl2JMAQ,
a0FRg000005bl2KMAQ,
a0FRg000005bl2LMAQ,
a0FRg000005bl2MMAQ,
a0FRg000005bl2NMAQ,
a0FRg000005bl2OMAQ,
a0FRg000005bl2PMAQ,
a0FRg000005bl2QMAQ,
a0FRg000005bl2RMAQ,
a0FRg000005bl2SMAQ,
a0FRg000005bl2TMAQ,
a0FRg000005bl2UMAQ,
a0FRg000005bl2VMAQ,28587.6
a0FRg000005bl2WMAQ,28587.6
a0FRg000005bl2XMAQ,28587.6
a0FRg000005bl2YMAQ,28587.6
a0FRg000005bl2ZMAQ,28587.6
a0FRg000005bl2aMAA,28587.6
a0FRg000005bl2bMAA,28587.6
a0FRg000005bl2cMAA,28587.6
a0FRg000005bl2dMAA,28587.6
a0FRg000005bl2eMAA,28587.6
a0FRg000005bl2fMAA,28587.6
a0FRg000005bl2gMAA,28587.6
a0FRg000005bl2hMAA,28587.6
a0FRg000005bl2iMAA,28587.6
a0FRg000005bl2jMAA,28587.6
a0FRg000005bl2kMAA,28587.6
a0FRg000005bl2lMAA,42146.48
a0FRg000005bl54MAA,149012.3
a0FRg000005bl55MAA,29802.46
a0FRg000005bl56MAA,149012.3
a0FRg000005bl57MAA,29802.46
a0FRg000005bl58MAA,29802.46
a0FRg000005bl59MAA,29802.46
a0FRg000005bl5AMAQ,29802.46
a0FRg000005bl5BMAQ,29802.46
a0FRg000005bl5CMAQ,29802.46
a0FRg000005bl5DMAQ,29802.46
a0FRg000005bl5EMAQ,29802.46
a0FRg000005bl5FMAQ,29802.46
a0FRg000005bl5GMAQ,29802.46
a0FRg000005bl5HMAQ,29802.46
a0FRg000005bl5IMAQ,29802.46
a0FRg000005bl5JMAQ,29802.46
a0FRg000005bl5KMAQ,
a0FRg000005bl5LMAQ,
a0FRg000005bl5MMAQ,
a0FRg000005bl5NMAQ,
a0FRg000005bl5OMAQ,
a0FRg000005bl5PMAQ,
a0FRg000005bl5QMAQ,
a0FRg000005bl5RMAQ,
a0FRg000005bl5SMAQ,
a0FRg000005bl5TMAQ,
a0FRg000005bl5UMAQ,
a0FRg000005bl5VMAQ,
a0FRg000005bl5WMAQ,
a0FRg000005bl5XMAQ,
a0FRg000005bl5YMAQ,
a0FRg000005bl5ZMAQ,
a0FRg000005bl5aMAA,
a0FRg000005bl5bMAA,
a0FRg000005bl5cMAA,
a0FRg000005bl5dMAA,
a0FRg000005bl5eMAA,
a0FRg000005bl5fMAA,
a0FRg000005bl5gMAA,
a0FRg000005bl5hMAA,
a0FRg000005bl5iMAA,
a0FRg000005bl5jMAA,
a0FRg000005bl5kMAA,
a0FRg000005bl5lMAA,
a0FRg000005bl5mMAA,
a0FRg000005bl5nMAA,
a0FRg000005bl5oMAA,
a0FRg000005bl5pMAA,
a0FRg000005bl5qMAA,
a0FRg000005bl5rMAA,
a0FRg000005bl5sMAA,
a0FRg000005bl5tMAA,
a0FRg000005bl5uMAA,
a0FRg000005blACMAY,45673.2
a0FRg000005blADMAY,45673.2
a0FRg000005blAEMAY,45673.2
a0FRg000005blAFMAY,45673.2
a0FRg000005blAGMAY,45673.2
a0FRg000005blAHMAY,45673.2
a0FRg000005blAIMAY,45673.2
a0FRg000005blAJMAY,45673.2
a0FRg000005blAKMAY,45673.2
a0FRg000005blALMAY,45673.2
a0FRg000005blAMMAY,45673.2
a0FRg000005blANMAY,45673.2
a0FRg000005blAOMAY,45673.2
a0FRg000005blAPMAY,45673.2
a0FRg000005blARMAY,45673.2
a0FRg000005blASMAY,45673.2
a0FRg000005blATMAY,7.69
a0FRg000005blAUMAY,
a0FRg000005blAVMAY,
a0FRg000005blAWMAY,
a0FRg000005blAXMAY,
a0FRg000005blAYMAY,
a0FRg000005blAZMAY,
a0FRg000005blAaMAI,
a0FRg000005blAbMAI,
a0FRg000005blAcMAI,
a0FRg000005blAdMAI,
a0FRg000005blAeMAI,
a0FRg000005blAfMAI,
a0FRg000005blAgMAI,
a0FRg000005blAhMAI,
a0FRg000005blAiMAI,
a0FRg000005blAjMAI,
a0FRg000005blAkMAI,
a0FRg000005blAlMAI,
a0FRg000005blAmMAI,
a0FRg000005blAnMAI,
a0FRg000005blAoMAI,
a0FRg000005blApMAI,
a0FRg000005blAqMAI,
a0FRg000005blArMAI,
a0FRg000005blAsMAI,
a0FRg000005blAtMAI,
a0FRg000005blAuMAI,
a0FRg000005blAvMAI,
a0FRg000005blAwMAI,
a0FRg000005blAxMAI,
a0FRg000005blAyMAI,
a0FRg000005blAzMAI,
a0FRg000005blB0MAI,
a0FRg000005blB1MAI,
a0FRg000005blB2MAI,
a0FRg000005blIkMAI,
a0FRg000005blIlMAI,
a0FRg000005blImMAI,
a0FRg000005blInMAI,
a0FRg000005blIoMAI,
a0FRg000005blIpMAI,
a0FRg000005blIqMAI,
a0FRg000005blIrMAI,
a0FRg000005blIsMAI,
a0FRg000005blItMAI,
a0FRg000005blIuMAI,
a0FRg000005blIvMAI,
a0FRg000005blIwMAI,
a0FRg000005blIxMAI,
a0FRg000005blIyMAI,
a0FRg000005blIzMAI,
a0FRg000005blJ0MAI,
a0FRg000005blJ1MAI,
a0FRg000005blJ2MAI,
a0FRg000005blJ3MAI,
a0FRg000005blJ4MAI,
a0FRg000005blJ5MAI,
a0FRg000005blJ6MAI,
a0FRg000005blJ7MAI,
a0FRg000005blJ8MAI,
a0FRg000005blJ9MAI,
a0FRg000005blJAMAY,
a0FRg000005blJBMAY,
a0FRg000005blJCMAY,
a0FRg000005blJDMAY,
a0FRg000005blJEMAY,
a0FRg000005blJFMAY,
a0FRg000005blJGMAY,
a0FRg000005blJHMAY,
a0FRg000005blJIMAY,
a0FRg000005blJJMAY,
a0FRg000005blJKMAY,
a0FRg000005blJLMAY,
a0FRg000005blJMMAY,
a0FRg000005blJNMAY,
a0FRg000005blJOMAY,
a0FRg000005blJPMAY,
a0FRg000005blJQMAY,
a0FRg000005blJRMAY,
a0FRg000005blJSMAY,
a0FRg000005blJTMAY,
a0FRg000005blJUMAY,
a0FRg000005blJVMAY,
a0FRg000005blJWMAY,
a0FRg000005blJXMAY,
a0FRg000005blJYMAY,
a0FRg000005blJZMAY,
a0FRg000005blJaMAI,
a0FRg000005bnYMMAY,44727.9
a0FRg000005bpGnMAI,24515000
a0FRg000005bptWMAQ,145297
a0FRg000005bqj7MAA,29235.07
a0FRg000005bqkjMAA,29262
a0FRg000005bqmLMAQ,29262
a0FRg000005bso9MAA,136539.9
a0FRg000005bsplMAA,159590.88
a0FRg000005bsrNMAQ,
a0FRg000005bsszMAA,
a0FRg000005btPFMAY,129652.6
a0FRg000005btQrMAI,129652.6
a0FRg000005btSTMAY,25930.52
a0FRg000005btU5MAI,25930.52
a0FRg000005btVhMAI,25930.52
a0FRg000005btaYMAQ,29028.6
a0FRg000005btgzMAA,223639.5
a0FRg000005btkDMAQ,268367.4
a0FRg000005btlpMAA,44727.9
a0FRg000005btx8MAA,29009
a0FRg000005btyjMAA,145297
a0FRg000005bu1xMAA,29059.4
a0FRg000005bv66MAA,414764.7
a0FRg000005bwLVMAY,165519.5
a0FRg000005bx6HMAQ,164372.3
a0FRg000005byqLMAQ,155464.1
a0FRg000005byrxMAA,186556.92
a0FRg000005bywnMAA,31092.82
a0FRg000005bz01MAA,31092.82
a0FRg000005bzPpMAI,138254.9
a0FRg000005bzRRMAY,138254.9
a0FRg000005c00vMAA,136539.9
a0FRg000005c02XMAQ,136539.9
a0FRg000005c0CDMAY,27307.98
a0FRg000005c0DpMAI,27307.98
a0FRg000005c0FRMAY,27307.98
a0FRg000005c0lhMAA,131325.6
a0FRg000005c0nJMAQ,131325.6
a0FRg000005c1TFMAY,26265.12
a0FRg000005c1WTMAY,26265.12
a0FRg000005c1ZhMAI,26265.12
a0FRg000005dAmGMAU,38077.43
a0FRg000005dFqjMAE,221425.2
a0FRg000005dFsLMAU,221425.2
a0FRg000005dFtxMAE,43836
a0FRg000005dFvZMAU,44285.04
a0FRg000005dGelMAE,142049.9
a0FRg000005dGmnMAE,149012.3
a0FRg000005dGoPMAU,238419.68
a0FRg000005dH1JMAU,145731.6
a0FRg000005dH2vMAE,145731.6
a0FRg000005dH4XMAU,29146.32
a0FRg000005dH69MAE,29146.32
a0FRg000005dH9NMAU,29146.32
a0FRg000005dHR7MAM,824320
a0FRg000005dIgZMAU,224308.4
a0FRg000005dIwfMAE,155929.1
a0FRg000005dIztMAE,155929.1
a0FRg000005dJ37MAE,31185.82
a0FRg000005dJ4jMAE,31185.82
a0FRg000005dJ6LMAU,31185.82
a0FRg000005dJBCMA2,27733.68
a0FRg000005dJKtMAM,131718.4
a0FRg000005dJRJMA2,142049.9
a0FRg000005dJUXMA2,28409.98
a0FRg000005dJW9MAM,28409.98
a0FRg000005dJXlMAM,28409.98
a0FRg000005dJj3MAE,138668.4
a0FRg000005dJkfMAE,138668.4
a0FRg000005dJmHMAU,27733.68
a0FRg000005dJpVMAU,27733.68
a0FRg000005dJr7MAE,136948.3
a0FRg000005dJuLMAU,136948.3
a0FRg000005dJvxMAE,27389.66
a0FRg000005dJxZMAU,27389.66
a0FRg000005dJzBMAU,27389.66
a0FRg000005dK41MAE,337380.2
a0FRg000005dK8sMAE,26343.68
a0FRg000005dKFJMA2,131718.4
a0FRg000005dKIXMA2,26343.68
a0FRg000005dKLlMAM,26343.68
a0FRg000005dLCzMAM,224308.4
a0FRg000005dLGDMA2,44861.68
a0FRg000005dLHpMAM,44861.68
a0FRg000005dLJRMA2,44861.68
a0FRg000005dMPBMA2,144862.4
a0FRg000005dMQnMAM,144862.4
a0FRg000005dMSPMA2,28972.48
a0FRg000005dMU1MAM,28972
a0FRg000005dMnNMAU,28972
a0FRg000005dMqbMAE,165519.5
a0FRg000005dMsDMAU,165519.5
a0FRg000005dMtpMAE,33103.9
a0FRg000005dMvRMAU,33103.9
a0FRg000005dMx3MAE,33103.9
a0FRg000005dOXSMA2,27843.96
a0FRg000005dOh7MAE,154999.1
a0FRg000005dOijMAE,154999.1
a0FRg000005dOkLMAU,30999.82
a0FRg000005dOlxMAE,30999.82
a0FRg000005dOnZMAU,30999.82
a0FRg000005dQ1NMAU,784380.85
a0FRg000005dQB3MAM,139219.8
a0FRg000005dQCfMAM,167063.76
a0FRg000005dQEHMA2,27843.96
a0FRg000005dUg5MAE,137492.8
a0FRg000005dUo9MAE,164991.36
a0FRg000005dUrNMAU,27498.56
a0FRg000005dV5tMAE,27498.56
a0FRg000005dWGTMA2,130932.8
a0FRg000005dWMvMAM,130932.8
a0FRg000005dWTNMA2,26186.56
a0FRg000005dWYDMA2,26186.56
a0FRg000005dXVtMAM,26186.56
a0FRg000005dYyDMAU,150052.3
a0FRg000005dZ33MAE,240083.68
a0FRg000005fymxMAA,134173.8
a0FRg000005gWS3MAM,143320.8
a0FRg000005gWYTMA2,145579.5
a0FRg000005gWa5MAE,145579.5
a0FRg000005gWbhMAE,29115.9
a0FRg000005gWevMAE,29115.9
a0FRg000005gWewMAE,325888.5
a0FRg000005gWgXMAU,29115.9
a0FRg000005gWiAMAU,32938.4
a0FRg000005gWjmMAE,65177.7
a0FRg000005gWlOMAU,27634.68
a0FRg000005gWrpMAE,164692
a0FRg000005gWtRMAU,164692
a0FRg000005gWwfMAE,32938.4
a0FRg000005gWyHMAU,32938.4
a0FRg000005gX4kMAE,27981.8
a0FRg000005gX6LMAU,325888.5
a0FRg000005gX9ZMAU,65177.7
a0FRg000005gXBBMA2,65177.7
a0FRg000005gXCpMAM,157324.1
a0FRg000005gXXmMAM,211113.14
a0FRg000005gXcdMAE,26579.36
a0FRg000005gY7FMAU,251718.56
a0FRg000005gYKBMA2,45263.02
a0FRg000005gYLlMAM,143320.8
a0FRg000005gYNNMA2,28664.16
a0FRg000005gYOzMAM,28664.16
a0FRg000005gYQbMAM,28664.16
a0FRg000005gYTpMAM,139909
a0FRg000005gYVRMA2,139909
a0FRg000005gYX3MAM,27981.8
a0FRg000005gYYfMAM,27981.8
a0FRg000005gYdVMAU,138173.4
a0FRg000005gYf7MAE,165808.08
a0FRg000005gYgjMAE,27634.68
a0FRg000005gZ3KMAU,29402.76
a0FRg000005gZ4vMAE,132896.8
a0FRg000005gZ89MAE,132896.8
a0FRg000005gZBNMA2,26579.36
a0FRg000005gZCzMAM,26579.36
a0FRg000005gZRVMA2,226315.1
a0FRg000005gZT7MAM,226315.1
a0FRg000005gZUjMAM,45263.02
a0FRg000005gZXxMAM,45263.02
a0FRg000005gZcnMAE,150795.1
a0FRg000005gZePMAU,30159.02
a0FRg000005gZrJMAU,147013.8
a0FRg000005gZuXMAU,147013.8
a0FRg000005gZxlMAE,29402.76
a0FRg000005ga0zMAA,29402.76
a0FRg000005gaKLMAY,3290992
a0FRg000005gaQnMAI,157301.1
a0FRg000005gaSPMAY,157301.1
a0FRg000005gaU1MAI,31460.22
a0FRg000005gaVdMAI,31460.22
a0FRg000005gaXFMAY,31460.22
a0FRg000005gadhMAA,143299.8
a0FRg000005gafJMAQ,143299.8
a0FRg000005gagvMAA,28659.96
a0FRg000005gaiXMAQ,28659.96
a0FRg000005gallMAA,28659.96
a0FRg000005gatpMAA,599999.64
a0FRg000005gb3VMAQ,132877.3
a0FRg000005gb57MAA,132877.3
a0FRg000005gb6jMAA,26575.46
a0FRg000005gb8LMAQ,26575.46
a0FRg000005gbBZMAY,26575.46
a0FRg000005gbLFMAY,228544.8
a0FRg000005gbOTMAY,274253.76
a0FRg000005gbQ5MAI,45708.96
a0FRg000005gbRhMAI,45708.96
a0FRg000005gbZmMAI,334291.7
a0FRg000005gcFiMAI,28250.66
a0FRg000005gcSbMAI,152280.8
a0FRg000005gcUDMAY,334291.7
a0FRg000005gcVpMAI,66858.34
a0FRg000005gcXRMAY,66858.34
a0FRg000005gcZ3MAI,66858.34
a0FRg000005gdi1MAA,149908.81
a0FRg000005gdlFMAQ,179919
a0FRg000005gdmrMAA,29987
a0FRg000005gdoTMAQ,29987
a0FRg000005gem9MAA,1696165
a0FRg000005gfBxMAI,1588358
a0FRg000005gfGnMAI,144697.8
a0FRg000005gfOrMAI,141253.3
a0FRg000005gfQTMAY,254255.94
a0FRg000005gg3BMAQ,139501.1
a0FRg000005gg6PMAQ,195301.54
a0FRg000005gg81MAA,27900
a0FRg000005ggfuMAA,45697.92
a0FRg000005gglaMAA,26834.76
a0FRg000005gguPMAQ,26834.76
a0FRg000005ggxdMAA,26834.76
a0FRg000005ghk1MAA,228489.6
a0FRg000005ghldMAA,274187.52
a0FRg000005ghnFMAQ,45697.92
a0FRg000005giRaMAI,67510.62
a0FRg000005gikvMAA,152244
a0FRg000005giplMAA,45673.2
a0FRg000005girNMAQ,45673.2
a0FRg000005gj5uMAA,337553.04
a0FRg000005gjc9MAA,337553.1
a0FRg000005gjdlMAA,67510.62
a0FRg000005gjfNMAQ,67510.62
a0FRg000005hnsFMAQ,154378.8
a0FRg000005hnsGMAQ,22304.93
a0FRg000005hoWYMAY,47523.62
a0FRg000005hqoWMAQ,136824.8
a0FRg000005hsTiMAI,154378
a0FRg000005hsf0MAA,335520.6
a0FRg000005hswkMAA,47523.62
a0FRg000005ht3BMAQ,30875.76
a0FRg000005ht4nMAA,30875.76
a0FRg000005ht6PMAQ,30875.76
a0FRg000005htPlMAI,165181.5
a0FRg000005htSzMAI,165181.5
a0FRg000005htUbMAI,33036.3
a0FRg000005htWDMAY,33036.3
a0FRg000005htZRMAY,
a0FRg000005htb3MAA,
a0FRg000005htmMMAQ,280942.92
a0FRg000005hu5iMAA,29652.58
a0FRg000005hu7LMAQ,32549.82
a0FRg000005huCAMAY,152105.5
a0FRg000005huKDMAY,147556.9
a0FRg000005huLpMAI,206579.66
a0FRg000005huNRMAY,29511.38
a0FRg000005huNSMAY,34414.94
a0FRg000005huX7MAI,796641.44
a0FRg000005hudZMAQ,128253.63
a0FRg000005hufBMAQ,
a0FRg000005huk2MAA,28587.6
a0FRg000005huosMAA,139267.85
a0FRg000005huthMAA,237618.1
a0FRg000005huvJMAQ,237618.1
a0FRg000005huvKMAQ,47523.62
a0FRg000005hv1lMAA,465756.3
a0FRg000005hv50MAA,326178.38
a0FRg000005hv6bMAA,152105.5
a0FRg000005hv8DMAQ,30421.1
a0FRg000005hv9pMAA,30421.1
a0FRg000005hvBRMAY,30421.1
a0FRg000005hvD3MAI,172074.7
a0FRg000005hvGHMAY,172074.7
a0FRg000005hvGIMAY,34414.94
a0FRg000005hvHtMAI,34414.94
a0FRg000005hvMjMAI,162749.1
a0FRg000005hvOLMAY,32549.82
a0FRg000005hvPxMAI,32549.82
a0FRg000005hvRZMAY,162749.1
a0FRg000005hvUnMAI,29652.58
a0FRg000005hvY1MAI,144733.4
a0FRg000005hvZdMAI,
a0FRg000005hvbFMAQ,
a0FRg000005hvcrMAA,
a0FRg000005hveTMAQ,
a0FRg000005hvplMAA,142938
a0FRg000005hvszMAA,171525.6
a0FRg000005hvubMAA,28587.6
a0FRg000005hvwDMAQ,28587.6
a0FRg000005hvxpMAA,28587.6
a0FRg000005hw13MAA,176068.2
a0FRg000005hw2fMAA,197697.52
a0FRg000005hw4HMAQ,
a0FRg000005hw5tMAA,
a0FRg000005hwHBMAY,357446.7
a0FRg000005hwM1MAI,234119.1
a0FRg000005hwNdMAI,46823.82
a0FRg000005hwPFMAY,46823.82
a0FRg000005hwQrMAI,155994.9
a0FRg000005hwU5MAI,155994.9
a0FRg000005hwVhMAI,155994.9
a0FRg000005hwYvMAI,138998.9
a0FRg000005hwdlMAA,
a0FRg000005hwfNMAQ,
a0FRg000005hypFMAQ,2372500
a0FRg000006AFWlMAO,4389000
a0FRg000006AFWmMAO,2194500
a0FRg000006AFWnMAO,2194500
a0FRg000006AFWoMAO,2194500
a0FRg000006AFWpMAO,
a0FRg000006Ala5MAC,
a0FRg000006Ala6MAC,
a0FRg000006Ala7MAC,
a0FRg000006Ala8MAC,
a0FRg000006Ala9MAC,
a0FRg000006AlaAMAS,
a0FRg000006AlaBMAS,
a0FRg000006AlaCMAS,
a0FRg000006AlaDMAS,
a0FRg000006AlaEMAS,
a0FRg000006AlaFMAS,
a0FRg000006AlaGMAS,
a0FRg000006AlaHMAS,
a0FRg000006AlaIMAS,
a0FRg000006AlaJMAS,
a0FRg000006AlaKMAS,
a0FRg000006AlaLMAS,
a0FRg000006AlaMMAS,
a0FRg000006AlaNMAS,
a0FRg000006AlaOMAS,
a0FRg000006AlaPMAS,
a0FRg000006AlaQMAS,
a0FRg000006AlaRMAS,
a0FRg000006AlaSMAS,
a0FRg000006AlaTMAS,
a0FRg000006AlaUMAS,
a0FRg000006AlaVMAS,
a0FRg000006AlaWMAS,
a0FRg000006AlaXMAS,
a0FRg000006AlaYMAS,
a0FRg000006AlaZMAS,
a0FRg000006AlaaMAC,
a0FRg000006AlabMAC,
a0FRg000006AlacMAC,
a0FRg000006AladMAC,
a0FRg000006AlaeMAC,
a0FRg000006AlafMAC,
a0FRg000006AlagMAC,
a0FRg000006AlahMAC,
a0FRg000006AlaiMAC,
a0FRg000006AlajMAC,
a0FRg000006AlakMAC,
a0FRg000006AlalMAC,
a0FRg000006AlamMAC,
a0FRg000006AlanMAC,
a0FRg000006AlaoMAC,
a0FRg000006AlapMAC,
a0FRg000006AlaqMAC,
a0FRg000006AlarMAC,
a0FRg000006AlasMAC,
a0FRg000006AlatMAC,
a0FRg000006AlauMAC,
a0FRg000006Alv3MAC,1610178
a0FRg000006BdllMAC,171876.1
a0FRg000006BdlmMAC,171876.1
a0FRg000006BdlnMAC,51562.83
a0FRg000006BdloMAC,51562.83
a0FRg000006BdlpMAC,51562.83
a0FRg000006BdlqMAC,51562.83
a0FRg000006BdlrMAC,51562.83
a0FRg000006BdlsMAC,51562.83
a0FRg000006BdltMAC,34375.22
a0FRg000006BdluMAC,34375.22
a0FRg000006BdlvMAC,34375.22
a0FRg000006BdlwMAC,34375.22
a0FRg000006BdlxMAC,34375.22
a0FRg000006BdlyMAC,34375.22
a0FRg000006BdlzMAC,34375.22
a0FRg000006Bdm0MAC,68749.61
a0FRg000006Bdm1MAC,
a0FRg000006Bdm2MAC,
a0FRg000006Bdm3MAC,
a0FRg000006Bdm4MAC,
a0FRg000006Bdm5MAC,
a0FRg000006Bdm6MAC,
a0FRg000006Bdm7MAC,
a0FRg000006Bdm8MAC,
a0FRg000006Bdm9MAC,
a0FRg000006BdmAMAS,
a0FRg000006BdmBMAS,
a0FRg000006BdmCMAS,
a0FRg000006BdmDMAS,
a0FRg000006BdmEMAS,
a0FRg000006BdmFMAS,
a0FRg000006BdmGMAS,
a0FRg000006BdmHMAS,
a0FRg000006BdmIMAS,
a0FRg000006BdmJMAS,
a0FRg000006BdmKMAS,
a0FRg000006BdmLMAS,
a0FRg000006BdmMMAS,
a0FRg000006BdmNMAS,
a0FRg000006BdmOMAS,
a0FRg000006BdmPMAS,
a0FRg000006BdmQMAS,
a0FRg000006BdmRMAS,
a0FRg000006BdmSMAS,
a0FRg000006BdmTMAS,
a0FRg000006BdmUMAS,
a0FRg000006BdmVMAS,
a0FRg000006BdmWMAS,
a0FRg000006BdmXMAS,
a0FRg000006BdmYMAS,
a0FRg000006BdmZMAS,
a0FRg000006BdmaMAC,
a0FRg000006I2SvMAK,679560.46
a0FRg000006I2T3MAK,125182.19
a0FRg000006I2T6MAK,122504.8
a0FRg000006I2TAMA0,
a0FRg000006I2TBMA0,
a0FRg000006I2TCMA0,
a0FRg000006I2TDMA0,
a0FRg000006I2TEMA0,
a0FRg000006I2TFMA0,
a0FRg000006I2TGMA0,
a0FRg000006I2THMA0,
a0FRg000006I2TIMA0,
a0FRg000006I2TJMA0,
a0FRg000006I2TKMA0,
a0FRg000006I2TLMA0,
a0FRg000006I2TMMA0,
a0FRg000006I2TNMA0,
a0FRg000006I2TOMA0,
a0FRg000006I2TPMA0,
a0FRg000006I2TQMA0,
a0FRg000006I2TRMA0,
a0FRg000006I2TSMA0,
a0FRg000006I2TTMA0,
a0FRg000006I2TUMA0,
a0FRg000006I2TVMA0,
a0FRg000006I2TWMA0,
a0FRg000006I2TXMA0,
a0FRg000006I2TYMA0,
a0FRg000006I2TZMA0,
a0FRg000006I2TaMAK,
a0FRg000006I2TbMAK,
a0FRg000006I2TcMAK,
a0FRg000006I2TdMAK,
a0FRg000006I2TeMAK,
a0FRg000006I2TfMAK,
a0FRg000006I2TgMAK,
a0FRg000006I2ThMAK,
a0FRg000006I2TiMAK,
a0FRg000006I2TjMAK,
a0FRg000006I2TkMAK,
a0FRg000006I4PtMAK,
a0FRg000006I4PuMAK,
a0FRg000006I4PvMAK,
a0FRg000006I4PwMAK,
a0FRg000006I4PxMAK,
a0FRg000006I4PyMAK,
a0FRg000006I4PzMAK,
a0FRg000006I4Q0MAK,
a0FRg000006I4Q1MAK,
a0FRg000006I4Q2MAK,
a0FRg000006I4Q3MAK,
a0FRg000006I4Q4MAK,
a0FRg000006I4Q5MAK,
a0FRg000006I4Q6MAK,
a0FRg000006I4Q7MAK,
a0FRg000006I4Q8MAK,
a0FRg000006I4Q9MAK,
a0FRg000006I4QAMA0,
a0FRg000006I4QBMA0,
a0FRg000006I4QCMA0,
a0FRg000006I4QDMA0,
a0FRg000006I4QEMA0,
a0FRg000006I4QFMA0,
a0FRg000006I4QGMA0,
a0FRg000006I4QHMA0,
a0FRg000006I4QIMA0,
a0FRg000006I4QJMA0,
a0FRg000006I4QKMA0,
a0FRg000006I4QLMA0,
a0FRg000006I4QMMA0,
a0FRg000006I4QNMA0,
a0FRg000006I4QOMA0,
a0FRg000006I4QPMA0,
a0FRg000006I4QQMA0,
a0FRg000006I4QRMA0,
a0FRg000006I4QSMA0,
a0FRg000006I4QTMA0,
a0FRg000006I4QUMA0,
a0FRg000006I4QVMA0,
a0FRg000006I4QWMA0,
a0FRg000006I4QXMA0,
a0FRg000006I4QYMA0,
a0FRg000006I4QZMA0,
a0FRg000006I4QaMAK,
a0FRg000006I4QbMAK,
a0FRg000006I4QcMAK,
a0FRg000006I4QdMAK,
a0FRg000006I4QeMAK,
a0FRg000006I4QfMAK,
a0FRg000006I4QgMAK,
a0FRg000006I4QhMAK,
a0FRg000006I4QiMAK,
a0FRg000006KWEnMAO,197200
a0FRg000006KWEpMAO,29580
a0FRg000006KWEqMAO,29580
a0FRg000006KWErMAO,29580
a0FRg000006KWEsMAO,29580
a0FRg000006KWEtMAO,29580
a0FRg000006KWEuMAO,29580
a0FRg000006KWEvMAO,19720
a0FRg000006KWEwMAO,19720
a0FRg000006KWExMAO,19720
a0FRg000006KWEyMAO,19720
a0FRg000006KWEzMAO,19720
a0FRg000006KWF0MAO,19720
a0FRg000006KWF1MAO,19720
a0FRg000006KWF2MAO,30595.31
a0FRg000006KWF3MAO,
a0FRg000006KWF4MAO,
a0FRg000006KWF5MAO,
a0FRg000006KWF6MAO,
a0FRg000006KWF7MAO,
a0FRg000006KWF8MAO,
a0FRg000006KWF9MAO,
a0FRg000006KWFAMA4,
a0FRg000006KWFBMA4,
a0FRg000006KWFCMA4,
a0FRg000006KWFDMA4,
a0FRg000006KWFEMA4,
a0FRg000006KWFFMA4,
a0FRg000006KWFGMA4,
a0FRg000006KWFHMA4,
a0FRg000006KWFIMA4,
a0FRg000006KWFJMA4,
a0FRg000006KWFKMA4,
a0FRg000006KWFLMA4,
a0FRg000006KWFMMA4,
a0FRg000006KWFNMA4,
a0FRg000006KWFOMA4,
a0FRg000006KWFPMA4,
a0FRg000006KWFQMA4,
a0FRg000006KWFRMA4,
a0FRg000006KWFSMA4,
a0FRg000006KWFTMA4,
a0FRg000006KWFUMA4,
a0FRg000006KWFVMA4,
a0FRg000006KWFWMA4,
a0FRg000006KWFXMA4,
a0FRg000006KWFYMA4,
a0FRg000006KWFZMA4,
a0FRg000006KWFaMAO,
a0FRg000006KWFbMAO,
a0FRg000006KWFcMAO,
a0FRg000006KWFdMAO,234400
a0FRg000006KWFfMAO,35160
a0FRg000006KWFgMAO,35160
a0FRg000006KWFhMAO,35160
a0FRg000006KWFiMAO,35160
a0FRg000006KWFjMAO,35160
a0FRg000006KWFkMAO,35160
a0FRg000006KWFlMAO,23440
a0FRg000006KWFmMAO,23440
a0FRg000006KWFnMAO,23440
a0FRg000006KWFoMAO,23440
a0FRg000006KWFpMAO,23440
a0FRg000006KWFqMAO,23440
a0FRg000006KWFrMAO,23440
a0FRg000006KWFsMAO,30595.31
a0FRg000006KWFtMAO,
a0FRg000006KWFuMAO,
a0FRg000006KWFvMAO,
a0FRg000006KWFwMAO,
a0FRg000006KWFxMAO,
a0FRg000006KWFyMAO,
a0FRg000006KWFzMAO,
a0FRg000006KWG0MAO,
a0FRg000006KWG1MAO,
a0FRg000006KWG2MAO,
a0FRg000006KWG3MAO,
a0FRg000006KWG4MAO,
a0FRg000006KWG5MAO,
a0FRg000006KWG6MAO,
a0FRg000006KWG7MAO,
a0FRg000006KWG8MAO,
a0FRg000006KWG9MAO,
a0FRg000006KWGAMA4,
a0FRg000006KWGBMA4,
a0FRg000006KWGCMA4,
a0FRg000006KWGDMA4,
a0FRg000006KWGEMA4,
a0FRg000006KWGFMA4,
a0FRg000006KWGGMA4,
a0FRg000006KWGHMA4,
a0FRg000006KWGIMA4,
a0FRg000006KWGJMA4,
a0FRg000006KWGKMA4,
a0FRg000006KWGLMA4,
a0FRg000006KWGMMA4,
a0FRg000006KWGNMA4,
a0FRg000006KWGOMA4,
a0FRg000006KWGPMA4,
a0FRg000006KWGQMA4,
a0FRg000006KWGRMA4,
a0FRg000006KWGSMA4,
a0FRg000006KWGTMA4,194800
a0FRg000006KWGVMA4,29220
a0FRg000006KWGWMA4,29220
a0FRg000006KWGXMA4,29220
a0FRg000006KWGYMA4,29220
a0FRg000006KWGZMA4,29220
a0FRg000006KWGaMAO,29220
a0FRg000006KWGbMAO,19480
a0FRg000006KWGcMAO,19480
a0FRg000006KWGdMAO,19480
a0FRg000006KWGeMAO,19480
a0FRg000006KWGfMAO,19480
a0FRg000006KWGgMAO,19480
a0FRg000006KWGhMAO,19480
a0FRg000006KWGiMAO,30595.31
a0FRg000006KWGjMAO,
a0FRg000006KWGkMAO,
a0FRg000006KWGlMAO,
a0FRg000006KWGmMAO,
a0FRg000006KWGnMAO,
a0FRg000006KWGoMAO,
a0FRg000006KWGpMAO,
a0FRg000006KWGqMAO,
a0FRg000006KWGrMAO,
a0FRg000006KWGsMAO,
a0FRg000006KWGtMAO,
a0FRg000006KWGuMAO,
a0FRg000006KWGvMAO,
a0FRg000006KWGwMAO,
a0FRg000006KWGxMAO,
a0FRg000006KWGyMAO,
a0FRg000006KWGzMAO,
a0FRg000006KWH0MAO,
a0FRg000006KWH1MAO,
a0FRg000006KWH2MAO,
a0FRg000006KWH3MAO,
a0FRg000006KWH4MAO,
a0FRg000006KWH5MAO,
a0FRg000006KWH6MAO,
a0FRg000006KWH7MAO,
a0FRg000006KWH8MAO,
a0FRg000006KWH9MAO,
a0FRg000006KWHAMA4,
a0FRg000006KWHBMA4,
a0FRg000006KWHCMA4,
a0FRg000006KWHDMA4,
a0FRg000006KWHEMA4,
a0FRg000006KWHFMA4,
a0FRg000006KWHGMA4,
a0FRg000006KWHHMA4,
a0FRg000006KWHIMA4,
a0FRg000006KWHJMA4,212600
a0FRg000006KWHLMA4,31890
a0FRg000006KWHMMA4,31890
a0FRg000006KWHNMA4,31890
a0FRg000006KWHOMA4,31890
a0FRg000006KWHPMA4,31890
a0FRg000006KWHQMA4,31890
a0FRg000006KWHRMA4,21260
a0FRg000006KWHSMA4,21260
a0FRg000006KWHTMA4,21260
a0FRg000006KWHUMA4,21260
a0FRg000006KWHVMA4,21260
a0FRg000006KWHWMA4,21260
a0FRg000006KWHXMA4,21260
a0FRg000006KWHYMA4,30595.31
a0FRg000006KWHZMA4,
a0FRg000006KWHaMAO,
a0FRg000006KWHbMAO,
a0FRg000006KWHcMAO,
a0FRg000006KWHdMAO,
a0FRg000006KWHeMAO,
a0FRg000006KWHfMAO,
a0FRg000006KWHgMAO,
a0FRg000006KWHhMAO,
a0FRg000006KWHiMAO,
a0FRg000006KWHjMAO,
a0FRg000006KWHkMAO,
a0FRg000006KWHlMAO,
a0FRg000006KWHmMAO,
a0FRg000006KWHnMAO,
a0FRg000006KWHoMAO,
a0FRg000006KWHpMAO,
a0FRg000006KWHqMAO,
a0FRg000006KWHrMAO,
a0FRg000006KWHsMAO,
a0FRg000006KWHtMAO,
a0FRg000006KWHuMAO,
a0FRg000006KWHvMAO,
a0FRg000006KWHwMAO,
a0FRg000006KWHxMAO,
a0FRg000006KWHyMAO,
a0FRg000006KWHzMAO,
a0FRg000006KWI0MAO,
a0FRg000006KWI1MAO,
a0FRg000006KWI2MAO,
a0FRg000006KWI3MAO,
a0FRg000006KWI4MAO,
a0FRg000006KWI5MAO,
a0FRg000006KWI6MAO,
a0FRg000006KWI7MAO,
a0FRg000006KWI8MAO,
a0FRg000006KWI9MAO,187200
a0FRg000006KWIBMA4,28080
a0FRg000006KWICMA4,28080
a0FRg000006KWIDMA4,28080
a0FRg000006KWIEMA4,28080
a0FRg000006KWIFMA4,28080
a0FRg000006KWIGMA4,28080
a0FRg000006KWIHMA4,18720
a0FRg000006KWIIMA4,18720
a0FRg000006KWIJMA4,18720
a0FRg000006KWIKMA4,18720
a0FRg000006KWILMA4,18720
a0FRg000006KWIMMA4,18720
a0FRg000006KWINMA4,18720
a0FRg000006KWIOMA4,30595.31
a0FRg000006KWIPMA4,
a0FRg000006KWIQMA4,
a0FRg000006KWIRMA4,
a0FRg000006KWISMA4,
a0FRg000006KWITMA4,
a0FRg000006KWIUMA4,
a0FRg000006KWIVMA4,
a0FRg000006KWIWMA4,
a0FRg000006KWIXMA4,
a0FRg000006KWIYMA4,
a0FRg000006KWIZMA4,
a0FRg000006KWIaMAO,
a0FRg000006KWIbMAO,
a0FRg000006KWIcMAO,
a0FRg000006KWIdMAO,
a0FRg000006KWIeMAO,
a0FRg000006KWIfMAO,
a0FRg000006KWIgMAO,
a0FRg000006KWIhMAO,
a0FRg000006KWIiMAO,
a0FRg000006KWIjMAO,
a0FRg000006KWIkMAO,
a0FRg000006KWIlMAO,
a0FRg000006KWImMAO,
a0FRg000006KWInMAO,
a0FRg000006KWIoMAO,
a0FRg000006KWIpMAO,
a0FRg000006KWIqMAO,
a0FRg000006KWIrMAO,
a0FRg000006KWIsMAO,
a0FRg000006KWItMAO,
a0FRg000006KWIuMAO,
a0FRg000006KWIvMAO,
a0FRg000006KWIwMAO,
a0FRg000006KWIxMAO,
a0FRg000006KWIyMAO,
a0FRg000006KWIzMAO,202000
a0FRg000006KWJ1MAO,30300
a0FRg000006KWJ2MAO,30300
a0FRg000006KWJ3MAO,30300
a0FRg000006KWJ4MAO,30300
a0FRg000006KWJ5MAO,30300
a0FRg000006KWJ6MAO,30300
a0FRg000006KWJ7MAO,20200
a0FRg000006KWJ8MAO,20200
a0FRg000006KWJ9MAO,20200
a0FRg000006KWJAMA4,20200
a0FRg000006KWJBMA4,20200
a0FRg000006KWJCMA4,20200
a0FRg000006KWJDMA4,20200
a0FRg000006KWJEMA4,30595.31
a0FRg000006KWJFMA4,
a0FRg000006KWJGMA4,
a0FRg000006KWJHMA4,
a0FRg000006KWJIMA4,
a0FRg000006KWJJMA4,
a0FRg000006KWJKMA4,
a0FRg000006KWJLMA4,
a0FRg000006KWJMMA4,
a0FRg000006KWJNMA4,
a0FRg000006KWJOMA4,
a0FRg000006KWJPMA4,
a0FRg000006KWJQMA4,
a0FRg000006KWJRMA4,
a0FRg000006KWJSMA4,
a0FRg000006KWJTMA4,
a0FRg000006KWJUMA4,
a0FRg000006KWJVMA4,
a0FRg000006KWJWMA4,
a0FRg000006KWJXMA4,
a0FRg000006KWJYMA4,
a0FRg000006KWJZMA4,
a0FRg000006KWJaMAO,
a0FRg000006KWJbMAO,
a0FRg000006KWJcMAO,
a0FRg000006KWJdMAO,
a0FRg000006KWJeMAO,
a0FRg000006KWJfMAO,
a0FRg000006KWJgMAO,
a0FRg000006KWJhMAO,
a0FRg000006KWJiMAO,
a0FRg000006KWJjMAO,
a0FRg000006KWJkMAO,
a0FRg000006KWJlMAO,
a0FRg000006KWJmMAO,
a0FRg000006KWJnMAO,
a0FRg000006KWJoMAO,
a0FRg000006KWJpMAO,471400
a0FRg000006KWJrMAO,70710
a0FRg000006KWJsMAO,70710
a0FRg000006KWJtMAO,70710
a0FRg000006KWJuMAO,70710
a0FRg000006KWJvMAO,70710
a0FRg000006KWJwMAO,70710
a0FRg000006KWJxMAO,47140
a0FRg000006KWJyMAO,47140
a0FRg000006KWJzMAO,47140
a0FRg000006KWK0MAO,47140
a0FRg000006KWK1MAO,47140
a0FRg000006KWK2MAO,47140
a0FRg000006KWK3MAO,47140
a0FRg000006KWK4MAO,30595.31
a0FRg000006KWK5MAO,
a0FRg000006KWK6MAO,
a0FRg000006KWK7MAO,
a0FRg000006KWK8MAO,
a0FRg000006KWK9MAO,
a0FRg000006KWKAMA4,
a0FRg000006KWKBMA4,
a0FRg000006KWKCMA4,
a0FRg000006KWKDMA4,
a0FRg000006KWKEMA4,
a0FRg000006KWKFMA4,
a0FRg000006KWKGMA4,
a0FRg000006KWKHMA4,
a0FRg000006KWKIMA4,
a0FRg000006KWKJMA4,
a0FRg000006KWKKMA4,
a0FRg000006KWKLMA4,
a0FRg000006KWKMMA4,
a0FRg000006KWKNMA4,
a0FRg000006KWKOMA4,
a0FRg000006KWKPMA4,
a0FRg000006KWKQMA4,
a0FRg000006KWKRMA4,
a0FRg000006KWKSMA4,
a0FRg000006KWKTMA4,
a0FRg000006KWKUMA4,
a0FRg000006KWKVMA4,
a0FRg000006KWKWMA4,
a0FRg000006KWKXMA4,
a0FRg000006KWKYMA4,
a0FRg000006KWKZMA4,
a0FRg000006KWKaMAO,
a0FRg000006KWKbMAO,
a0FRg000006KWKcMAO,
a0FRg000006KWKdMAO,
a0FRg000006KWKeMAO,
a0FRg000006KWKfMAO,239800
a0FRg000006KWKhMAO,35970
a0FRg000006KWKiMAO,35970
a0FRg000006KWKjMAO,35970
a0FRg000006KWKkMAO,35970
a0FRg000006KWKlMAO,35970
a0FRg000006KWKmMAO,35970
a0FRg000006KWKnMAO,23980
a0FRg000006KWKoMAO,23980
a0FRg000006KWKpMAO,23980
a0FRg000006KWKqMAO,23980
a0FRg000006KWKrMAO,23980
a0FRg000006KWKsMAO,23980
a0FRg000006KWKtMAO,23980
a0FRg000006KWKuMAO,30595.31
a0FRg000006KWKvMAO,
a0FRg000006KWKwMAO,
a0FRg000006KWKxMAO,
a0FRg000006KWKyMAO,
a0FRg000006KWKzMAO,
a0FRg000006KWL0MAO,
a0FRg000006KWL1MAO,
a0FRg000006KWL2MAO,
a0FRg000006KWL3MAO,
a0FRg000006KWL4MAO,
a0FRg000006KWL5MAO,
a0FRg000006KWL6MAO,
a0FRg000006KWL7MAO,
a0FRg000006KWL8MAO,
a0FRg000006KWL9MAO,
a0FRg000006KWLAMA4,
a0FRg000006KWLBMA4,
a0FRg000006KWLCMA4,
a0FRg000006KWLDMA4,
a0FRg000006KWLEMA4,
a0FRg000006KWLFMA4,
a0FRg000006KWLGMA4,
a0FRg000006KWLHMA4,
a0FRg000006KWLIMA4,
a0FRg000006KWLJMA4,
a0FRg000006KWLKMA4,
a0FRg000006KWLLMA4,
a0FRg000006KWLMMA4,
a0FRg000006KWLNMA4,
a0FRg000006KWLOMA4,
a0FRg000006KWLPMA4,
a0FRg000006KWLQMA4,
a0FRg000006KWLRMA4,
a0FRg000006KWLSMA4,
a0FRg000006KWLTMA4,
a0FRg000006KWLUMA4,
a0FRg000006KWLVMA4,319000
a0FRg000006KWLXMA4,47850
a0FRg000006KWLYMA4,47850
a0FRg000006KWLZMA4,47850
a0FRg000006KWLaMAO,47850
a0FRg000006KWLbMAO,47850
a0FRg000006KWLcMAO,47850
a0FRg000006KWLdMAO,31900
a0FRg000006KWLeMAO,31900
a0FRg000006KWLfMAO,31900
a0FRg000006KWLgMAO,31900
a0FRg000006KWLhMAO,31900
a0FRg000006KWLiMAO,31900
a0FRg000006KWLjMAO,31900
a0FRg000006KWLkMAO,30595.31
a0FRg000006KWLlMAO,
a0FRg000006KWLmMAO,
a0FRg000006KWLnMAO,
a0FRg000006KWLoMAO,
a0FRg000006KWLpMAO,
a0FRg000006KWLqMAO,
a0FRg000006KWLrMAO,
a0FRg000006KWLsMAO,
a0FRg000006KWLtMAO,
a0FRg000006KWLuMAO,
a0FRg000006KWLvMAO,
a0FRg000006KWLwMAO,
a0FRg000006KWLxMAO,
a0FRg000006KWLyMAO,
a0FRg000006KWLzMAO,
a0FRg000006KWM0MAO,
a0FRg000006KWM1MAO,
a0FRg000006KWM2MAO,
a0FRg000006KWM3MAO,
a0FRg000006KWM4MAO,
a0FRg000006KWM5MAO,
a0FRg000006KWM6MAO,
a0FRg000006KWM7MAO,
a0FRg000006KWM8MAO,
a0FRg000006KWM9MAO,
a0FRg000006KWMAMA4,
a0FRg000006KWMBMA4,
a0FRg000006KWMCMA4,
a0FRg000006KWMDMA4,
a0FRg000006KWMEMA4,
a0FRg000006KWMFMA4,
a0FRg000006KWMGMA4,
a0FRg000006KWMHMA4,
a0FRg000006KWMIMA4,
a0FRg000006KWMJMA4,
a0FRg000006KWMKMA4,
a0FRg000006KWMLMA4,459400
a0FRg000006KWMNMA4,68910
a0FRg000006KWMOMA4,68910
a0FRg000006KWMPMA4,68910
a0FRg000006KWMQMA4,68910
a0FRg000006KWMRMA4,68910
a0FRg000006KWMSMA4,68910
a0FRg000006KWMTMA4,45940
a0FRg000006KWMUMA4,45940
a0FRg000006KWMVMA4,45940
a0FRg000006KWMWMA4,45940
a0FRg000006KWMXMA4,45940
a0FRg000006KWMYMA4,45940
a0FRg000006KWMZMA4,45940
a0FRg000006KWMaMAO,30595.31
a0FRg000006KWMbMAO,
a0FRg000006KWMcMAO,
a0FRg000006KWMdMAO,
a0FRg000006KWMeMAO,
a0FRg000006KWMfMAO,
a0FRg000006KWMgMAO,
a0FRg000006KWMhMAO,
a0FRg000006KWMiMAO,
a0FRg000006KWMjMAO,
a0FRg000006KWMkMAO,
a0FRg000006KWMlMAO,
a0FRg000006KWMmMAO,
a0FRg000006KWMnMAO,
a0FRg000006KWMoMAO,
a0FRg000006KWMpMAO,
a0FRg000006KWMqMAO,
a0FRg000006KWMrMAO,
a0FRg000006KWMsMAO,
a0FRg000006KWMtMAO,
a0FRg000006KWMuMAO,
a0FRg000006KWMvMAO,
a0FRg000006KWMwMAO,
a0FRg000006KWMxMAO,
a0FRg000006KWMyMAO,
a0FRg000006KWMzMAO,
a0FRg000006KWN0MAO,
a0FRg000006KWN1MAO,
a0FRg000006KWN2MAO,
a0FRg000006KWN3MAO,
a0FRg000006KWN4MAO,
a0FRg000006KWN5MAO,
a0FRg000006KWN6MAO,
a0FRg000006KWN7MAO,
a0FRg000006KWN8MAO,
a0FRg000006KWN9MAO,
a0FRg000006KWNAMA4,
a0FRg000006KWNBMA4,475600
a0FRg000006KWNDMA4,71340
a0FRg000006KWNEMA4,71340
a0FRg000006KWNFMA4,71340
a0FRg000006KWNGMA4,71340
a0FRg000006KWNHMA4,71340
a0FRg000006KWNIMA4,71340
a0FRg000006KWNJMA4,47560
a0FRg000006KWNKMA4,47560
a0FRg000006KWNLMA4,47560
a0FRg000006KWNMMA4,47560
a0FRg000006KWNNMA4,47560
a0FRg000006KWNOMA4,47560
a0FRg000006KWNPMA4,47560
a0FRg000006KWNQMA4,30595.31
a0FRg000006KWNRMA4,
a0FRg000006KWNSMA4,
a0FRg000006KWNTMA4,
a0FRg000006KWNUMA4,
a0FRg000006KWNVMA4,
a0FRg000006KWNWMA4,
a0FRg000006KWNXMA4,
a0FRg000006KWNYMA4,
a0FRg000006KWNZMA4,
a0FRg000006KWNaMAO,
a0FRg000006KWNbMAO,
a0FRg000006KWNcMAO,
a0FRg000006KWNdMAO,
a0FRg000006KWNeMAO,
a0FRg000006KWNfMAO,
a0FRg000006KWNgMAO,
a0FRg000006KWNhMAO,
a0FRg000006KWNiMAO,
a0FRg000006KWNjMAO,
a0FRg000006KWNkMAO,
a0FRg000006KWNlMAO,
a0FRg000006KWNmMAO,
a0FRg000006KWNnMAO,
a0FRg000006KWNoMAO,
a0FRg000006KWNpMAO,
a0FRg000006KWNqMAO,
a0FRg000006KWNrMAO,
a0FRg000006KWNsMAO,
a0FRg000006KWNtMAO,
a0FRg000006KWNuMAO,
a0FRg000006KWNvMAO,
a0FRg000006KWNwMAO,
a0FRg000006KWNxMAO,
a0FRg000006KWNyMAO,
a0FRg000006KWNzMAO,
a0FRg000006KWO0MAO,
a0FRg000006KWO1MAO,221800
a0FRg000006KWO3MAO,33270
a0FRg000006KWO4MAO,33270
a0FRg000006KWO5MAO,33270
a0FRg000006KWO6MAO,33270
a0FRg000006KWO7MAO,33270
a0FRg000006KWO8MAO,33270
a0FRg000006KWO9MAO,22180
a0FRg000006KWOAMA4,22180
a0FRg000006KWOBMA4,22180
a0FRg000006KWOCMA4,22180
a0FRg000006KWODMA4,22180
a0FRg000006KWOEMA4,22180
a0FRg000006KWOFMA4,22180
a0FRg000006KWOGMA4,30595.31
a0FRg000006KWOHMA4,
a0FRg000006KWOIMA4,
a0FRg000006KWOJMA4,
a0FRg000006KWOKMA4,
a0FRg000006KWOLMA4,
a0FRg000006KWOMMA4,
a0FRg000006KWONMA4,
a0FRg000006KWOOMA4,
a0FRg000006KWOPMA4,
a0FRg000006KWOQMA4,
a0FRg000006KWORMA4,
a0FRg000006KWOSMA4,
a0FRg000006KWOTMA4,
a0FRg000006KWOUMA4,
a0FRg000006KWOVMA4,
a0FRg000006KWOWMA4,
a0FRg000006KWOXMA4,
a0FRg000006KWOYMA4,
a0FRg000006KWOZMA4,
a0FRg000006KWOaMAO,
a0FRg000006KWObMAO,
a0FRg000006KWOcMAO,
a0FRg000006KWOdMAO,
a0FRg000006KWOeMAO,
a0FRg000006KWOfMAO,
a0FRg000006KWOgMAO,
a0FRg000006KWOhMAO,
a0FRg000006KWOiMAO,
a0FRg000006KWOjMAO,
a0FRg000006KWOkMAO,
a0FRg000006KWOlMAO,
a0FRg000006KWOmMAO,
a0FRg000006KWOnMAO,
a0FRg000006KWOoMAO,
a0FRg000006KWOpMAO,
a0FRg000006KWOqMAO,
a0FRg000006KWOrMAO,207200
a0FRg000006KWOtMAO,31080
a0FRg000006KWOuMAO,31080
a0FRg000006KWOvMAO,31080
a0FRg000006KWOwMAO,31080
a0FRg000006KWOxMAO,31080
a0FRg000006KWOyMAO,31080
a0FRg000006KWOzMAO,20720
a0FRg000006KWP0MAO,20720
a0FRg000006KWP1MAO,20720
a0FRg000006KWP2MAO,20720
a0FRg000006KWP3MAO,20720
a0FRg000006KWP4MAO,20720
a0FRg000006KWP5MAO,20720
a0FRg000006KWP6MAO,30595.31
a0FRg000006KWP7MAO,
a0FRg000006KWP8MAO,
a0FRg000006KWP9MAO,
a0FRg000006KWPAMA4,
a0FRg000006KWPBMA4,
a0FRg000006KWPCMA4,
a0FRg000006KWPDMA4,
a0FRg000006KWPEMA4,
a0FRg000006KWPFMA4,
a0FRg000006KWPGMA4,
a0FRg000006KWPHMA4,
a0FRg000006KWPIMA4,
a0FRg000006KWPJMA4,
a0FRg000006KWPKMA4,
a0FRg000006KWPLMA4,
a0FRg000006KWPMMA4,
a0FRg000006KWPNMA4,
a0FRg000006KWPOMA4,
a0FRg000006KWPPMA4,
a0FRg000006KWPQMA4,
a0FRg000006KWPRMA4,
a0FRg000006KWPSMA4,
a0FRg000006KWPTMA4,
a0FRg000006KWPUMA4,
a0FRg000006KWPVMA4,
a0FRg000006KWPWMA4,
a0FRg000006KWPXMA4,
a0FRg000006KWPYMA4,
a0FRg000006KWPZMA4,
a0FRg000006KWPaMAO,
a0FRg000006KWPbMAO,
a0FRg000006KWPcMAO,
a0FRg000006KWPdMAO,
a0FRg000006KWPeMAO,
a0FRg000006KWPfMAO,
a0FRg000006KWPgMAO,
a0FRg000006KaNGMA0,171834.6
a0FRg000006KaNIMA0,51550.38
a0FRg000006KaNJMA0,51550.38
a0FRg000006KaNKMA0,51550.38
a0FRg000006KaNLMA0,51550.38
a0FRg000006KaNMMA0,51550.38
a0FRg000006KaNNMA0,51550.38
a0FRg000006KaNOMA0,34366.92
a0FRg000006KaNPMA0,34366.92
a0FRg000006KaNQMA0,34366.92
a0FRg000006KaNRMA0,34366.92
a0FRg000006KaNSMA0,34336.92
a0FRg000006KaNTMA0,34336.92
a0FRg000006KaNUMA0,34336.92
a0FRg000006KaNVMA0,
a0FRg000006KaNWMA0,
a0FRg000006KaNXMA0,
a0FRg000006KaNYMA0,
a0FRg000006KaNZMA0,
a0FRg000006KaNaMAK,
a0FRg000006KaNbMAK,
a0FRg000006KaNcMAK,
a0FRg000006KaNdMAK,
a0FRg000006KaNeMAK,
a0FRg000006KaNfMAK,
a0FRg000006KaNgMAK,
a0FRg000006KaNhMAK,
a0FRg000006KaNiMAK,
a0FRg000006KaNjMAK,
a0FRg000006KaNkMAK,
a0FRg000006KaNlMAK,
a0FRg000006KaNmMAK,
a0FRg000006KaNnMAK,
a0FRg000006KaNoMAK,
a0FRg000006KaNpMAK,
a0FRg000006KaNqMAK,
a0FRg000006KaNrMAK,
a0FRg000006KaNsMAK,
a0FRg000006KaNtMAK,
a0FRg000006KaNuMAK,
a0FRg000006KaNvMAK,
a0FRg000006KaNwMAK,
a0FRg000006KaNxMAK,
a0FRg000006KaNyMAK,
a0FRg000006KaNzMAK,
a0FRg000006KaO0MAK,
a0FRg000006KaO1MAK,
a0FRg000006KaO2MAK,
a0FRg000006KaO3MAK,
a0FRg000006KaO4MAK,
a0FRg000006KaO5MAK,
a0FRg000006KbsnMAC,171834.6
a0FRg000006br3VMAQ,
a0FRg000006br3YMAQ,
a0FRg000006br3ZMAQ,
a0FRg000006fcadMAA,333418.9
a0FRg000006fcaeMAA,333418.9
a0FRg000006fcafMAA,100025.67
a0FRg000006fcagMAA,100025.67
a0FRg000006fcahMAA,100025.67
a0FRg000006fcaiMAA,100025.67
a0FRg000006fcajMAA,100025.67
a0FRg000006fcakMAA,100025.67
a0FRg000006fcalMAA,100025.67
a0FRg000006fcamMAA,100025.67
a0FRg000006fcanMAA,66683.78
a0FRg000006fcaoMAA,66683.78
a0FRg000006fcapMAA,66683.78
a0FRg000006fcaqMAA,66683.78
a0FRg000006fcarMAA,400102.68
a0FRg000006fcasMAA,33341.89
a0FRg000006fcatMAA,33341.89
a0FRg000006fcauMAA,33341.89
a0FRg000006fcavMAA,33341.89
a0FRg000006fcawMAA,33341.89
a0FRg000006fcaxMAA,33341.89
a0FRg000006fcayMAA,33341.89
a0FRg000006fcazMAA,33341.89
a0FRg000006fcb0MAA,33341.89
a0FRg000006fcb1MAA,33341.89
a0FRg000006fcb2MAA,33341.89
a0FRg000006fcb3MAA,33341.89
a0FRg000006fcb4MAA,33341.89
a0FRg000006fcb5MAA,33341.89
a0FRg000006fcb6MAA,33341.89
a0FRg000006fcb7MAA,33341.89
a0FRg000006fcb8MAA,33341.89
a0FRg000006fcb9MAA,33341.89
a0FRg000006fcbAMAQ,33341.89
a0FRg000006fcbBMAQ,33341.89
a0FRg000006fcbCMAQ,33341.89
a0FRg000006fcbDMAQ,33341.89
a0FRg000006fcbEMAQ,33341.89
a0FRg000006fcbFMAQ,33341.89
a0FRg000006fcbGMAQ,33341.89
a0FRg000006fcbHMAQ,33341.89
a0FRg000006fcbIMAQ,33341.89
a0FRg000006fcbJMAQ,33341.89
a0FRg000006fcbKMAQ,33341.89
a0FRg000006fcbLMAQ,33341.89
a0FRg000006fcbMMAQ,33341.89
a0FRg000006fcbNMAQ,33341.89
a0FRg000006fcbOMAQ,33341.89
a0FRg000006fcbPMAQ,33341.89
a0FRg000006fcbQMAQ,33341.89
a0FRg000006fcbRMAQ,33341.89
a0FRg000006fcfZMAQ,339634
a0FRg000006fcfaMAA,339634
a0FRg000006fcfbMAA,101890.2
a0FRg000006fcfcMAA,101890.2
a0FRg000006fcfdMAA,101890.2
a0FRg000006fcfeMAA,101890.2
a0FRg000006fcffMAA,101890.2
a0FRg000006fcfgMAA,101890.2
a0FRg000006fcfhMAA,101890.2
a0FRg000006fcfiMAA,101890.2
a0FRg000006fcfjMAA,67926.8
a0FRg000006fcfkMAA,67926.8
a0FRg000006fcflMAA,67926.8
a0FRg000006fcfmMAA,67926.8
a0FRg000006fcfnMAA,407560.8
a0FRg000006fcfoMAA,33963.4
a0FRg000006fcfpMAA,33963.4
a0FRg000006fcfqMAA,33963.4
a0FRg000006fcfrMAA,33963.4
a0FRg000006fcfsMAA,33963.4
a0FRg000006fcftMAA,33963.4
a0FRg000006fcfuMAA,33963.4
a0FRg000006fcfvMAA,33963.4
a0FRg000006fcfwMAA,33963.4
a0FRg000006fcfxMAA,33963.4
a0FRg000006fcfyMAA,33963.4
a0FRg000006fcfzMAA,33963.4
a0FRg000006fcg0MAA,33963.4
a0FRg000006fcg1MAA,33963.4
a0FRg000006fcg2MAA,33963.4
a0FRg000006fcg3MAA,33963.4
a0FRg000006fcg4MAA,33963.4
a0FRg000006fcg5MAA,33963.4
a0FRg000006fcg6MAA,33963.4
a0FRg000006fcg7MAA,33963.4
a0FRg000006fcg8MAA,33963.4
a0FRg000006fcg9MAA,33963.4
a0FRg000006fcgAMAQ,33963.4
a0FRg000006fcgBMAQ,33963.4
a0FRg000006fcgCMAQ,33963.4
a0FRg000006fcgDMAQ,33963.4
a0FRg000006fcgEMAQ,33963.4
a0FRg000006fcgFMAQ,33963.4
a0FRg000006fcgGMAQ,33963.4
a0FRg000006fcgHMAQ,33963.4
a0FRg000006fcgIMAQ,33963.4
a0FRg000006fcgJMAQ,33963.4
a0FRg000006fcgKMAQ,33963.4
a0FRg000006fcgLMAQ,33963.4
a0FRg000006fcgMMAQ,33963.4
a0FRg000006fcgNMAQ,33963.4
a0FRg000006fclfMAA,2194500
a0FRg000006fclgMAA,2194500
a0FRg000006fclhMAA,2194500
a0FRg000006fcliMAA,2194500
a0FRg000006fcljMAA,
a0FRg000006iS6nMAE,2194500
a0FRg000006sHreMAE,2091500
a0FRg000006sHrfMAE,4183000
a0FRg000006sHrgMAE,2091500
a0FRg000006sHrhMAE,2091500
a0FRg000006sHriMAE,
a0FRg000007EU2NMAW,9091000
a0FRg000007EU2OMAW,13633350
a0FRg000007EU2RMAW,
a0FRg000007EUOnMAO,1763772
a0FRg000007EUOzMAO,36999.24
a0FRg000007EUP0MAO,
a0FRg000007EUP1MAO,
a0FRg000007EUP2MAO,
a0FRg000007EUP3MAO,
a0FRg000007EUP4MAO,
a0FRg000007EUP5MAO,
a0FRg000007EUP6MAO,
a0FRg000007EUP7MAO,
a0FRg000007EUP8MAO,
a0FRg000007EUP9MAO,
a0FRg000007EUPAMA4,
a0FRg000007EUPBMA4,
a0FRg000007EUPCMA4,
a0FRg000007EUPDMA4,
a0FRg000007EUPEMA4,
a0FRg000007EUPFMA4,
a0FRg000007EUPGMA4,
a0FRg000007EUPHMA4,
a0FRg000007EUPIMA4,
a0FRg000007EUPJMA4,
a0FRg000007EUPKMA4,
a0FRg000007EUPLMA4,
a0FRg000007EUPMMA4,
a0FRg000007EUPNMA4,
a0FRg000007EUPOMA4,
a0FRg000007EUPPMA4,
a0FRg000007EUPQMA4,
a0FRg000007EUPRMA4,
a0FRg000007EUPSMA4,
a0FRg000007EUPTMA4,
a0FRg000007EUPUMA4,
a0FRg000007EUPVMA4,
a0FRg000007EUPWMA4,
a0FRg000007EUPXMA4,
a0FRg000007EUPYMA4,
a0FRg000007EUPZMA4,
a0FRg000007My37MAC,6232500
a0FRg000007My38MAC,2077500
a0FRg000007My3AMAS,2077500
a0FRg000007My3BMAS,2804793
a0FRg000007YbcEMAS,8743000
a0FRg000007YbcIMAS,
a0FRg000007ciSEMAY,186200
a0FRg000007ciSFMAY,186200
a0FRg000007ciSGMAY,55860
a0FRg000007ciSHMAY,55860
a0FRg000007ciSIMAY,55860
a0FRg000007ciSJMAY,55860
a0FRg000007ciSKMAY,55860
a0FRg000007ciSLMAY,55860
a0FRg000007ciSMMAY,55860
a0FRg000007ciSNMAY,55860
a0FRg000007ciSOMAY,55860
a0FRg000007ciSPMAY,55860
a0FRg000007ciSQMAY,260680
a0FRg000007ciSRMAY,18620
a0FRg000007ciSSMAY,18620
a0FRg000007ciSTMAY,18620
a0FRg000007ciSUMAY,18620
a0FRg000007ciSVMAY,18620
a0FRg000007ciSWMAY,18620
a0FRg000007ciSXMAY,18620
a0FRg000007ciSYMAY,18620
a0FRg000007ciSZMAY,18620
a0FRg000007ciSaMAI,18620
a0FRg000007ciSbMAI,18620
a0FRg000007ciScMAI,18620
a0FRg000007ciSdMAI,18620
a0FRg000007ciSeMAI,18620
a0FRg000007ciSfMAI,18620
a0FRg000007ciSgMAI,18620
a0FRg000007ciShMAI,18620
a0FRg000007ciSiMAI,18620
a0FRg000007ciSjMAI,18620
a0FRg000007ciSkMAI,18620
a0FRg000007ciSlMAI,18620
a0FRg000007ciSmMAI,18620
a0FRg000007ciSnMAI,18620
a0FRg000007ciSoMAI,18620
a0FRg000007ciSpMAI,18620
a0FRg000007ciSqMAI,18620
a0FRg000007ciSrMAI,18620
a0FRg000007ciSsMAI,18620
a0FRg000007ciStMAI,18620
a0FRg000007ciSuMAI,18620
a0FRg000007ciSvMAI,18620
a0FRg000007ciSwMAI,18620
a0FRg000007ciSxMAI,18620
a0FRg000007ciSyMAI,18620
a0FRg000007ciSzMAI,18620
a0FRg000007ciT0MAI,18620
a0FRg000007mO7fMAE,8531000
a0FRg000007mO7gMAE,4265500
a0FRg000007mO7hMAE,4265500
a0FRg000007mO7iMAE,4265500
a0FRg000007mO7jMAE,
a0FRg000007mO8JMAU,4733000
a0FRg000007mO8KMAU,
a0FRg000007mO8LMAU,
a0FRg000007mO8MMAU,
a0FRg000007mO8NMAU,
a0FRg000007qEhBMAU,10972500
a0FRg000007qEhFMAU,
a0FRg000007wnSXMAY,400000
a0FRg000007wnSZMAY,60000
a0FRg000007wnSaMAI,60000
a0FRg000007wnSbMAI,60000
a0FRg000007wnScMAI,60000
a0FRg000007wnSdMAI,60000
a0FRg000007wnSeMAI,60000
a0FRg000007wnSfMAI,60000
a0FRg000007wnSgMAI,60000
a0FRg000007wnShMAI,60000
a0FRg000007wnSiMAI,60000
a0FRg000007wnSjMAI,
a0FRg000007wnSkMAI,
a0FRg000007wnSlMAI,
a0FRg000007wnSmMAI,
a0FRg000007wnSnMAI,
a0FRg000007wnSoMAI,
a0FRg000007wnSpMAI,
a0FRg000007wnSqMAI,
a0FRg000007wnSrMAI,
a0FRg000007wnSsMAI,
a0FRg000007wnStMAI,
a0FRg000007wnSuMAI,
a0FRg000007wnSvMAI,
a0FRg000007wnSwMAI,
a0FRg000007wnSxMAI,
a0FRg000007wnSyMAI,
a0FRg000007wnSzMAI,
a0FRg000007wnT0MAI,
a0FRg000007wnT1MAI,
a0FRg000007wnT2MAI,
a0FRg000007wnT3MAI,
a0FRg000007wnT4MAI,
a0FRg000007wnT5MAI,
a0FRg000007wnT6MAI,
a0FRg000007wnT7MAI,
a0FRg000007wnT8MAI,
a0FRg000007wnT9MAI,
a0FRg000007wnTAMAY,
a0FRg000007wnTBMAY,
a0FRg000007wnTCMAY,
a0FRg000007wnTDMAY,
a0FRg000007wnTEMAY,
a0FRg000007wnTFMAY,
a0FRg000007wnTGMAY,
a0FRg000007wnTHMAY,
a0FRg000007wnTIMAY,
a0FRg000007wnTJMAY,
a0FRg000007yJmwMAE,4717000
a0FRg000007yJmxMAE,
a0FRg000007yJmyMAE,
a0FRg000007yJmzMAE,
a0FRg000007yJn0MAE,
a0FRg000007zVxLMAU,1045925
a0FRg000007zWHTMA2,2738175
a0FRg000007zWrlMAE,3566057
a0FRg000007zWuzMAE,3298234
a0FRg000007zWzpMAE,914408
a0FRg000007zX1RMAU,955857
a0FRg000007zX4fMAE,1285000
a0FRg000007zX6HMAU,994347
a0FRg000007zXB7MAM,1165295
a0FRg000007zXCjMAM,1427598
a0FRg000007zXFxMAM,2039400
a0FRg000007zXJBMA2,1045925
a0FRg000007zXMPMA2,1158875
a0FRg0000087C6HMAU,8951000
a0FRg0000087C6IMAU,4475500
a0FRg0000087C6JMAU,4475500
a0FRg0000087C6KMAU,
a0FRg0000087C6LMAU,
a0FRg000008ElaLMAS,8669000
a0FRg000008ElaMMAS,4334500
a0FRg000008ElaNMAS,4334500
a0FRg000008ElaOMAS,4334500
a0FRg000008ElaPMAS,
a0FRg000008FMXCMA4,337126
a0FRg000008FMXDMA4,337126
a0FRg000008FMXEMA4,101137.8
a0FRg000008FMXFMA4,101137.8
a0FRg000008FMXGMA4,101137.8
a0FRg000008FMXHMA4,101137.8
a0FRg000008FMXIMA4,101137.8
a0FRg000008FMXJMA4,101137.8
a0FRg000008FMXKMA4,101137.8
a0FRg000008FMXLMA4,101137.8
a0FRg000008FMXMMA4,101137.8
a0FRg000008FMXNMA4,573114.2
a0FRg000008FMXOMA4,33712.6
a0FRg000008FMXPMA4,33712.6
a0FRg000008FMXQMA4,33712.6
a0FRg000008FMXRMA4,33712.6
a0FRg000008FMXSMA4,13457.9
a0FRg000008FMXTMA4,
a0FRg000008FMXUMA4,
a0FRg000008FMXVMA4,
a0FRg000008FMXWMA4,
a0FRg000008FMXXMA4,
a0FRg000008FMXYMA4,
a0FRg000008FMXZMA4,
a0FRg000008FMXaMAO,
a0FRg000008FMXbMAO,
a0FRg000008FMXcMAO,
a0FRg000008FMXdMAO,
a0FRg000008FMXeMAO,
a0FRg000008FMXfMAO,
a0FRg000008FMXgMAO,
a0FRg000008FMXhMAO,
a0FRg000008FMXiMAO,
a0FRg000008FMXjMAO,
a0FRg000008FMXkMAO,
a0FRg000008FMXlMAO,
a0FRg000008FMXmMAO,
a0FRg000008FMXnMAO,
a0FRg000008FMXoMAO,
a0FRg000008FMXpMAO,
a0FRg000008FMXqMAO,
a0FRg000008FMXrMAO,
a0FRg000008FMXsMAO,
a0FRg000008FMXtMAO,
a0FRg000008FMXuMAO,
a0FRg000008FMXvMAO,
a0FRg000008FMXwMAO,
a0FRg000008FMXxMAO,
a0FRg000008FMXyMAO,161499.4
a0FRg000008FMY1MAO,484498.2
a0FRg000008FMY5MAO,419898.44
a0FRg000008FMY9MAO,0.84
a0FRg000008FMYPMA4,
a0FRg000008FMYbMAO,
a0FRg000008M1dZMAS,953879
a0FRg000008M1fBMAS,1491607
a0FRg000008P9bNMAS,5452400
a0FRg000008P9bOMAS,2726200
a0FRg000008P9bPMAS,2726200
a0FRg000008P9bQMAS,2726200
a0FRg000008P9bRMAS,
a0FRg000008UGXNMA4,9820000
a0FRg000008UGXOMA4,4910000
a0FRg000008UGXPMA4,4910000
a0FRg000008UGXQMA4,4910000
a0FRg000008UGXRMA4,
a0FRg000008f8g9MAA,2155045.12
a0FRg000008f8gLMAQ,
a0FRg000008f8gMMAQ,
a0FRg000008f8gNMAQ,
a0FRg000008f8gOMAQ,
a0FRg000008f8gPMAQ,
a0FRg000008f8gQMAQ,
a0FRg000008f8gRMAQ,
a0FRg000008f8gSMAQ,
a0FRg000008f8gTMAQ,
a0FRg000008f8gUMAQ,
a0FRg000008f8gVMAQ,
a0FRg000008f8gWMAQ,
a0FRg000008f8gXMAQ,
a0FRg000008f8gYMAQ,
a0FRg000008f8gZMAQ,
a0FRg000008f8gaMAA,
a0FRg000008f8gbMAA,
a0FRg000008f8gcMAA,
a0FRg000008f8gdMAA,
a0FRg000008f8geMAA,
a0FRg000008f8gfMAA,
a0FRg000008f8ggMAA,
a0FRg000008f8ghMAA,
a0FRg000008f8giMAA,
a0FRg000008f8gjMAA,
a0FRg000008f8gkMAA,
a0FRg000008f8glMAA,
a0FRg000008f8gmMAA,
a0FRg000008f8gnMAA,
a0FRg000008f8goMAA,
a0FRg000008f8gpMAA,
a0FRg000008f8gqMAA,
a0FRg000008f8grMAA,
a0FRg000008f8gsMAA,
a0FRg000008f8gtMAA,
a0FRg000008f8guMAA,
a0FRg000008kcfqMAA,334340.7
a0FRg000008kcfrMAA,334340.7
a0FRg000008kcfsMAA,133736.28
a0FRg000008kcftMAA,133736.28
a0FRg000008kcfuMAA,133736.28
a0FRg000008kcfvMAA,133736.28
a0FRg000008kcfwMAA,133736.28
a0FRg000008kcfxMAA,133736.28
a0FRg000008kcfyMAA,133736.28
a0FRg000008kcfzMAA,133736.28
a0FRg000008kcg0MAA,
a0FRg000008kcg1MAA,
a0FRg000008kcg2MAA,
a0FRg000008kcg3MAA,
a0FRg000008kcg4MAA,
a0FRg000008kcg5MAA,
a0FRg000008kcg6MAA,
a0FRg000008kcg7MAA,
a0FRg000008kcg8MAA,
a0FRg000008kcg9MAA,
a0FRg000008kcgAMAQ,
a0FRg000008kcgBMAQ,
a0FRg000008kcgCMAQ,
a0FRg000008kcgDMAQ,
a0FRg000008kcgEMAQ,
a0FRg000008kcgFMAQ,
a0FRg000008kcgGMAQ,
a0FRg000008kcgHMAQ,
a0FRg000008kcgIMAQ,
a0FRg000008kcgJMAQ,
a0FRg000008kcgKMAQ,
a0FRg000008kcgLMAQ,
a0FRg000008kcgMMAQ,
a0FRg000008kcgNMAQ,
a0FRg000008kcgOMAQ,
a0FRg000008kcgPMAQ,
a0FRg000008kcgQMAQ,
a0FRg000008kcgRMAQ,
a0FRg000008kcgSMAQ,
a0FRg000008kcgTMAQ,
a0FRg000008kcgUMAQ,
a0FRg000008kcgVMAQ,
a0FRg000008kcgWMAQ,
a0FRg000008kcgXMAQ,
a0FRg000008kcgYMAQ,
a0FRg000008kcgZMAQ,
a0FRg000008kcgaMAA,
a0FRg0000095qaHMAQ,13114499.96
a0FRg0000098KWUMA2,81690
a0FRg0000098KWVMA2,81690
a0FRg0000098KWWMA2,81690
a0FRg0000098KWXMA2,81690
a0FRg0000098KWYMA2,81690
a0FRg0000098KWZMA2,290
a0FRg0000098KWaMAM,
a0FRg0000098KXHMA2,79432.5
a0FRg0000098KXIMA2,79432.5
a0FRg0000098KXJMA2,79432.5
a0FRg0000098KXKMA2,79432.5
a0FRg0000098KXLMA2,79432.5
a0FRg0000098KXMMA2,1350.65
a0FRg0000098KXNMA2,
a0FRg0000098KXOMA2,79432.5
a0FRg0000098KXPMA2,79432.5
a0FRg0000098KXQMA2,79432.5
a0FRg0000098MvpMAE,79432.5
a0FRg0000098MvqMAE,79432.5
a0FRg0000098MvrMAE,0.5
a0FRg0000098MvsMAE,
a0FRg0000098MvtMAE,80939.8
a0FRg0000098MvuMAE,80939.8
a0FRg0000098MvvMAE,80939.8
a0FRg0000098MvwMAE,80939.8
a0FRg0000098MvxMAE,80939.8
a0FRg0000098MvyMAE,519.6
a0FRg0000098MvzMAE,
a0FRg0000098MwuMAE,429629
a0FRg0000098MwzMAE,179.84
a0FRg0000098Mx0MAE,
a0FRg0000098Mx1MAE,434036.5
a0FRg0000098Mx6MAE,0.04
a0FRg0000098Mx7MAE,
a0FRg0000098MxFMAU,80226.8
a0FRg0000098MxGMAU,80226.8
a0FRg0000098MxHMAU,80226.8
a0FRg0000098MxIMAU,80226.8
a0FRg0000098MxJMAU,1765.78
a0FRg0000098MxKMAU,
a0FRg0000098MxLMAU,
a0FRg0000098MxTMAU,81749.2
a0FRg0000098MxUMAU,81749.2
a0FRg0000098MxVMAU,79237.04
a0FRg0000098MxWMAU,81749.2
a0FRg0000098MxXMAU,81749.2
a0FRg0000098MxYMAU,
a0FRg0000098MxZMAU,
a0FRg0000098MxhMAE,103658.1
a0FRg0000098MxiMAE,103658.1
a0FRg0000098MxjMAE,103658.1
a0FRg0000098MxkMAE,103658.1
a0FRg0000098MxlMAE,103658.1
a0FRg0000098MxmMAE,
a0FRg0000098MxnMAE,
a0FRg0000098My2MAE,83323.8
a0FRg0000098My3MAE,83323.8
a0FRg0000098My4MAE,83323.8
a0FRg0000098My5MAE,83323.8
a0FRg0000098My6MAE,83323.8
a0FRg0000098My7MAE,83323.8
a0FRg0000098My8MAE,41340.68
a0FRg0000098MyNMAU,87834.8
a0FRg0000098MyOMAU,87834.8
a0FRg0000098MyPMAU,87834.8
a0FRg0000098MyQMAU,87834.8
a0FRg0000098MyRMAU,
a0FRg0000098MySMAU,
a0FRg0000098MyTMAU,
a0FRg0000098MyUMAU,86776.5
a0FRg0000098MyVMAU,86776.5
a0FRg0000098MyWMAU,86776.5
a0FRg0000098MyXMAU,86776.5
a0FRg0000098MyYMAU,
a0FRg0000098MyZMAU,
a0FRg0000098MyaMAE,
a0FRg0000098MypMAE,81021.2
a0FRg0000098MyqMAE,81021.2
a0FRg0000098MyrMAE,81021.2
a0FRg0000098MysMAE,81021.2
a0FRg0000098MytMAE,4.62
a0FRg0000098MyuMAE,
a0FRg0000098MyvMAE,
a0FRg0000098MywMAE,81021.2
a0FRg0000098MyxMAE,81021.2
a0FRg0000098MyyMAE,81021.2
a0FRg0000098MyzMAE,81021.2
a0FRg0000098Mz0MAE,4.62
a0FRg0000098Mz1MAE,
a0FRg0000098Mz2MAE,
a0FRg0000098Mz3MAE,82558.6
a0FRg0000098Mz4MAE,82558.6
a0FRg0000098Mz5MAE,82558.6
a0FRg0000098Mz6MAE,82558.6
a0FRg0000098Mz7MAE,
a0FRg0000098Mz8MAE,
a0FRg0000098Mz9MAE,
a0FRg0000098MzAMAU,99175.2
a0FRg0000098MzBMAU,99145.2
a0FRg0000098MzCMAU,99145.2
a0FRg0000098MzDMAU,99145.2
a0FRg0000098MzEMAU,99175.2
a0FRg0000098MzFMAU,99175
a0FRg0000098MzGMAU,
a0FRg0000098MzcMAE,420703.5
a0FRg0000098MzhMAE,1.36
a0FRg0000098MziMAE,
a0FRg0000098MzxMAE,88695.8
a0FRg0000098MzyMAE,88695.8
a0FRg0000098MzzMAE,88695.8
a0FRg0000098N00MAE,88695.8
a0FRg0000098N01MAE,88695.8
a0FRg0000098N02MAE,
a0FRg0000098N03MAE,
a0FRg0000098N04MAE,87627.2
a0FRg0000098N05MAE,87597.2
a0FRg0000098N06MAE,87597.2
a0FRg0000098N07MAE,87597.2
a0FRg0000098N08MAE,87597.2
a0FRg0000098N09MAE,
a0FRg0000098N0AMAU,
a0FRg0000098N0BMAU,88526.3
a0FRg0000098N0CMAU,88526.3
a0FRg0000098N0DMAU,
a0FRg0000098N0EMAU,
a0FRg0000098N0FMAU,
a0FRg0000098N0GMAU,
a0FRg0000098N0HMAU,
a0FRg0000098N0PMAU,81815.5
a0FRg0000098N0QMAU,81815.5
a0FRg0000098N0RMAU,81815.5
a0FRg0000098N0SMAU,81815.5
a0FRg0000098N0TMAU,81815.5
a0FRg0000098N0UMAU,
a0FRg0000098N0VMAU,
a0FRg0000098N0kMAE,102044.8
a0FRg0000098N0lMAE,101994.8
a0FRg0000098N0mMAE,102044.8
a0FRg0000098N0nMAE,102044.8
a0FRg0000098N0oMAE,
a0FRg0000098N0pMAE,
a0FRg0000098N0qMAE,
a0FRg0000098N1XMAU,89557
a0FRg0000098N1YMAU,89557
a0FRg0000098N1ZMAU,89557
a0FRg0000098N1aMAE,89557
a0FRg0000098N1bMAE,89557
a0FRg0000098N1cMAE,
a0FRg0000098N1dMAE,
a0FRg0000098N1eMAE,88478
a0FRg0000098N1fMAE,88448
a0FRg0000098N1gMAE,88448
a0FRg0000098N1hMAE,88448
a0FRg0000098N1iMAE,88478
a0FRg0000098N1jMAE,
a0FRg0000098N1kMAE,
a0FRg0000098N1lMAE,89385.8
a0FRg0000098N1mMAE,89382.8
a0FRg0000098N1nMAE,
a0FRg0000098N1oMAE,
a0FRg0000098N1pMAE,
a0FRg0000098N1qMAE,
a0FRg0000098N1rMAE,
a0FRg0000098N1zMAE,82609.8
a0FRg0000098N20MAE,82609.8
a0FRg0000098N21MAE,82609.8
a0FRg0000098N22MAE,82609.8
a0FRg0000098N23MAE,82609.8
a0FRg0000098N24MAE,1.08
a0FRg0000098N25MAE,
a0FRg0000098N2YMAU,105669.3
a0FRg0000098N2ZMAU,105669.3
a0FRg0000098N2aMAE,105669.3
a0FRg0000098N2bMAE,105669.3
a0FRg0000098N2cMAE,105669.3
a0FRg0000098N2dMAE,
a0FRg0000098N2eMAE,
a0FRg0000098N2mMAE,84957.6
a0FRg0000098N2nMAE,84957.6
a0FRg0000098N2oMAE,84957.6
a0FRg0000098N2pMAE,84957.6
a0FRg0000098N2qMAE,
a0FRg0000098N2rMAE,
a0FRg0000098N2sMAE,
a0FRg0000098N3EMAU,89298.8
a0FRg0000098N3FMAU,89298.8
a0FRg0000098N3GMAU,89298.8
a0FRg0000098N3HMAU,
a0FRg0000098N3IMAU,
a0FRg0000098N3JMAU,
a0FRg0000098N3KMAU,
a0FRg0000098N3ZMAU,416990.5
a0FRg0000098N3eMAE,
a0FRg0000098N3fMAE,
a0FRg0000098N3gMAE,416990.5
a0FRg0000098N3lMAE,
a0FRg0000098N3mMAE,
a0FRg0000098N3nMAE,424904
a0FRg0000098N3sMAE,
a0FRg0000098N3tMAE,
a0FRg0000098N3uMAE,104007.2
a0FRg0000098N3vMAE,103384.44
a0FRg0000098N3wMAE,
a0FRg0000098N3xMAE,
a0FRg0000098N3yMAE,
a0FRg0000098N3zMAE,
a0FRg0000098N40MAE,
a0FRg0000098N41MAE,535505.36
a0FRg0000098N46MAE,
a0FRg0000098N47MAE,
a0FRg0000098N4MMAU,86591.4
a0FRg0000098N4NMAU,86591.4
a0FRg0000098N4OMAU,86591.4
a0FRg0000098N4PMAU,86591.4
a0FRg0000098N4QMAU,0.04
a0FRg0000098N4RMAU,
a0FRg0000098N4SMAU,
a0FRg0000098N5NMAU,85796.2
a0FRg0000098N5OMAU,85796.2
a0FRg0000098N5PMAU,85796.2
a0FRg0000098N5QMAU,85796.2
a0FRg0000098N5RMAU,85796.2
a0FRg0000098N5SMAU,4.52
a0FRg0000098N5TMAU,
a0FRg0000098N6cMAE,95979
a0FRg0000098N6dMAE,95979
a0FRg0000098N6eMAE,95979
a0FRg0000098N6fMAE,95979
a0FRg0000098N6gMAE,95979
a0FRg0000098N6hMAE,
a0FRg0000098N6iMAE,
a0FRg0000098N6jMAE,84992.8
a0FRg0000098N6kMAE,84992.8
a0FRg0000098N6lMAE,84992.8
a0FRg0000098N6mMAE,84992.8
a0FRg0000098N6nMAE,84992.8
a0FRg0000098N6oMAE,0.2
a0FRg0000098N6pMAE,
a0FRg0000098N7kMAE,91881.1
a0FRg0000098N7lMAE,91881.1
a0FRg0000098N7mMAE,91881.1
a0FRg0000098N7nMAE,91881.1
a0FRg0000098N7oMAE,357.16
a0FRg0000098N7pMAE,
a0FRg0000098N7qMAE,
a0FRg0000098NAuMAM,106111.8
a0FRg0000098NAvMAM,106111.8
a0FRg0000098NAwMAM,106111.8
a0FRg0000098NAxMAM,106111.8
a0FRg0000098NAyMAM,106111.8
a0FRg0000098NAzMAM,114.6
a0FRg0000098NB0MAM,
a0FRg0000098NXnMAM,200326.2
a0FRg0000098NXoMAM,200326.2
a0FRg0000098NXpMAM,200326.2
a0FRg0000098NXqMAM,1.92
a0FRg0000098NXrMAM,
a0FRg0000098NXsMAM,
a0FRg0000098NXtMAM,
a0FRg0000098NXuMAM,
a0FRg0000098NXvMAM,
a0FRg0000098NXwMAM,
a0FRg0000098NXxMAM,
a0FRg0000098PqoMAE,157165.4
a0FRg0000098PqpMAE,157165.4
a0FRg0000098PqqMAE,157165.4
a0FRg0000098PqrMAE,157165.4
a0FRg0000098PqsMAE,157165.4
a0FRg0000098PqtMAE,
a0FRg0000098PquMAE,
a0FRg0000098PqvMAE,
a0FRg0000098PqwMAE,
a0FRg0000098PqxMAE,
a0FRg0000098PqyMAE,
a0FRg0000098PtTMAU,163328.7
a0FRg0000098PtUMAU,160256.12
a0FRg0000098PtVMAU,163328.7
a0FRg0000098PtWMAU,
a0FRg0000098PtXMAU,
a0FRg0000098PtYMAU,
a0FRg0000098PtZMAU,
a0FRg0000098PtaMAE,
a0FRg0000098PtbMAE,
a0FRg0000098PtcMAE,
a0FRg0000098PtdMAE,
a0FRg0000098PutMAE,210050.8
a0FRg0000098PuuMAE,210050.8
a0FRg0000098PuvMAE,210050.79
a0FRg0000098PuwMAE,210050.8
a0FRg0000098PuxMAE,210050.8
a0FRg0000098PuyMAE,
a0FRg0000098PuzMAE,
a0FRg0000098Pv0MAE,
a0FRg0000098Pv1MAE,
a0FRg0000098Pv2MAE,
a0FRg0000098Pv3MAE,
a0FRg0000099U8AMAU,4668752
a0FRg0000099U8BMAU,6946740.25
a0FRg0000099U8EMAU,2327961.3
a0FRg000009AePmMAK,87666.8
a0FRg000009AePnMAK,87666.8
a0FRg000009AePoMAK,87666.8
a0FRg000009AePpMAK,
a0FRg000009AePqMAK,
a0FRg000009AePrMAK,
a0FRg000009AePsMAK,
a0FRg000009AeUdMAK,1062050
a0FRg000009Al07MAC,622398
a0FRg000009Al0BMAS,155624.5
a0FRg000009Al0CMAS,
a0FRg000009Al0DMAS,
a0FRg000009Al0EMAS,
a0FRg000009Al0FMAS,
a0FRg000009Al0GMAS,
a0FRg000009Al0HMAS,
a0FRg000009AliaMAC,445057.5
a0FRg000009AlifMAC,
a0FRg000009AligMAC,
a0FRg000009AlioMAC,425375
a0FRg000009AlitMAC,
a0FRg000009AliuMAC,
a0FRg000009AljbMAC,90180.3
a0FRg000009AljcMAC,90180.3
a0FRg000009AljdMAC,88871.27
a0FRg000009AljeMAC,
a0FRg000009AljfMAC,
a0FRg000009AljgMAC,
a0FRg000009AljhMAC,
a0FRg000009Alo0MAC,85631
a0FRg000009Alo1MAC,85631
a0FRg000009Alo2MAC,85631
a0FRg000009Alo3MAC,85631
a0FRg000009Alo4MAC,85631
a0FRg000009Alo5MAC,55200
a0FRg000009Alo6MAC,
a0FRg000009Alo7MAC,170800
a0FRg000009Alo9MAC,85400
a0FRg000009AloAMAS,85400
a0FRg000009AloBMAS,85400
a0FRg000009AloCMAS,4.11
a0FRg000009AloDMAS,
a0FRg000009AlogMAC,87408.3
a0FRg000009AlohMAC,87408.3
a0FRg000009AloiMAC,87408.3
a0FRg000009AlojMAC,87408.3
a0FRg000009AlokMAC,87408.3
a0FRg000009AlolMAC,87408.3
a0FRg000009AlomMAC,27.6
a0FRg000009AlphMAC,88225.2
a0FRg000009AlpiMAC,88225.2
a0FRg000009AlpjMAC,88225.2
a0FRg000009AlpkMAC,88225.2
a0FRg000009AlplMAC,88194.8
a0FRg000009AlpmMAC,
a0FRg000009AlpnMAC,
a0FRg000009AlqNMAS,85787.1
a0FRg000009AlqOMAS,85787.1
a0FRg000009AlqPMAS,71455.96
a0FRg000009AlqQMAS,
a0FRg000009AlqRMAS,
a0FRg000009AlqSMAS,
a0FRg000009AlqTMAS,
a0FRg000009AluKMAS,85787.1
a0FRg000009AluLMAS,84091.09
a0FRg000009AluMMAS,85757.1
a0FRg000009AluNMAS,85754.1
a0FRg000009AluOMAS,85787.1
a0FRg000009AluPMAS,85787.1
a0FRg000009AluQMAS,
a0FRg000009Am7zMAC,205259.8
a0FRg000009Am80MAC,205259.8
a0FRg000009Am81MAC,205259.8
a0FRg000009Am82MAC,205259.8
a0FRg000009Am83MAC,5850.48
a0FRg000009Am84MAC,
a0FRg000009Am85MAC,
a0FRg000009Am86MAC,
a0FRg000009Am87MAC,
a0FRg000009Am88MAC,
a0FRg000009Am89MAC,
a0FRg000009Am9EMAS,208055.9
a0FRg000009Am9FMAS,208105.9
a0FRg000009Am9GMAS,207776.32
a0FRg000009Am9HMAS,10726.68
a0FRg000009Am9IMAS,
a0FRg000009Am9JMAS,
a0FRg000009Am9KMAS,
a0FRg000009Am9LMAS,
a0FRg000009Am9MMAS,
a0FRg000009Am9NMAS,
a0FRg000009Am9OMAS,
a0FRg000009AmMPMA0,338184.8
a0FRg000009AmMQMA0,338184.8
a0FRg000009AmMRMA0,338184.8
a0FRg000009AmMSMA0,338184.8
a0FRg000009AmMTMA0,338184.8
a0FRg000009AmMUMA0,
a0FRg000009AmMVMA0,
a0FRg000009AmMWMA0,
a0FRg000009AmMXMA0,
a0FRg000009AmMYMA0,
a0FRg000009AmMZMA0,
a0FRg000009AmMaMAK,
a0FRg000009AmMbMAK,
a0FRg000009AmMcMAK,
a0FRg000009AmMdMAK,
a0FRg000009AmMeMAK,
a0FRg000009HFm0MAG,86112.5
a0FRg000009HFm1MAG,86112.5
a0FRg000009HFm2MAG,86112.5
a0FRg000009HFm3MAG,86112.5
a0FRg000009HFm4MAG,86112.5
a0FRg000009HFm5MAG,86112.5
a0FRg000009HFm6MAG,
a0FRg000009HFm7MAG,176300
a0FRg000009HFm9MAG,88150
a0FRg000009HFmAMAW,88150
a0FRg000009HFmBMAW,88150
a0FRg000009HFmCMAW,2363.44
a0FRg000009HFmDMAW,
a0FRg000009HFmEMAW,179400
a0FRg000009HFmGMAW,89700
a0FRg000009HFmHMAW,89366.33
a0FRg000009HFmIMAW,89700
a0FRg000009HFmJMAW,
a0FRg000009HFmKMAW,
a0FRg000009HFmuMAG,452985
a0FRg000009HFoGMAW,82953.6
a0FRg000009HFoHMAW,82953.6
a0FRg000009HFoIMAW,82953.6
a0FRg000009HFoJMAW,82953.6
a0FRg000009HFoKMAW,82953.6
a0FRg000009HFoLMAW,
a0FRg000009HFoMMAW,
a0FRg000009HFoNMAW,862368
a0FRg000009HFopMAG,92578.2
a0FRg000009HFoqMAG,92578.2
a0FRg000009HForMAG,92578.2
a0FRg000009HFosMAG,92578.2
a0FRg000009HFotMAG,92578.2
a0FRg000009HFouMAG,92578.2
a0FRg000009HFovMAG,90.21
a0FRg000009HFp3MAG,165219.6
a0FRg000009HFp5MAG,6677.35
a0FRg000009HFp6MAG,
a0FRg000009HFp7MAG,
a0FRg000009HFp8MAG,
a0FRg000009HFp9MAG,
a0FRg000009HFpcMAG,452090.5
a0FRg000009HFpiMAG,
a0FRg000009HFqPMAW,91279.3
a0FRg000009HFqRMAW,182557.98
a0FRg000009HFqSMAW,91279.3
a0FRg000009HFqTMAW,91279.3
a0FRg000009HFqUMAW,91279.3
a0FRg000009HFqVMAW,
a0FRg000009HFrsMAG,108910.6
a0FRg000009HFrtMAG,108910.6
a0FRg000009HFruMAG,108910.6
a0FRg000009HFrvMAG,108910.6
a0FRg000009HFrwMAG,
a0FRg000009HFrxMAG,
a0FRg000009HFryMAG,
a0FRg000009LUSXMA4,
a0FRg000009MXubMAG,5432900
a0FRg000009MXufMAG,
a0FRg000009Pj1aMAC,
a0FRg000009Pj6PMAS,975660
a0FRg000009Pj81MAC,
a0FRg000009lQLhMAM,
a0FRg000009lQLiMAM,
a0FRg000009lQLjMAM,
a0FRg000009lQLkMAM,
a0FRg000009lQLlMAM,
a0FRg000009lQLmMAM,
a0FRg000009lQLnMAM,
a0FRg000009lQMNMA2,
a0FRg000009lQMOMA2,
a0FRg000009lQMPMA2,
a0FRg000009lQMQMA2,
a0FRg000009lQMRMA2,
a0FRg000009lQMSMA2,
a0FRg000009lQMTMA2,
a0FRg000009lQMiMAM,
a0FRg000009lQMjMAM,
a0FRg000009lQMkMAM,
a0FRg000009lQMlMAM,
a0FRg000009lQMmMAM,
a0FRg000009lQMnMAM,
a0FRg000009lQMoMAM,
a0FRg000009lQN3MAM,489000
a0FRg000009lQN4MAM,489000
a0FRg000009lQN6MAM,489000
a0FRg000009lQN7MAM,
a0FRg000009lQN8MAM,
a0FRg000009lQN9MAM,
a0FRg000009lQaBMAU,
a0FRg000009lQaCMAU,
a0FRg000009lQaDMAU,
a0FRg000009lQaEMAU,
a0FRg000009lQaFMAU,
a0FRg000009lQaGMAU,
a0FRg000009lQaHMAU,
a0FRg000009lQaIMAU,
a0FRg000009lQaJMAU,
a0FRg000009lQaKMAU,
a0FRg000009lQaLMAU,
a0FRg000009lQaMMAU,
a0FRg000009lQaNMAU,
a0FRg000009lQaOMAU,
a0FRg000009lQrVMAU,206612.9
a0FRg000009lQrWMAU,206612.9
a0FRg000009lQrXMAU,206612.9
a0FRg000009lQrYMAU,206612.9
a0FRg000009lQrZMAU,206612.9
a0FRg000009lQraMAE,152985.82
a0FRg000009lQrbMAE,
a0FRg000009lQrcMAE,
a0FRg000009lQrdMAE,
a0FRg000009lQreMAE,
a0FRg000009lQrfMAE,
a0FRg000009mUD9MAM,
a0FRg000009mUDAMA2,
a0FRg000009mUDBMA2,3150
a0FRg000009mUDCMA2,982000
a0FRg000009mUDDMA2,
a0FRg000009mUDEMA2,
a0FRg000009mUDHMA2,
a0FRg000009mUDIMA2,
a0FRg000009mUDNMA2,3150
a0FRg000009mUDOMA2,1733800
a0FRg000009mUDPMA2,
a0FRg000009mUDQMA2,
a0FRg000009mUDXMA2,3150
a0FRg000009mUDYMA2,831000
a0FRg000009mUDZMA2,3150
a0FRg000009mUDaMAM,1090480
a0FRg000009mUDbMAM,
a0FRg000009mUDcMAM,
a0FRg000009mUDdMAM,
a0FRg000009mUDeMAM,
a0FRg000009mUDfMAM,3150
a0FRg000009mUDgMAM,963850
a0FRg000009mUDhMAM,3150
a0FRg000009mUDiMAM,934600
a0FRg000009mUDjMAM,3150
a0FRg000009mUDkMAM,543290
a0FRg000009mUDpMAM,3150
a0FRg000009mUDqMAM,438900
a0FRg000009mUDvMAM,3150
a0FRg000009mUDwMAM,815164
a0FRg000009mUDzMAM,3150
a0FRg000009mUE0MAM,452900
a0FRg000009mUE1MAM,3150
a0FRg000009mUE2MAM,836570
a0FRg000009mUE3MAM,
a0FRg000009mUE4MAM,
a0FRg000009mUE5MAM,3150
a0FRg000009mUE6MAM,877800
a0FRg000009mUE7MAM,3150
a0FRg000009mUE8MAM,925607
a0FRg000009mUE9MAM,
a0FRg000009mUEAMA2,
a0FRg000009mUEBMA2,3150
a0FRg000009mUECMA2,415900
a0FRg000009mUEDMA2,3150
a0FRg000009mUEEMA2,949000
a0FRg000009mUEFMA2,3150
a0FRg000009mUEGMA2,933750.4
a0FRg000009mUEHMA2,3150
a0FRg000009mUEIMA2,877800
a0FRg000009mUoTMAU,3150
a0FRg000009mUoUMAU,16338
a0FRg000009mUoXMAU,3150
a0FRg000009mUoYMAU,17803.5
a0FRg000009mUoZMAU,3150
a0FRg000009mUoaMAE,34445
a0FRg000009mUobMAE,3150
a0FRg000009mUocMAE,17015
a0FRg000009mUodMAE,3150
a0FRg000009mUoeMAE,35260
a0FRg000009mUohMAE,3150
a0FRg000009mUoiMAE,35880
a0FRg000009mUojMAE,3150
a0FRg000009mUokMAE,31772.94
a0FRg000009mUolMAE,3150
a0FRg000009mUomMAE,31773
a0FRg000009mUonMAE,3150
a0FRg000009mUooMAE,32375.92
a0FRg000009mUpBMAU,3150
a0FRg000009mUpCMAU,35993.37
a0FRg000009mUpHMAU,3150
a0FRg000009mUpIMAU,17185.16
a0FRg000009mUpJMAU,3150
a0FRg000009mUpKMAU,17361.46
a0FRg000009mUpPMAU,3150
a0FRg000009mUpQMAU,32090.72
a0FRg000009mUpTMAU,3150
a0FRg000009mUpUMAU,31656.98
a0FRg000009mUpVMAU,3150
a0FRg000009mUpWMAU,62249.8
a0FRg000009mUpdMAE,3150
a0FRg000009mUpeMAE,41463.24
a0FRg000009mUppMAE,3150
a0FRg000009mUpqMAE,33329.52
a0FRg000009mUpvMAE,3150
a0FRg000009mUpwMAE,35133.92
a0FRg000009mUpxMAE,3150
a0FRg000009mUpyMAE,34710.6
a0FRg000009mUpzMAE,3150
a0FRg000009mUq0MAE,35066.72
a0FRg000009mUq5MAE,3150
a0FRg000009mUq6MAE,32408.48
a0FRg000009mUq7MAE,3150
a0FRg000009mUq8MAE,32408.48
a0FRg000009mUq9MAE,3150
a0FRg000009mUqAMAU,33023.44
a0FRg000009mUqBMAU,3150
a0FRg000009mUqCMAU,62866
a0FRg000009mUqHMAU,3150
a0FRg000009mUqIMAU,19805.04
a0FRg000009mUqPMAU,3150
a0FRg000009mUqQMAU,82645.16
a0FRg000009mUqVMAU,3150
a0FRg000009mUqWMAU,16828.14
a0FRg000009mUqbMAE,3150
a0FRg000009mUqcMAE,17679.1
a0FRg000009mUqdMAE,3150
a0FRg000009mUqeMAE,17525.44
a0FRg000009mUqfMAE,1560.52
a0FRg000009mUqgMAE,
a0FRg000009mUqhMAE,3150
a0FRg000009mUqiMAE,80130.48
a0FRg000009mUqlMAE,3150
a0FRg000009mUqmMAE,32726.2
a0FRg000009mUqnMAE,3150
a0FRg000009mUqoMAE,33201.44
a0FRg000009mUqpMAE,
a0FRg000009mUqqMAE,
a0FRg000009mUqxMAE,3150
a0FRg000009mUqyMAE,40817.92
a0FRg000009mUqzMAE,
a0FRg000009mUr0MAE,
a0FRg000009mUr1MAE,
a0FRg000009mUr2MAE,
a0FRg000009mUrFMAU,3150
a0FRg000009mUrGMAU,18515.64
a0FRg000009mUrHMAU,3150
a0FRg000009mUrIMAU,17911.4
a0FRg000009mUrJMAU,3150
a0FRg000009mUrKMAU,17695.6
a0FRg000009mUrLMAU,3150
a0FRg000009mUrMMAU,35754.32
a0FRg000009mUrRMAU,3150
a0FRg000009mUrSMAU,33043.92
a0FRg000009mUrTMAU,3150
a0FRg000009mUrUMAU,33043.92
a0FRg000009mUrhMAE,3150
a0FRg000009mUriMAE,42267.72
a0FRg000009mUrlMAE,3150
a0FRg000009mUrmMAE,82103.92
a0FRg000009mUrrMAE,3150
a0FRg000009mUrsMAE,33983.04
a0FRg000009mUrxMAE,3150
a0FRg000009mUryMAE,18083.62
a0FRg000009mUrzMAE,3150
a0FRg000009mUs0MAE,35701.52
a0FRg000009mUs7MAE,
a0FRg000009mUs8MAE,
a0FRg000009mUs9MAE,
a0FRg000009mUsAMAU,
a0FRg000009mUsBMAU,
a0FRg000009mUsCMAU,
a0FRg000009mUsJMAU,3150
a0FRg000009mUsKMAU,41602.88
a0FRg000009mUsLMAU,3150
a0FRg000009mUsMMAU,21544.64
a0FRg000009mUsTMAU,3150
a0FRg000009mUsUMAU,135273.92
a0FRg000009mUsXMAU,3150
a0FRg000009mUsYMAU,34636.56
a0FRg000009mUsdMAE,3150
a0FRg000009mUseMAE,36511.72
a0FRg000009mUsnMAE,3150
a0FRg000009mUsoMAE,34252.4
a0FRg000009mUspMAE,3150
a0FRg000009mUsqMAE,34160
a0FRg000009mUsrMAE,3150
a0FRg000009mUssMAE,34318.48
a0FRg000009mUstMAE,3150
a0FRg000009mUsuMAE,65331.48
a0FRg000009mUtDMAU,3150
a0FRg000009mUtEMAU,34963.32
a0FRg000009mUtPMAU,3150
a0FRg000009mUtQMAU,83192.36
a0FRg000009mUtRMAU,3150
a0FRg000009mUtSMAU,19165.82
a0FRg000009mUtTMAU,3150
a0FRg000009mUtUMAU,16998.56
a0FRg000009mUtdMAE,
a0FRg000009mUteMAE,
a0FRg000009mUthMAE,3150
a0FRg000009mUtiMAE,43564.24
a0FRg000009mUtrMAE,3150
a0FRg000009mUtsMAE,35290.08
a0FRg000009mUtzMAE,3150
a0FRg000009mUu0MAE,36752.44
a0FRg000009mUu3MAE,3150
a0FRg000009mUu4MAE,84020.32
a0FRg000009mUu7MAE,3150
a0FRg000009mUu8MAE,34314.84
a0FRg000009mUvZMAU,3150
a0FRg000009mUvaMAE,42444.72
a0FRg000009mUw3MAE,3150
a0FRg000009mUw4MAE,34314.84
a0FRg000009mV2jMAE,3150
a0FRg000009mV2kMAE,58524.4
a0FRg000009mV2lMAE,3150
a0FRg000009mV2mMAE,129713.24
a0FRg000009mV2nMAE,3150
a0FRg000009mV2oMAE,141101.76
a0FRg000009mV2pMAE,
a0FRg000009mV2qMAE,
a0FRg000009mV2rMAE,
a0FRg000009mV2sMAE,
a0FRg000009mV2vMAE,3150
a0FRg000009mV2wMAE,133897.84
a0FRg000009mV2xMAE,3150
a0FRg000009mV2yMAE,68733.84
a0FRg000009mV2zMAE,3150
a0FRg000009mV30MAE,74480
a0FRg000009mV31MAE,
a0FRg000009mV32MAE,
a0FRg000009mV33MAE,3150
a0FRg000009mV34MAE,67274.84
a0FRg000009mV35MAE,3150
a0FRg000009mV36MAE,33454.07
a0FRg000009mV39MAE,3150
a0FRg000009mV3AMAU,68750.44
a0FRg000009mV3BMAU,3150
a0FRg000009mV3CMAU,71532.68
a0FRg000009mV3HMAU,
a0FRg000009mV3IMAU,
a0FRg000009mV3LMAU,3150
a0FRg000009mV3MMAU,133736.28
a0FRg000009mV3NMAU,3150
a0FRg000009mV3OMAU,81576
a0FRg000009mV3VMAU,
a0FRg000009mV3WMAU,
a0FRg000009mV3XMAU,3150
a0FRg000009mV3YMAU,132923.96
a0FRg000009mV3bMAE,3150
a0FRg000009mV3cMAE,134208.24
a0FRg000009mV3dMAE,3150
a0FRg000009mV3eMAE,134850.4
a0FRg000009mV3fMAE,3150
a0FRg000009mV3gMAE,66207.8
a0FRg000009mV3hMAE,3150
a0FRg000009mV3iMAE,65748.92
a0FRg000009mV3jMAE,
a0FRg000009mV3kMAE,
a0FRg000009mV3lMAE,3150
a0FRg000009mV3mMAE,66207.8
a0FRg000009mV3nMAE,3150
a0FRg000009mV3oMAE,28946.68
a0FRg000009mV3pMAE,
a0FRg000009mV3qMAE,
a0FRg000009mV3rMAE,3150
a0FRg000009mV3sMAE,55301.96
a0FRg000009mV3tMAE,3150
a0FRg000009mV3uMAE,56501.32
a0FRg000009mV3vMAE,3150
a0FRg000009mV3wMAE,28587.6
a0FRg000009mV3xMAE,
a0FRg000009mV3yMAE,
a0FRg000009mV3zMAE,3150
a0FRg000009mV40MAE,60912.32
a0FRg000009mV41MAE,
a0FRg000009mV42MAE,
a0FRg000009mV43MAE,3150
a0FRg000009mV44MAE,57045.88
a0FRg000009mV45MAE,3150
a0FRg000009mV46MAE,54615.96
a0FRg000009mV47MAE,3150
a0FRg000009mV48MAE,55800.44
a0FRg000009mV49MAE,3150
a0FRg000009mV4AMAU,53150.92
a0FRg000009mV4BMAU,3150
a0FRg000009mV4CMAU,54729.92
a0FRg000009mV4DMAU,3150
a0FRg000009mV4EMAU,54991.8
a0FRg000009mV4FMAU,3150
a0FRg000009mV4GMAU,59604.92
a0FRg000009mV4HMAU,
a0FRg000009mV4IMAU,
a0FRg000009mV4JMAU,3006.92
a0FRg000009mV4KMAU,53669.52
a0FRg000009mV4LMAU,3150
a0FRg000009mV4MMAU,67476.04
a0FRg000009mV4NMAU,
a0FRg000009mV4OMAU,
a0FRg000009mV4PMAU,3150
a0FRg000009mV4QMAU,57103.92
a0FRg000009mV4RMAU,3150
a0FRg000009mV4SMAU,62397.96
a0FRg000009mV4TMAU,3150
a0FRg000009mV4UMAU,59022.76
a0FRg000009mV4VMAU,
a0FRg000009mV4WMAU,
a0FRg000009mV4XMAU,
a0FRg000009mV4YMAU,
a0FRg000009mV4ZMAU,3150
a0FRg000009mV4aMAE,60020.92
a0FRg000009mV4bMAE,3150
a0FRg000009mV4cMAE,60897.6
a0FRg000009mV4dMAE,
a0FRg000009mV4eMAE,
a0FRg000009mV4fMAE,3150
a0FRg000009mV4gMAE,56650.52
a0FRg000009mV4hMAE,3150
a0FRg000009mV4iMAE,57879.12
a0FRg000009mV4jMAE,3150
a0FRg000009mV4kMAE,88570.08
a0FRg000009mV4lMAE,3150
a0FRg000009mV4mMAE,91417.92
a0FRg000009mV4nMAE,
a0FRg000009mV4oMAE,
a0FRg000009mV4pMAE,3150
a0FRg000009mV4qMAE,129199.52
a0FRg000009mV4rMAE,
a0FRg000009mV4sMAE,
a0FRg000009mV4tMAE,3150
a0FRg000009mV4uMAE,138347.88
a0FRg000009mV4vMAE,3150
a0FRg000009mV4wMAE,130355.4
a0FRg000009mV4xMAE,
a0FRg000009mV4yMAE,
a0FRg000009mV4zMAE,3150
a0FRg000009mV50MAE,109527
a0FRg000009mV51MAE,3150
a0FRg000009mV52MAE,131929.36
a0FRg000009mV53MAE,
a0FRg000009mV54MAE,
a0FRg000009mV55MAE,3150
a0FRg000009mV56MAE,142642.28
a0FRg000009mV57MAE,3150
a0FRg000009mV58MAE,61751.52
a0FRg000009mV59MAE,3150
a0FRg000009mV5AMAU,51400
a0FRg000009mV5BMAU,3150
a0FRg000009mV5CMAU,61098.36
a0FRg000009mV5DMAU,3150
a0FRg000009mV5EMAU,58118.8
a0FRg000009mV5FMAU,3150
a0FRg000009mV5GMAU,66072.6
a0FRg000009mV5HMAU,3150
a0FRg000009mV5IMAU,58292.64
a0FRg000009mV5JMAU,3150
a0FRg000009mV5KMAU,62371.64
a0FRg000009mV5LMAU,
a0FRg000009mV5MMAU,
a0FRg000009mV5NMAU,3150
a0FRg000009mV5OMAU,61999.64
a0FRg000009mV5PMAU,3150
a0FRg000009mV5QMAU,62929.64
a0FRg000009mV5RMAU,3150
a0FRg000009mV5SMAU,32972.8
a0FRg000009mV5TMAU,3150
a0FRg000009mV5UMAU,65876.8
a0FRg000009mV5VMAU,3150
a0FRg000009mV5WMAU,46355
a0FRg000009mV5XMAU,3150
a0FRg000009mV5YMAU,55467.36
a0FRg000009mV5ZMAU,3150
a0FRg000009mV5aMAE,54997.12
a0FRg000009mV5bMAE,3150
a0FRg000009mV5cMAE,0.15
a0FRg000009mV5dMAE,3150
a0FRg000009mV5eMAE,55687.92
a0FRg000009mV5fMAE,3150
a0FRg000009mV5gMAE,41837
a0FRg000009mV5hMAE,3150
a0FRg000009mV5iMAE,68829.88
a0FRg000009mV5jMAE,3150
a0FRg000009mV5kMAE,55301.96
a0FRg000009mV5lMAE,3150
a0FRg000009mV5mMAE,54779.32
a0FRg000009mV5nMAE,
a0FRg000009mV5oMAE,
a0FRg000009mV5pMAE,3150
a0FRg000009mV5qMAE,41837
a0FRg000009mV5rMAE,3150
a0FRg000009mV5sMAE,55269.36
a0FRg000009mV5tMAE,3150
a0FRg000009mV5uMAE,39773.88
a0FRg000009mV5vMAE,3150
a0FRg000009mV5wMAE,55813.92
a0FRg000009mV5xMAE,3150
a0FRg000009mV5yMAE,36576.32
a0FRg000009mV5zMAE,3150
a0FRg000009mV60MAE,56902.96
a0FRg000009mV61MAE,3150
a0FRg000009mV62MAE,51861.04
a0FRg000009mV63MAE,3150
a0FRg000009mV64MAE,52687.36
a0FRg000009mV65MAE,3150
a0FRg000009mV66MAE,46611.8
a0FRg000009mV67MAE,3150
a0FRg000009mV68MAE,52530.24
a0FRg000009mV69MAE,3150
a0FRg000009mV6AMAU,52373.12
a0FRg000009mV6BMAU,3150
a0FRg000009mV6CMAU,53158.72
a0FRg000009mV6DMAU,3150
a0FRg000009mV6EMAU,38155.16
a0FRg000009mV6FMAU,3150
a0FRg000009mV6GMAU,65099.64
a0FRg000009mV6HMAU,3150
a0FRg000009mV6IMAU,38234.28
a0FRg000009mV6JMAU,3150
a0FRg000009mV6KMAU,57944.96
a0FRg000009mV6LMAU,3150
a0FRg000009mV6MMAU,58231.8
a0FRg000009mV6NMAU,3150
a0FRg000009mV6OMAU,59973.04
a0FRg000009mV6PMAU,3150
a0FRg000009mV6QMAU,60842.2
a0FRg000009mV6RMAU,3150
a0FRg000009mV6SMAU,62185.64
a0FRg000009mV6TMAU,3150
a0FRg000009mV6UMAU,62920.44
a0FRg000009mV6VMAU,
a0FRg000009mV6WMAU,
a0FRg000009mV6XMAU,
a0FRg000009mV6YMAU,
a0FRg000009mV6ZMAU,3150
a0FRg000009mV6aMAE,133716.68
a0FRg000009mV6bMAE,3150
a0FRg000009mV6cMAE,135021.24
a0FRg000009mV6dMAE,3150
a0FRg000009mV6eMAE,89455.8
a0FRg000009mV6fMAE,3150
a0FRg000009mV6gMAE,56819.96
a0FRg000009mV6hMAE,3150
a0FRg000009mV6iMAE,89723.36
a0FRg000009mV6jMAE,3150
a0FRg000009mV6kMAE,57319.92
a0FRg000009mV6lMAE,3150
a0FRg000009mV6mMAE,60318.04
a0FRg000009mV6pMAE,3150
a0FRg000009mV6qMAE,90526.04
a0FRg000009mV6rMAE,3150
a0FRg000009mV6sMAE,59604.92
a0FRg000009mV6tMAE,3150
a0FRg000009mV6uMAE,91395.84
a0FRg000009mV6vMAE,3150
a0FRg000009mV6wMAE,95047.24
a0FRg000009mV6xMAE,3150
a0FRg000009mV6yMAE,57328.32
a0FRg000009mV6zMAE,3150
a0FRg000009mV70MAE,59305.16
a0FRg000009mV71MAE,3150
a0FRg000009mV72MAE,62100.84
a0FRg000009mV73MAE,3150
a0FRg000009mV74MAE,59664.28
a0FRg000009mV75MAE,3150
a0FRg000009mV76MAE,70427.28
a0FRg000009mV77MAE,3150
a0FRg000009mV78MAE,54615.96
a0FRg000009mV79MAE,3150
a0FRg000009mV7AMAU,55963.6
a0FRg000009mV7BMAU,3150
a0FRg000009mV7CMAU,58805.52
a0FRg000009mV7DMAU,3150
a0FRg000009mV7EMAU,93647.64
a0FRg000009qqvRMAQ,3150
a0FRg000009qqvSMAQ,1009600
a0FRg000009qqvTMAQ,2524000
a0FRg000009qqvUMAQ,2524000
a0FRg000009qqvVMAQ,
a0FRg000009qqvWMAQ,
a0FRg000009qqvXMAQ,
a0FRg000009qqvmMAA,3150
a0FRg000009qqvnMAA,915000
a0FRg000009qqvoMAA,22875000
a0FRg000009t3OIMAY,
a0FRg000009t5hpMAA,0.6
a0FRg000009uAu3MAE,
a0FRg000009uAu4MAE,660716.4
a0FRg000009uAu5MAE,
a0FRg000009uAu6MAE,440467.6
a0FRg000009vPpLMAU,444592.8
a0FRg000009vPpNMAU,666904.2
a0FRg000009vPpQMAU,
a0FRg000009vPpRMAU,
a0FRg000009vQ3rMAE,433105.6
a0FRg000009vQ3tMAE,649673.4
a0FRg000009vQ3wMAE,
a0FRg000009vQ3xMAE,
a0FRg000009wIfJMAU,
a0FRg000009wIfKMAU,
a0FRg000009wIfLMAU,202818.2
a0FRg000009wIfMMAU,202818.2
a0FRg000009wIfNMAU,202848.2
a0FRg000009wIfOMAU,202848.2
a0FRg000009wIfPMAU,202848.2
a0FRg000009wIfQMAU,202848.2
a0FRg000009wIfRMAU,
a0FRg000009wIfSMAU,
a0FRg000009wIfTMAU,
a0FRg000009wIfUMAU,81139.28
a0FRg000009wIfVMAU,3150
a0FRg000009xDAYMA2,
a0FRg000009xFKQMA2,
a0FRg000009xGGTMA2,64407.12
a0FRg000009xGI5MAM,64407.12
a0FRg000009xGJhMAM,64407.12
a0FRg000009xGJjMAM,64407.12
a0FRg000009xGMvMAM,64407.12
a0FRg000009xGOXMA2,64407.12
a0FRg000009xGQ9MAM,64407.12
a0FRg000009xGRlMAM,64407.12
a0FRg000009xGjVMAU,6781.28
a0FRg000009xGoLMAU,
a0FRg000009xGrZMAU,
a0FRg000009xGtBMAU,
a0FRg000009xGy1MAE,
a0FRg000009xH1FMAU,
a0FRg000009xH2rMAE,
a0FRg000009xH4TMAU,
a0FRg000009xH7hMAE,
a0FRg000009xHAvMAM,
a0FRg000009xHCXMA2,
a0FRg000009yLvdMAE,86973.28
a0FRg000009yLvgMAE,
a0FRg000009yLvhMAE,434868
a0FRg000009yLvkMAE,3150
a0FRg000009yLvlMAE,17394.72
a0FRg000009yLyrMAE,102650.3
a0FRg000009yLysMAE,102650.3
a0FRg000009yLytMAE,102650.3
a0FRg000009yLyuMAE,52363.08
a0FRg000009yLyvMAE,102650.3
a0FRg000009yLywMAE,102650.3
a0FRg000009yLyxMAE,102650.3
a0FRg000009yLyyMAE,3150
a0FRg000009yLyzMAE,41060.12
a0FRg000009yfEPMAY,339277.5
a0FRg000009yfEQMAY,339277.5
a0FRg000009yfERMAY,
a0FRg000009yfESMAY,339277.5
a0FRg000009yfETMAY,
a0FRg000009yfEUMAY,
a0FRg000009yfEVMAY,
a0FRg000009yfEWMAY,339277.5
a0FRg000009yfEXMAY,339277.5
a0FRg000009yfEYMAY,339277.5
a0FRg000009yfEZMAY,
a0FRg000009yfEaMAI,
a0FRg000009yfEbMAI,
a0FRg000009yfEcMAI,
a0FRg000009yfEdMAI,
a0FRg000009yfEeMAI,
a0FRg000009yfEfMAI,3150
a0FRg000009yfEgMAI,67855.5
a0FRg00000A1aSOMAZ,103026
a0FRg00000A1aSRMAZ,
a0FRg00000A1aSSMAZ,103026
a0FRg00000A1aSVMAZ,3150
a0FRg00000A1aSWMAZ,41210.4
a0FRg00000A2NSbMAN,106221.3
a0FRg00000A2NSeMAN,2.25
a0FRg00000A2NSfMAN,531106.5
a0FRg00000A2NSiMAN,3150
a0FRg00000A2NSjMAN,21244.26
a0FRg00000A3KXVMA3,452012.73
a0FRg00000A3LlKMAV,103026
a0FRg00000A3LmvMAF,103026
a0FRg00000A3Lq9MAF,103026
a0FRg00000A3LrlMAF,103026
a0FRg00000A3ki5MAB,
a0FRg00000A3ki6MAB,83970
a0FRg00000A3ki7MAB,80822
a0FRg00000A3ki8MAB,
a0FRg00000A3ki9MAB,83970
a0FRg00000A3kiAMAR,83970
a0FRg00000A3kiBMAR,83970
a0FRg00000A3kiCMAR,3150
a0FRg00000A3kiDMAR,33588
a0FRg00000AA0ibMAD,910303
a0FRg00000AA0ieMAD,
a0FRg00000AA0ifMAD,
a0FRg00000ADSC1MAP,3150
a0FRg00000ADSC2MAP,482200
a0FRg00000ADSC3MAP,24110000
a0FRg00000ADSC7MAP,
a0FRg00000ADSCMMA5,3150
a0FRg00000ADSCNMA5,995600
a0FRg00000ADSCOMA5,4978000
a0FRg00000ADSCPMA5,2489000
a0FRg00000ADSCQMA5,2489000
a0FRg00000ADSCRMA5,2489000
a0FRg00000ADSCSMA5,
a0FRg00000ADSCTMA5,3150
a0FRg00000ADSCUMA5,258550
a0FRg00000ADSCVMA5,12927500
a0FRg00000ADSCZMA5,
a0FRg00000ADSnrMAH,
a0FRg00000ADSnsMAH,
a0FRg00000ADSntMAH,3442227
a0FRg00000ADT5JMAX,
a0FRg00000ADT5KMAX,
a0FRg00000ADT5LMAX,
a0FRg00000ADT5MMAX,
a0FRg00000ADT5NMAX,
a0FRg00000ADT5OMAX,
a0FRg00000ADT5PMAX,
a0FRg00000ADTrsMAH,43564.32
a0FRg00000ADTrtMAH,108910.8
a0FRg00000ADTruMAH,3150
a0FRg00000ADTrvMAH,108910.8
a0FRg00000ADTrwMAH,108910.8
a0FRg00000ADTrxMAH,108910.8
a0FRg00000ADTryMAH,108910.8
a0FRg00000ADTrzMAH,108910.8
a0FRg00000ADTs0MAH,0.8
a0FRg00000ADU2xMAH,204555
a0FRg00000ADU2yMAH,3150
a0FRg00000ADU2zMAH,81822
a0FRg00000ADU30MAH,204555
a0FRg00000ADU31MAH,204555
a0FRg00000ADU32MAH,204555
a0FRg00000ADU33MAH,204555
a0FRg00000ADU34MAH,204555
a0FRg00000ADU35MAH,
a0FRg00000ADU36MAH,
a0FRg00000ADU37MAH,
a0FRg00000ADU38MAH,
a0FRg00000ADU39MAH,
a0FRg00000ADU53MAH,208618.8
a0FRg00000ADU54MAH,3150
a0FRg00000ADU55MAH,83447.52
a0FRg00000ADU56MAH,208618.8
a0FRg00000ADU57MAH,208618.8
a0FRg00000ADU58MAH,208618.8
a0FRg00000ADU59MAH,208618.8
a0FRg00000ADU5AMAX,208618.8
a0FRg00000ADU5BMAX,13149.59
a0FRg00000ADU5CMAX,
a0FRg00000ADU5DMAX,
a0FRg00000ADU5EMAX,
a0FRg00000ADU5FMAX,
a0FRg00000AJ31FMAT,
a0FRg00000AJ31IMAT,
a0FRg00000AJ31JMAT,435370
a0FRg00000AJ31MMAT,3150
a0FRg00000AJ31NMAT,14918.37
a0FRg00000AJM5VMAX,92391
a0FRg00000AJM5WMAX,92391
a0FRg00000AJM5XMAX,92391
a0FRg00000AJM5YMAX,30
a0FRg00000AJM5ZMAX,92391
a0FRg00000AJM5aMAH,92391
a0FRg00000AJM5bMAH,92391
a0FRg00000AJM5cMAH,3150
a0FRg00000AJM5dMAH,36956.4
a0FRg00000ALLQLMA5,2070575.43
a0FRg00000ALLQSMA5,
a0FRg00000ALLQTMA5,
a0FRg00000AMUT7MAP,
a0FRg00000AMUT8MAP,101643.9
a0FRg00000AMUT9MAP,101643.9
a0FRg00000AMUTAMA5,
a0FRg00000AMUTBMA5,101643.9
a0FRg00000AMUTCMA5,101643.9
a0FRg00000AMUTDMA5,1068.33
a0FRg00000AMUTEMA5,3150
a0FRg00000AMUTFMA5,40657.56
a0FRg00000APU3ZMAX,
a0FRg00000APU3aMAH,
a0FRg00000APU3cMAH,204288
a0FRg00000APU3dMAH,1023380.74
a0FRg00000APU3hMAH,
a0FRg00000APU3iMAH,
a0FRg00000APU3jMAH,
a0FRg00000APU3kMAH,
a0FRg00000APU3lMAH,
a0FRg00000AQcFBMA1,
a0FRg00000AQcFCMA1,
a0FRg00000AQcFDMA1,
a0FRg00000AQcFEMA1,
a0FRg00000AQcFFMA1,
a0FRg00000AQcFGMA1,
a0FRg00000AQcFHMA1,
a0FRg00000AQcFIMA1,
a0FRg00000AQcFJMA1,
a0FRg00000AT00TMAT,91693.03
a0FRg00000AT00UMAT,93001.5
a0FRg00000AT00VMAT,93001.5
a0FRg00000AT00WMAT,
a0FRg00000AT00XMAT,93001.5
a0FRg00000AT00YMAT,93001.5
a0FRg00000AT00ZMAT,93001.5
a0FRg00000AT00aMAD,3150
a0FRg00000AT00bMAD,37200.6
a0FRg00000AWwXmMAL,
a0FRg00000AWwXnMAL,90613.5
a0FRg00000AWwXoMAL,90613.5
a0FRg00000AWwXpMAL,
a0FRg00000AWwXqMAL,90604.6
a0FRg00000AWwXrMAL,90613.5
a0FRg00000AWwXsMAL,36228.7
a0FRg00000AWwXtMAL,3150
a0FRg00000AWwXuMAL,36245.4
a0FRg00000AZCVBMA5,
a0FRg00000AZCVCMA5,106675.8
a0FRg00000AZCVDMA5,106675.8
a0FRg00000AZCVEMA5,
a0FRg00000AZCVFMA5,106675.8
a0FRg00000AZCVGMA5,106675.8
a0FRg00000AZCVHMA5,106675.8
a0FRg00000AZCVIMA5,
a0FRg00000AZCVJMA5,42670.32
a0FRg00000Aaq2LMAR,
a0FRg00000Aaq2MMAR,264.4
a0FRg00000Aaq2NMAR,91494
a0FRg00000Aaq2OMAR,
a0FRg00000Aaq2PMAR,91494
a0FRg00000Aaq2QMAR,
a0FRg00000Aaq2RMAR,
a0FRg00000Aaq2SMAR,3150
a0FRg00000Aaq2TMAR,36597.6
a0FRg00000AeKPCMA3,
a0FRg00000AeKPDMA3,
a0FRg00000AeKPEMA3,
a0FRg00000AeKPFMA3,
a0FRg00000AeKPGMA3,
a0FRg00000AeKPHMA3,
a0FRg00000AeKPIMA3,
a0FRg00000AeKpFMAV,3150
a0FRg00000AeKpGMAV,36540
a0FRg00000AeKpHMAV,91350
a0FRg00000AeKpIMAV,91350
a0FRg00000AeKpJMAV,91350
a0FRg00000AeKpKMAV,91350
a0FRg00000AeKpLMAV,81647.23
a0FRg00000AeKpMMAV,
a0FRg00000AeKpNMAV,
a0FRg00000AeKpyMAF,3150
a0FRg00000AeKpzMAF,42032.96
a0FRg00000AeKq0MAF,210164.8
a0FRg00000AeKq2MAF,105082.4
a0FRg00000AeKq3MAF,105082.4
a0FRg00000AeKq4MAF,
a0FRg00000AeKq5MAF,
a0FRg00000AeKq6MAF,
a0FRg00000AeKqPMAV,3150
a0FRg00000AeKqQMAV,36319.16
a0FRg00000AeKqRMAV,90797.9
a0FRg00000AeKqSMAV,90797.9
a0FRg00000AeKqTMAV,90797.9
a0FRg00000AeKqUMAV,80394.11
a0FRg00000AeKqVMAV,
a0FRg00000AeKqWMAV,
a0FRg00000AeKqXMAV,
a0FRg00000AeKqYMAV,3150
a0FRg00000AeKqZMAV,41462.4
a0FRg00000AeKqaMAF,103656
a0FRg00000AeKqbMAF,103656
a0FRg00000AeKqcMAF,103655.6
a0FRg00000AeKqdMAF,103656
a0FRg00000AeKqeMAF,14121
a0FRg00000AeKqfMAF,
a0FRg00000AeKqgMAF,
a0FRg00000AeKqzMAF,3150
a0FRg00000AeKr0MAF,36645.2
a0FRg00000AeKr1MAF,91658
a0FRg00000AeKr2MAF,91658
a0FRg00000AeKr3MAF,91658
a0FRg00000AeKr4MAF,91658
a0FRg00000AeKr5MAF,91688
a0FRg00000AeKr6MAF,
a0FRg00000AeKr7MAF,
a0FRg00000AeKrHMAV,3150
a0FRg00000AeKrIMAV,34222.65
a0FRg00000AeKrJMAV,257940.82
a0FRg00000AeKrMMAV,86464.5
a0FRg00000AeKrNMAV,86464.5
a0FRg00000AeKrOMAV,86316.12
a0FRg00000AeKrPMAV,
a0FRg00000AeKs9MAF,3150
a0FRg00000AeKsAMAV,18511.5
a0FRg00000AeKsBMAV,462787.5
a0FRg00000AeKsGMAV,
a0FRg00000AeKsHMAV,
a0FRg00000AeKsjMAF,3150
a0FRg00000AeKskMAF,37743.44
a0FRg00000AeKslMAF,94358.6
a0FRg00000AeKsmMAF,94358.6
a0FRg00000AeKsnMAF,94358.6
a0FRg00000AeKsoMAF,94358.6
a0FRg00000AeKspMAF,94358.6
a0FRg00000AeKsqMAF,94358.6
a0FRg00000AeKsrMAF,1066.26
a0FRg00000AeKttMAF,3150
a0FRg00000AeKtuMAF,36856.16
a0FRg00000AeKtvMAF,92140.4
a0FRg00000AeKtwMAF,92124.65
a0FRg00000AeKtxMAF,92140.4
a0FRg00000AeKtyMAF,92124.65
a0FRg00000AeKtzMAF,92140.4
a0FRg00000AeKu0MAF,
a0FRg00000AeKu1MAF,
a0FRg00000AeKuuMAF,
a0FRg00000AeKuvMAF,
a0FRg00000AeKuwMAF,
a0FRg00000AeKv3MAF,
a0FRg00000AeKv4MAF,
a0FRg00000AeKv5MAF,
a0FRg00000AeKvCMAV,
a0FRg00000AeKvDMAV,
a0FRg00000AeKvEMAV,
a0FRg00000AeKvLMAV,
a0FRg00000AeKvMMAV,
a0FRg00000AeKvNMAV,
a0FRg00000AeKvUMAV,
a0FRg00000AeKvVMAV,
a0FRg00000AeKvWMAV,
a0FRg00000AeKvdMAF,
a0FRg00000AeKveMAF,
a0FRg00000AeKvfMAF,
a0FRg00000AeKvmMAF,
a0FRg00000AeKvnMAF,
a0FRg00000AeKvoMAF,
a0FRg00000AeKvvMAF,
a0FRg00000AeKvwMAF,
a0FRg00000AeKvxMAF,
a0FRg00000AeKw4MAF,
a0FRg00000AeKw5MAF,
a0FRg00000AeKw6MAF,
a0FRg00000AeKwDMAV,
a0FRg00000AeKwEMAV,
a0FRg00000AeKwFMAV,
a0FRg00000AeKwMMAV,
a0FRg00000AeKwNMAV,
a0FRg00000AeKwOMAV,
a0FRg00000AeKwVMAV,
a0FRg00000AeKwWMAV,
a0FRg00000AeKwXMAV,
a0FRg00000AeKweMAF,
a0FRg00000AeKwfMAF,
a0FRg00000AeKwgMAF,
a0FRg00000AeKwnMAF,
a0FRg00000AeKwoMAF,
a0FRg00000AeKwpMAF,
a0FRg00000AeKwwMAF,
a0FRg00000AeKwxMAF,
a0FRg00000AeKwyMAF,
a0FRg00000AeKx5MAF,
a0FRg00000AeKx6MAF,
a0FRg00000AeKx7MAF,
a0FRg00000AeKxEMAV,
a0FRg00000AeKxFMAV,
a0FRg00000AeKxGMAV,
a0FRg00000AeKxNMAV,
a0FRg00000AeKxOMAV,
a0FRg00000AeKxPMAV,
a0FRg00000AeKxWMAV,
a0FRg00000AeKxXMAV,
a0FRg00000AeKxYMAV,
a0FRg00000AeKxfMAF,
a0FRg00000AeKxgMAF,
a0FRg00000AeKxhMAF,
a0FRg00000AeKxoMAF,
a0FRg00000AeKxpMAF,
a0FRg00000AeKxqMAF,
a0FRg00000AeKxxMAF,
a0FRg00000AeKxyMAF,
a0FRg00000AeKxzMAF,
a0FRg00000AeKy6MAF,
a0FRg00000AeKy7MAF,
a0FRg00000AeKy8MAF,
a0FRg00000AeKyFMAV,
a0FRg00000AeKyGMAV,
a0FRg00000AeKyHMAV,
a0FRg00000AeKyOMAV,3150
a0FRg00000AeKyPMAV,44520
a0FRg00000AeKyQMAV,222603
a0FRg00000AeKySMAV,111301.5
a0FRg00000AeKyTMAV,111301.5
a0FRg00000AeKyUMAV,111301.5
a0FRg00000AeKyVMAV,
a0FRg00000AeKyWMAV,
a0FRg00000AeL8aMAF,3150
a0FRg00000AeL8bMAF,70591.8
a0FRg00000AeL8cMAF,176479.5
a0FRg00000AeL8dMAF,176479.5
a0FRg00000AeL8eMAF,176479.5
a0FRg00000AeL8fMAF,176479.5
a0FRg00000AeL8gMAF,176479.5
a0FRg00000AeL8hMAF,
a0FRg00000AeL8iMAF,
a0FRg00000AeL8jMAF,
a0FRg00000AeL8kMAF,
a0FRg00000AeL8lMAF,
a0FRg00000AeL8mMAF,
a0FRg00000AeL9qMAF,
a0FRg00000AeL9rMAF,
a0FRg00000AeL9sMAF,
a0FRg00000AeLA3MAN,
a0FRg00000AeLA4MAN,
a0FRg00000AeLA5MAN,
a0FRg00000AeLAGMA3,
a0FRg00000AeLAHMA3,
a0FRg00000AeLAIMA3,
a0FRg00000AeLATMA3,
a0FRg00000AeLAUMA3,
a0FRg00000AeLAVMA3,
a0FRg00000AeLAgMAN,
a0FRg00000AeLAhMAN,
a0FRg00000AeLAiMAN,
a0FRg00000AeLAtMAN,
a0FRg00000AeLAuMAN,
a0FRg00000AeLAvMAN,
a0FRg00000AeLB6MAN,
a0FRg00000AeLB7MAN,
a0FRg00000AeLB8MAN,
a0FRg00000AeLBJMA3,
a0FRg00000AeLBKMA3,
a0FRg00000AeLBLMA3,
a0FRg00000AeLBWMA3,
a0FRg00000AeLBXMA3,
a0FRg00000AeLBYMA3,
a0FRg00000AeLBjMAN,
a0FRg00000AeLBkMAN,
a0FRg00000AeLBlMAN,
a0FRg00000AeLQZMA3,
a0FRg00000AeLQaMAN,
a0FRg00000AeLQbMAN,
a0FRg00000AeLQrMAN,
a0FRg00000AeLQsMAN,
a0FRg00000AeLQtMAN,
a0FRg00000AeLR9MAN,
a0FRg00000AeLRAMA3,
a0FRg00000AeLRBMA3,
a0FRg00000AeLRRMA3,
a0FRg00000AeLRSMA3,
a0FRg00000AeLRTMA3,
a0FRg00000AeLRjMAN,
a0FRg00000AeLRkMAN,
a0FRg00000AeLRlMAN,
a0FRg00000AeLS1MAN,
a0FRg00000AeLS2MAN,
a0FRg00000AeLS3MAN,
a0FRg00000Azy6hMAB,147100
a0FRg00000Azy6iMAB,143415.27
a0FRg00000Azy6jMAB,147100
a0FRg00000Azy6kMAB,
a0FRg00000Azy6lMAB,
a0FRg00000Azy6mMAB,
a0FRg00000Azy6nMAB,
a0FRg00000Azy7iMAB,240000
a0FRg00000Azy7jMAB,240000
a0FRg00000Azy7kMAB,240000
a0FRg00000Azy7lMAB,240000
a0FRg00000Azy7mMAB,
a0FRg00000Azy7nMAB,
a0FRg00000Azy7oMAB,
a0FRg00000Azy8OMAR,817470
a0FRg00000Azy8RMAR,272500
a0FRg00000Azy8SMAR,
a0FRg00000Azy8TMAR,
a0FRg00000Azy8UMAR,
a0FRg00000Azy9IMAR,150100
a0FRg00000Azy9JMAR,150100
a0FRg00000Azy9KMAR,150100
a0FRg00000Azy9LMAR,150100
a0FRg00000Azy9MMAR,
a0FRg00000Azy9NMAR,
a0FRg00000Azy9OMAR,
a0FRg00000Azy9PMAR,142500
a0FRg00000Azy9QMAR,142500
a0FRg00000Azy9RMAR,142500
a0FRg00000Azy9SMAR,
a0FRg00000Azy9TMAR,
a0FRg00000Azy9UMAR,
a0FRg00000Azy9VMAR,
a0FRg00000AzzqZMAR,3150
a0FRg00000AzzqaMAB,41251
a0FRg00000AzzqbMAB,103127.5
a0FRg00000AzzqcMAB,103127.5
a0FRg00000AzzqdMAB,103127.5
a0FRg00000AzzqeMAB,103127.5
a0FRg00000AzzqfMAB,
a0FRg00000AzzqgMAB,
a0FRg00000AzzqhMAB,
a0FRg00000AzzqiMAB,3150
a0FRg00000AzzqjMAB,20127.5
a0FRg00000AzzqkMAB,100637.5
a0FRg00000AzzqlMAB,100637.5
a0FRg00000AzzqmMAB,100637.5
a0FRg00000AzzqnMAB,100637.5
a0FRg00000AzzqoMAB,100637.5
a0FRg00000AzzqpMAB,100637.5
a0FRg00000AzzqqMAB,402550
a0FRg00000Azzr0MAB,3150
a0FRg00000Azzr1MAB,39693.6
a0FRg00000Azzr2MAB,99234
a0FRg00000Azzr3MAB,99234
a0FRg00000Azzr4MAB,99234
a0FRg00000Azzr5MAB,99234
a0FRg00000Azzr6MAB,99234
a0FRg00000Azzr8MAB,
a0FRg00000Azzr9MAB,
a0FRg00000AzzrAMAR,
a0FRg00000AzzrBMAR,
a0FRg00000AzzrRMAR,3150
a0FRg00000AzzrSMAR,32556.76
a0FRg00000AzzrTMAR,81391.9
a0FRg00000AzzrUMAR,81391.9
a0FRg00000AzzrVMAR,81391.9
a0FRg00000AzzrWMAR,81391.9
a0FRg00000AzzrXMAR,81391.9
a0FRg00000AzzrYMAR,81391.9
a0FRg00000AzzrZMAR,1541.84
a0FRg00000AzzrjMAB,3150
a0FRg00000AzzrkMAB,18635.4
a0FRg00000AzzrlMAB,409979.6
a0FRg00000AzzrqMAB,
a0FRg00000AzzrrMAB,
a0FRg00000B00udMAB,3150
a0FRg00000B00ueMAB,497300
a0FRg00000B00ufMAB,12432500
a0FRg00000B00uiMAB,
a0FRg00000B0158MAB,3150
a0FRg00000B0159MAB,82714.8
a0FRg00000B015AMAR,206787
a0FRg00000B015BMAR,206787
a0FRg00000B015CMAR,206787
a0FRg00000B015DMAR,206787
a0FRg00000B015EMAR,206787
a0FRg00000B015FMAR,
a0FRg00000B015GMAR,
a0FRg00000B015HMAR,
a0FRg00000B015IMAR,
a0FRg00000B015JMAR,
a0FRg00000B015KMAR,
a0FRg00000B01I5MAJ,3150
a0FRg00000B01I6MAJ,139684
a0FRg00000B01I7MAJ,1047630
a0FRg00000B01IBMAZ,349210
a0FRg00000B01IDMAZ,
a0FRg00000B0oTcMAJ,275200
a0FRg00000B0oTdMAJ,275200
a0FRg00000B0oTeMAJ,275200
a0FRg00000B0oTfMAJ,
a0FRg00000B0oTgMAJ,
a0FRg00000B0oThMAJ,
a0FRg00000B0oTiMAJ,
a0FRg00000B0oUBMAZ,151700
a0FRg00000B0oUCMAZ,151700
a0FRg00000B0oUDMAZ,151682.97
a0FRg00000B0oUEMAZ,
a0FRg00000B0oUFMAZ,
a0FRg00000B0oUGMAZ,
a0FRg00000B0oUHMAZ,
a0FRg00000B0oUdMAJ,137900
a0FRg00000B0oUeMAJ,137900
a0FRg00000B0oUfMAJ,137900
a0FRg00000B0oUgMAJ,137900
a0FRg00000B0oUhMAJ,
a0FRg00000B0oUiMAJ,
a0FRg00000B0oUjMAJ,
a0FRg00000B0oWmMAJ,139400
a0FRg00000B0oWnMAJ,139400
a0FRg00000B0oWoMAJ,139400
a0FRg00000B0oWpMAJ,139400
a0FRg00000B0oWqMAJ,
a0FRg00000B0oWrMAJ,
a0FRg00000B0oWsMAJ,
a0FRg00000B0oWtMAJ,138800
a0FRg00000B0oWuMAJ,138800
a0FRg00000B0oWvMAJ,138800
a0FRg00000B0oWwMAJ,138800
a0FRg00000B0oWxMAJ,
a0FRg00000B0oWyMAJ,
a0FRg00000B0oWzMAJ,
a0FRg00000B0oYFMAZ,154400
a0FRg00000B0oYGMAZ,154400
a0FRg00000B0oYHMAZ,
a0FRg00000B0oYIMAZ,
a0FRg00000B0oYJMAZ,
a0FRg00000B0oYKMAZ,
a0FRg00000B0oYLMAZ,
a0FRg00000BLfXWMA1,3150
a0FRg00000BLfXXMA1,19000.8
a0FRg00000BLfXYMA1,475020
a0FRg00000BLfXdMAL,0.2
a0FRg00000BLfXeMAL,
a0FRg00000BLfXfMAL,3150
a0FRg00000BLfXgMAL,19657.6
a0FRg00000BLfXhMAL,491440
a0FRg00000BLfXmMAL,98288
a0FRg00000BLfXnMAL,162403.4
a0FRg00000BLkfpMAD,3150
a0FRg00000BLkfqMAD,979800
a0FRg00000BLkfrMAD,24495000
a0FRg00000BLkfsMAD,7872.53
a0FRg00000BLkvjMAD,3150
a0FRg00000BLkvkMAD,133047.48
a0FRg00000BLkvlMAD,332663.7
a0FRg00000BLkvmMAD,332663.7
a0FRg00000BLkvnMAD,399202.44
a0FRg00000BLkvoMAD,399202.44
a0FRg00000BLkvpMAD,
a0FRg00000BLkvqMAD,
a0FRg00000BLkvrMAD,
a0FRg00000BLkvsMAD,
a0FRg00000BLkvtMAD,
a0FRg00000BLkvuMAD,
a0FRg00000BLkvvMAD,
a0FRg00000BLkvwMAD,
a0FRg00000BLkvxMAD,
a0FRg00000BLkvyMAD,
a0FRg00000BLkvzMAD,
a0FRg00000BLkw0MAD,
a0FRg00000BLkw1MAD,
a0FRg00000BLkw2MAD,
a0FRg00000BLkw3MAD,
a0FRg00000BLkw4MAD,
a0FRg00000BLkw5MAD,
a0FRg00000BLkw6MAD,
a0FRg00000BLkw7MAD,
a0FRg00000BLkw8MAD,
a0FRg00000BLkw9MAD,
a0FRg00000BLkwAMAT,
a0FRg00000BLkwBMAT,
a0FRg00000BLkwCMAT,
a0FRg00000BLkwDMAT,
a0FRg00000BLkwEMAT,
a0FRg00000BLkwFMAT,
a0FRg00000BLkwGMAT,
a0FRg00000BLkwHMAT,
a0FRg00000BLkwIMAT,
a0FRg00000BLkwJMAT,
a0FRg00000BLkwKMAT,
a0FRg00000BLkwLMAT,
a0FRg00000BLkwMMAT,
a0FRg00000BLkwNMAT,
a0FRg00000BLkwOMAT,
a0FRg00000BLkwPMAT,
a0FRg00000BLlLmMAL,
a0FRg00000BLlLnMAL,
a0FRg00000BLlLoMAL,98468.5
a0FRg00000BLlLpMAL,98468.5
a0FRg00000BLlLqMAL,55000
a0FRg00000BLlLrMAL,
a0FRg00000BLlLsMAL,
a0FRg00000BLlLtMAL,
a0FRg00000BLlLuMAL,
a0FRg00000BLlMMMA1,3150
a0FRg00000BLlMNMA1,19687.8
a0FRg00000BLlMOMA1,492195
a0FRg00000BLlMTMA1,0.2
a0FRg00000BLlMUMA1,
a0FRg00000BLlNNMA1,3150
a0FRg00000BLlNOMA1,39728.2
a0FRg00000BLlNPMA1,99320.5
a0FRg00000BLlNQMA1,99320.5
a0FRg00000BLlNRMA1,99320.5
a0FRg00000BLlNSMA1,99320.5
a0FRg00000BLlNTMA1,99320.5
a0FRg00000BLlNUMA1,3.3
a0FRg00000BLlNVMA1,
a0FRg00000BLlOOMA1,3150
a0FRg00000BLlOPMA1,17660
a0FRg00000BLlOQMA1,441500
a0FRg00000BLlOVMA1,
a0FRg00000BLlOWMA1,
a0FRg00000BLlOyMAL,3150
a0FRg00000BLlOzMAL,36807.76
a0FRg00000BLlP0MAL,92019.4
a0FRg00000BLlP1MAL,92019.4
a0FRg00000BLlP2MAL,92019.4
a0FRg00000BLlP3MAL,92019.4
a0FRg00000BLlP4MAL,92019.4
a0FRg00000BLlP5MAL,3.24
a0FRg00000BLlP6MAL,
a0FRg00000BLlP7MAL,3150
a0FRg00000BLlP8MAL,38143.8
a0FRg00000BLlP9MAL,95359.5
a0FRg00000BLlPAMA1,95359.5
a0FRg00000BLlPBMA1,95359.5
a0FRg00000BLlPCMA1,95359.5
a0FRg00000BLlPDMA1,95359.5
a0FRg00000BLlPEMA1,1
a0FRg00000BLlPFMA1,
a0FRg00000BPmeeMAD,3250
a0FRg00000BPuK1MAL,
a0FRg00000BPuvNMAT,127900
a0FRg00000BPuvOMAT,3250
a0FRg00000BPuvPMAT,127900
a0FRg00000BPuvQMAT,
a0FRg00000BPuvRMAT,
a0FRg00000BPuvSMAT,
a0FRg00000BPuvTMAT,
a0FRg00000BPuvUMAT,
a0FRg00000BPuvVMAT,
a0FRg00000BPuvWMAT,153600
a0FRg00000BPuvXMAT,3250
a0FRg00000BPuvYMAT,153600
a0FRg00000BPuvZMAT,153600
a0FRg00000BPuvaMAD,153584.25
a0FRg00000BPuvbMAD,
a0FRg00000BPuvcMAD,
a0FRg00000BPuvdMAD,
a0FRg00000BPuveMAD,
a0FRg00000BPuvfMAD,132000
a0FRg00000BPuvgMAD,3250
a0FRg00000BPuvhMAD,132000
a0FRg00000BPuviMAD,132000
a0FRg00000BPuvjMAD,128750
a0FRg00000BPuvkMAD,
a0FRg00000BPuvlMAD,
a0FRg00000BPuvmMAD,
a0FRg00000BPuvnMAD,
a0FRg00000BPux7MAD,129400
a0FRg00000BPux8MAD,3250
a0FRg00000BPux9MAD,129400
a0FRg00000BPuxAMAT,
a0FRg00000BPuxBMAT,
a0FRg00000BPuxCMAT,
a0FRg00000BPuxDMAT,
a0FRg00000BPuxEMAT,
a0FRg00000BPuxFMAT,
a0FRg00000BPuxGMAT,128600
a0FRg00000BPuxHMAT,3250
a0FRg00000BPuxIMAT,128600
a0FRg00000BPuxJMAT,
a0FRg00000BPuxKMAT,
a0FRg00000BPuxLMAT,
a0FRg00000BPuxMMAT,
a0FRg00000BPuxNMAT,
a0FRg00000BPuxOMAT,
a0FRg00000BPuxPMAT,134000
a0FRg00000BPuxQMAT,3205
a0FRg00000BPuxRMAT,134000
a0FRg00000BPuxSMAT,134000
a0FRg00000BPuxTMAT,134000
a0FRg00000BPuxUMAT,
a0FRg00000BPuxVMAT,
a0FRg00000BPuxWMAT,
a0FRg00000BPuxXMAT,
a0FRg00000BPuxYMAT,131400
a0FRg00000BPuxZMAT,3250
a0FRg00000BPuxaMAD,131400
a0FRg00000BPuxbMAD,131400
a0FRg00000BPuxcMAD,131400
a0FRg00000BPuxdMAD,
a0FRg00000BPuxeMAD,
a0FRg00000BPuxfMAD,
a0FRg00000BPuxgMAD,
a0FRg00000BPuxhMAD,237600
a0FRg00000BPuxiMAD,3235
a0FRg00000BPuxjMAD,237600
a0FRg00000BPuxkMAD,237600
a0FRg00000BPuxlMAD,237600
a0FRg00000BPuxmMAD,
a0FRg00000BPuxnMAD,
a0FRg00000BPuxoMAD,
a0FRg00000BPuxpMAD,
a0FRg00000BPuyHMAT,414060.27
a0FRg00000BPuyIMAT,3250
a0FRg00000BPuyJMAT,
a0FRg00000BPuyKMAT,
a0FRg00000BPuyLMAT,
a0FRg00000BPuyMMAT,
a0FRg00000BPuyNMAT,
a0FRg00000BPuyOMAT,
a0FRg00000BPuyPMAT,
a0FRg00000BPv01MAD,130500
a0FRg00000BPv02MAD,3250
a0FRg00000BPv03MAD,130500
a0FRg00000BPv04MAD,130500
a0FRg00000BPv05MAD,
a0FRg00000BPv06MAD,
a0FRg00000BPv07MAD,
a0FRg00000BPv08MAD,
a0FRg00000BPv09MAD,
a0FRg00000BPv0AMAT,130000
a0FRg00000BPv0BMAT,
a0FRg00000BPv0CMAT,130000
a0FRg00000BPv0DMAT,130000
a0FRg00000BPv0EMAT,
a0FRg00000BPv0FMAT,
a0FRg00000BPv0GMAT,
a0FRg00000BPv0HMAT,
a0FRg00000BPv0IMAT,
a0FRg00000BPv0JMAT,135100
a0FRg00000BPv0KMAT,3250
a0FRg00000BPv0LMAT,135100
a0FRg00000BPv0MMAT,135100
a0FRg00000BPv0NMAT,130010
a0FRg00000BPv0OMAT,
a0FRg00000BPv0PMAT,
a0FRg00000BPv0QMAT,
a0FRg00000BPv0RMAT,
a0FRg00000BPv0SMAT,132800
a0FRg00000BPv0TMAT,3250
a0FRg00000BPv0UMAT,132800
a0FRg00000BPv0VMAT,
a0FRg00000BPv0WMAT,
a0FRg00000BPv0XMAT,
a0FRg00000BPv0YMAT,
a0FRg00000BPv0ZMAT,
a0FRg00000BPv0aMAD,
a0FRg00000BPv0bMAD,139700
a0FRg00000BPv0cMAD,3219.98
a0FRg00000BPv0dMAD,139700
a0FRg00000BPv0eMAD,139700
a0FRg00000BPv0fMAD,139700
a0FRg00000BPv0gMAD,
a0FRg00000BPv0hMAD,
a0FRg00000BPv0iMAD,
a0FRg00000BPv0jMAD,
a0FRg00000BPv1uMAD,288993.96
a0FRg00000BPv1vMAD,3242.76
a0FRg00000BPv1wMAD,288642.03
a0FRg00000BPv1xMAD,
a0FRg00000BPv1yMAD,
a0FRg00000BPv1zMAD,
a0FRg00000BPv20MAD,
a0FRg00000BPv21MAD,
a0FRg00000BPv22MAD,
a0FRg00000BPv2mMAD,132000
a0FRg00000BPv2nMAD,3250
a0FRg00000BPv2oMAD,132000
a0FRg00000BPv2pMAD,132000
a0FRg00000BPv2qMAD,132000
a0FRg00000BPv2rMAD,350
a0FRg00000BPv2sMAD,
a0FRg00000BPv2tMAD,
a0FRg00000BPv2uMAD,
a0FRg00000BPv2vMAD,131200
a0FRg00000BPv2wMAD,3250
a0FRg00000BPv2xMAD,131200
a0FRg00000BPv2yMAD,3600
a0FRg00000BPv2zMAD,
a0FRg00000BPv30MAD,
a0FRg00000BPv31MAD,
a0FRg00000BPv32MAD,
a0FRg00000BPv33MAD,
a0FRg00000BPv3DMAT,134000
a0FRg00000BPv3EMAT,3250
a0FRg00000BPv3FMAT,133835.32
a0FRg00000BPv3GMAT,87824.12
a0FRg00000BPv3HMAT,
a0FRg00000BPv3IMAT,
a0FRg00000BPv3JMAT,
a0FRg00000BPv3KMAT,
a0FRg00000BPv3LMAT,
a0FRg00000BPv3MMAT,169320
a0FRg00000BPv3NMAT,3250
a0FRg00000BPv3OMAT,169320
a0FRg00000BPv3PMAT,169320
a0FRg00000BPv3QMAT,155000
a0FRg00000BPv3RMAT,
a0FRg00000BPv3SMAT,
a0FRg00000BPv3TMAT,
a0FRg00000BPv3UMAT,
a0FRg00000BPv70MAD,144000
a0FRg00000BPv71MAD,2800
a0FRg00000BPv72MAD,143820
a0FRg00000BPv73MAD,
a0FRg00000BPv74MAD,
a0FRg00000BPv75MAD,
a0FRg00000BPv76MAD,
a0FRg00000BPv77MAD,
a0FRg00000BPv78MAD,
a0FRg00000BPv7aMAD,132700
a0FRg00000BPv7bMAD,3250
a0FRg00000BPv7cMAD,132700
a0FRg00000BPv7dMAD,132700
a0FRg00000BPv7eMAD,446.82
a0FRg00000BPv7fMAD,
a0FRg00000BPv7gMAD,
a0FRg00000BPv7hMAD,
a0FRg00000BPv7iMAD,
a0FRg00000BPv7jMAD,135500
a0FRg00000BPv7kMAD,3250
a0FRg00000BPv7lMAD,135500
a0FRg00000BPv7mMAD,135500
a0FRg00000BPv7nMAD,135500
a0FRg00000BPv7oMAD,
a0FRg00000BPv7pMAD,
a0FRg00000BPv7qMAD,
a0FRg00000BPv7rMAD,
a0FRg00000BPv8tMAD,556000
a0FRg00000BPv8uMAD,3250
a0FRg00000BPv8wMAD,275393.67
a0FRg00000BPv8xMAD,
a0FRg00000BPv8yMAD,
a0FRg00000BPv8zMAD,
a0FRg00000BPv90MAD,
a0FRg00000BPv91MAD,
a0FRg00000BPvAdMAL,134600
a0FRg00000BPvAeMAL,3250
a0FRg00000BPvAfMAL,134600
a0FRg00000BPvAgMAL,134600
a0FRg00000BPvAhMAL,129649.56
a0FRg00000BPvAiMAL,
a0FRg00000BPvAjMAL,
a0FRg00000BPvAkMAL,
a0FRg00000BPvAlMAL,
a0FRg00000BPvAmMAL,133900
a0FRg00000BPvAnMAL,3250
a0FRg00000BPvAoMAL,133900
a0FRg00000BPvApMAL,133900
a0FRg00000BPvAqMAL,133900
a0FRg00000BPvArMAL,
a0FRg00000BPvAsMAL,
a0FRg00000BPvAtMAL,
a0FRg00000BPvAuMAL,
a0FRg00000BPvB4MAL,265200
a0FRg00000BPvB5MAL,3250
a0FRg00000BPvB6MAL,265200
a0FRg00000BPvB7MAL,265200
a0FRg00000BPvB8MAL,265200
a0FRg00000BPvB9MAL,
a0FRg00000BPvBAMA1,
a0FRg00000BPvBBMA1,
a0FRg00000BPvBCMA1,
a0FRg00000BPvErMAL,135970
a0FRg00000BPvEsMAL,3250
a0FRg00000BPvEtMAL,135970
a0FRg00000BPvEuMAL,135970
a0FRg00000BPvEvMAL,136000
a0FRg00000BPvEwMAL,
a0FRg00000BPvExMAL,
a0FRg00000BPvEyMAL,
a0FRg00000BPvEzMAL,
a0FRg00000BPvF0MAL,162200
a0FRg00000BPvF1MAL,3250
a0FRg00000BPvF2MAL,162200
a0FRg00000BPvF3MAL,162200
a0FRg00000BPvF4MAL,162200
a0FRg00000BPvF5MAL,
a0FRg00000BPvF6MAL,
a0FRg00000BPvF7MAL,
a0FRg00000BPvF8MAL,
a0FRg00000BPvF9MAL,140770
a0FRg00000BPvFAMA1,3250
a0FRg00000BPvFBMA1,140770
a0FRg00000BPvFCMA1,140770
a0FRg00000BPvFDMA1,140800
a0FRg00000BPvFEMA1,
a0FRg00000BPvFFMA1,
a0FRg00000BPvFGMA1,
a0FRg00000BPvFHMA1,
a0FRg00000BPvFIMA1,140070
a0FRg00000BPvFJMA1,
a0FRg00000BPvFKMA1,140070
a0FRg00000BPvFLMA1,140070
a0FRg00000BPvFMMA1,
a0FRg00000BPvFNMA1,
a0FRg00000BPvFOMA1,
a0FRg00000BPvFPMA1,
a0FRg00000BPvFQMA1,
a0FRg00000BPvFaMAL,270500
a0FRg00000BPvFbMAL,3250
a0FRg00000BPvFcMAL,270500
a0FRg00000BPvFdMAL,270500
a0FRg00000BPvFeMAL,270500
a0FRg00000BPvFfMAL,
a0FRg00000BPvFgMAL,
a0FRg00000BPvFhMAL,
a0FRg00000BPvFiMAL,
a0FRg00000BPvHcMAL,155900
a0FRg00000BPvHdMAL,3250
a0FRg00000BPvHeMAL,155900
a0FRg00000BPvHfMAL,155900
a0FRg00000BPvHgMAL,155900
a0FRg00000BPvHhMAL,155900
a0FRg00000BPvHiMAL,
a0FRg00000BPvHjMAL,
a0FRg00000BPvHkMAL,
a0FRg00000BYwEXMA1,187560
a0FRg00000BYwEYMA1,
a0FRg00000BYwEZMA1,187560
a0FRg00000BYwEaMAL,55880
a0FRg00000BYwEbMAL,
a0FRg00000BYwEcMAL,
a0FRg00000BYwEdMAL,
a0FRg00000BYwEeMAL,
a0FRg00000BYwEfMAL,
a0FRg00000BZOcDMAX,7905936.5
a0FRg00000Bcw6OMAR,
a0FRg00000BcwEMMAZ,
a0FRg00000BcyG9MAJ,
a0FRg00000BcyUfMAJ,
a0FRg00000BcymPMAR,
a0FRg00000BcyuTMAR,
a0FRg00000BczIfMAJ,
a0FRg00000BiwkBMAR,3150
a0FRg00000BiwkCMAR,132550.44
a0FRg00000BiwkDMAR,331376.1
a0FRg00000BiwkEMAR,331376.1
a0FRg00000BiwkFMAR,
a0FRg00000BiwkGMAR,
a0FRg00000BiwkHMAR,
a0FRg00000BiwkIMAR,
a0FRg00000BiwkJMAR,
a0FRg00000BiwkKMAR,
a0FRg00000BiwkLMAR,
a0FRg00000BiwkMMAR,
a0FRg00000BiwkNMAR,
a0FRg00000BiwkOMAR,
a0FRg00000BiwkPMAR,
a0FRg00000BiwkQMAR,
a0FRg00000BiwkRMAR,
a0FRg00000BiwkSMAR,
a0FRg00000BiwkTMAR,
a0FRg00000BiwkUMAR,
a0FRg00000BiwkVMAR,
a0FRg00000BiwkWMAR,
a0FRg00000BiwkXMAR,
a0FRg00000BiwkYMAR,
a0FRg00000BiwkZMAR,
a0FRg00000BiwkaMAB,
a0FRg00000BiwkbMAB,
a0FRg00000BiwkcMAB,
a0FRg00000BiwkdMAB,
a0FRg00000BiwkeMAB,
a0FRg00000BiwkfMAB,
a0FRg00000BiwkgMAB,
a0FRg00000BiwkhMAB,
a0FRg00000BiwkiMAB,
a0FRg00000BiwkjMAB,
a0FRg00000BiwkkMAB,
a0FRg00000BiwklMAB,
a0FRg00000BiwkmMAB,
a0FRg00000BiwknMAB,
a0FRg00000BiwkoMAB,
a0FRg00000BiwkpMAB,
a0FRg00000BiwkqMAB,
a0FRg00000BixCWMAZ,
a0FRg00000BixCXMAZ,159000
a0FRg00000BixCYMAZ,159000
a0FRg00000BixCZMAZ,159000
a0FRg00000BixCaMAJ,159000
a0FRg00000BixCbMAJ,159000
a0FRg00000BixCcMAJ,159000
a0FRg00000BixCdMAJ,
a0FRg00000BixCeMAJ,
a0FRg00000BixCfMAJ,3250
a0FRg00000BixCgMAJ,136900
a0FRg00000BixChMAJ,136900
a0FRg00000BixCiMAJ,136900
a0FRg00000BixCjMAJ,136900
a0FRg00000BixCkMAJ,
a0FRg00000BixClMAJ,
a0FRg00000BixCmMAJ,
a0FRg00000BixCnMAJ,
a0FRg00000BixDyMAJ,3250
a0FRg00000BixDzMAJ,165900
a0FRg00000BixE0MAJ,165900
a0FRg00000BixE1MAJ,165900
a0FRg00000BixE2MAJ,
a0FRg00000BixE3MAJ,
a0FRg00000BixE6MAJ,
a0FRg00000BixI2MAJ,3250
a0FRg00000BixI3MAJ,135860
a0FRg00000BixI4MAJ,135860
a0FRg00000BixI5MAJ,135860
a0FRg00000BixI6MAJ,
a0FRg00000BixI7MAJ,
a0FRg00000BixI8MAJ,
a0FRg00000BixI9MAJ,
a0FRg00000BixIAMAZ,
a0FRg00000BixKMMAZ,
a0FRg00000BixKNMAZ,133100
a0FRg00000BixKOMAZ,53900
a0FRg00000BixKPMAZ,
a0FRg00000BixKQMAZ,
a0FRg00000BixKRMAZ,
a0FRg00000BixKSMAZ,
a0FRg00000BixKTMAZ,
a0FRg00000BixKUMAZ,
a0FRg00000BixMgMAJ,
a0FRg00000BixMhMAJ,145400
a0FRg00000BixMiMAJ,145400
a0FRg00000BixMlMAJ,
a0FRg00000BixMmMAJ,
a0FRg00000BixMnMAJ,
a0FRg00000BixMoMAJ,
a0FRg00000BixinMAB,3150
a0FRg00000BixioMAB,41248
a0FRg00000BixipMAB,102425.07
a0FRg00000BixiqMAB,99590.13
a0FRg00000BixirMAB,
a0FRg00000BixisMAB,
a0FRg00000BixitMAB,
a0FRg00000BixiuMAB,
a0FRg00000BixivMAB,
a0FRg00000BixmiMAB,3150
a0FRg00000BixmjMAB,38815.8
a0FRg00000BixmkMAB,97039.5
a0FRg00000BixmlMAB,97039.5
a0FRg00000BixmmMAB,97039.5
a0FRg00000BixmnMAB,97039.5
a0FRg00000BixmoMAB,97039.5
a0FRg00000BixmpMAB,6151.5
a0FRg00000BixmqMAB,
a0FRg00000Bixn0MAB,3150
a0FRg00000Bixn1MAB,44873.12
a0FRg00000Bixn2MAB,112182.8
a0FRg00000Bixn3MAB,112182.8
a0FRg00000Bixn4MAB,111301.5
a0FRg00000Bixn5MAB,
a0FRg00000Bixn6MAB,
a0FRg00000Bixn7MAB,
a0FRg00000Bixn8MAB,
a0FRg00000BixnRMAR,
a0FRg00000BixnSMAR,
a0FRg00000BixnTMAR,445210.5
a0FRg00000BixnYMAR,
a0FRg00000BixnZMAR,
a0FRg00000BixnjMAB,3150
a0FRg00000BixnkMAB,38811.64
a0FRg00000BixnlMAB,97029.1
a0FRg00000BixnmMAB,97029.1
a0FRg00000BixnnMAB,97029.1
a0FRg00000BixnoMAB,97029.1
a0FRg00000BixnpMAB,97029.1
a0FRg00000BixnqMAB,60431.79
a0FRg00000BixnrMAB,
a0FRg00000BixnsMAB,
a0FRg00000BixntMAB,
a0FRg00000BixnuMAB,469313
a0FRg00000BixnzMAB,
a0FRg00000Bixo0MAB,
a0FRg00000Bixo1MAB,
a0FRg00000Bixo2MAB,
a0FRg00000Bixo3MAB,463659
a0FRg00000Bixo8MAB,
a0FRg00000Bixo9MAB,
a0FRg00000BixoAMAR,
a0FRg00000BixoBMAR,
a0FRg00000BixoCMAR,480417.5
a0FRg00000BixoHMAR,
a0FRg00000BixoIMAR,
a0FRg00000Bixx1MAB,3150
a0FRg00000Bixx2MAB,83502.56
a0FRg00000Bixx3MAB,626269.2
a0FRg00000Bixx6MAB,208756.4
a0FRg00000Bixx7MAB,208756.4
a0FRg00000Bixx8MAB,323.6
a0FRg00000Bixx9MAB,
a0FRg00000BixxAMAR,
a0FRg00000BixxBMAR,
a0FRg00000BixxCMAR,
a0FRg00000BixxDMAR,
a0FRg00000Biy7FMAR,3150
a0FRg00000Biy7GMAR,138538.4
a0FRg00000Biy7HMAR,346346
a0FRg00000Biy7IMAR,346316
a0FRg00000Biy7JMAR,346316
a0FRg00000Biy7KMAR,346316
a0FRg00000Biy7LMAR,346346
a0FRg00000Biy7MMAR,
a0FRg00000Biy7NMAR,
a0FRg00000Biy7OMAR,
a0FRg00000Biy7PMAR,
a0FRg00000Biy7QMAR,
a0FRg00000Biy7RMAR,
a0FRg00000Biy7SMAR,
a0FRg00000Biy7TMAR,
a0FRg00000Biy7UMAR,
a0FRg00000Biy7VMAR,
a0FRg00000Biy7WMAR,
a0FRg00000BsSIjMAN,3150
a0FRg00000BsSKLMA3,18119.4
a0FRg00000C04rcMAB,3150
a0FRg00000C04rdMAB,37256.64
a0FRg00000C04reMAB,93141.6
a0FRg00000C04rfMAB,93141.6
a0FRg00000C04rgMAB,93141.6
a0FRg00000C04rhMAB,93141.6
a0FRg00000C04riMAB,1.16
a0FRg00000C04rjMAB,
a0FRg00000C04rkMAB,
a0FRg00000C04ruMAB,3150
a0FRg00000C04rvMAB,43968.44
a0FRg00000C04rwMAB,109921.1
a0FRg00000C04rxMAB,109921.1
a0FRg00000C04ryMAB,
a0FRg00000C04rzMAB,
a0FRg00000C04s0MAB,
a0FRg00000C04s1MAB,
a0FRg00000C04s2MAB,
a0FRg00000C04sdMAB,3150
a0FRg00000C04seMAB,43243.12
a0FRg00000C04sfMAB,107448.7
a0FRg00000C04sgMAB,107448.7
a0FRg00000C04shMAB,107448.7
a0FRg00000C04siMAB,107448.7
a0FRg00000C04sjMAB,
a0FRg00000C04skMAB,
a0FRg00000C04slMAB,
a0FRg00000C04smMAB,3150
a0FRg00000C04snMAB,45309.6
a0FRg00000C04soMAB,113274
a0FRg00000C04spMAB,108910.17
a0FRg00000C04sqMAB,113224
a0FRg00000C04srMAB,
a0FRg00000C04ssMAB,
a0FRg00000C04stMAB,
a0FRg00000C04suMAB,
a0FRg00000C04svMAB,3150
a0FRg00000C04swMAB,22197.78
a0FRg00000C04sxMAB,110988.9
a0FRg00000C04syMAB,110988.9
a0FRg00000C04szMAB,110988.9
a0FRg00000C04t0MAB,110988.9
a0FRg00000C04t1MAB,110988.9
a0FRg00000C04t2MAB,110988.9
a0FRg00000C04t3MAB,
a0FRg00000C04tDMAR,3150
a0FRg00000C04tEMAR,35963.12
a0FRg00000C04tFMAR,179815.6
a0FRg00000C04tHMAR,89907.8
a0FRg00000C04tIMAR,89907.8
a0FRg00000C04tJMAR,89907.8
a0FRg00000C04tKMAR,
a0FRg00000C04tLMAR,
a0FRg00000C04uEMAR,3150
a0FRg00000C04uFMAR,35564
a0FRg00000C04uGMAR,88910
a0FRg00000C04uHMAR,88910
a0FRg00000C04uIMAR,88910
a0FRg00000C04uJMAR,72400
a0FRg00000C04uKMAR,
a0FRg00000C04uLMAR,
a0FRg00000C04uMMAR,
a0FRg00000C04uoMAB,3150
a0FRg00000C04upMAB,17500
a0FRg00000C04uqMAB,437500
a0FRg00000C04uvMAB,87500
a0FRg00000C04uwMAB,
a0FRg00000C04vpMAB,3150
a0FRg00000C04vqMAB,34000
a0FRg00000C04vrMAB,85000
a0FRg00000C04vsMAB,85000
a0FRg00000C04vtMAB,85000
a0FRg00000C04vuMAB,85000
a0FRg00000C04vvMAB,85000
a0FRg00000C04vwMAB,
a0FRg00000C04vxMAB,
a0FRg00000C04vyMAB,3150
a0FRg00000C04vzMAB,33973.72
a0FRg00000C04w0MAB,84994.98
a0FRg00000C04w1MAB,84995
a0FRg00000C04w2MAB,84995
a0FRg00000C04w3MAB,84995
a0FRg00000C04w4MAB,84995
a0FRg00000C04w5MAB,84995
a0FRg00000C04w6MAB,48724.8
a0FRg00000C04whMAB,3150
a0FRg00000C04wiMAB,33574
a0FRg00000C04wjMAB,839350
a0FRg00000C04woMAB,
a0FRg00000C04wpMAB,
a0FRg00000C04y0MAB,3150
a0FRg00000C04y1MAB,34000
a0FRg00000C04y2MAB,85000
a0FRg00000C04y3MAB,85000
a0FRg00000C04y4MAB,
a0FRg00000C04y5MAB,
a0FRg00000C04y6MAB,
a0FRg00000C04y7MAB,
a0FRg00000C04y8MAB,
a0FRg00000C050nMAB,3150
a0FRg00000C050oMAB,84290.32
a0FRg00000C050pMAB,210725.8
a0FRg00000C050qMAB,210725.8
a0FRg00000C050rMAB,210725.8
a0FRg00000C050sMAB,209265.22
a0FRg00000C050tMAB,
a0FRg00000C050uMAB,
a0FRg00000C050vMAB,
a0FRg00000C050wMAB,
a0FRg00000C050xMAB,
a0FRg00000C050yMAB,
a0FRg00000C050zMAB,
a0FRg00000C053JMAR,3150
a0FRg00000C053KMAR,85865.84
a0FRg00000C053LMAR,214664.6
a0FRg00000C053MMAR,214664.6
a0FRg00000C053NMAR,214664.6
a0FRg00000C053OMAR,158315.36
a0FRg00000C053PMAR,
a0FRg00000C053QMAR,
a0FRg00000C053RMAR,
a0FRg00000C053SMAR,
a0FRg00000C053TMAR,
a0FRg00000C053UMAR,
a0FRg00000C053VMAR,
a0FRg00000CAlZHMA1,3250
a0FRg00000CAlZIMA1,153100
a0FRg00000CAlZJMA1,153100
a0FRg00000CAlZKMA1,153100
a0FRg00000CAlZLMA1,153100
a0FRg00000CAlZMMA1,
a0FRg00000CAlZNMA1,
a0FRg00000CAlZOMA1,
a0FRg00000CAlZPMA1,
a0FRg00000CAlZiMAL,3250
a0FRg00000CAlZjMAL,262500
a0FRg00000CAlZkMAL,259250
a0FRg00000CAlZlMAL,
a0FRg00000CAlZmMAL,
a0FRg00000CAlZnMAL,
a0FRg00000CAlZoMAL,
a0FRg00000CAlZpMAL,
a0FRg00000CAlZqMAL,
a0FRg00000CAmMnMAL,3150
a0FRg00000CAmMoMAL,19818.1
a0FRg00000CAmMpMAL,495452.5
a0FRg00000CAmMuMAL,105.9
a0FRg00000CAmMvMAL,
a0FRg00000CAmNNMA1,3150
a0FRg00000CAmNOMA1,19837
a0FRg00000CAmNPMA1,495925
a0FRg00000CAmNUMA1,97600
a0FRg00000CAmNVMA1,
a0FRg00000CAmOXMA1,3150
a0FRg00000CAmOYMA1,20049.74
a0FRg00000CAmOZMA1,100248.7
a0FRg00000CAmOaMAL,100248.7
a0FRg00000CAmObMAL,320.86
a0FRg00000CAmOcMAL,
a0FRg00000CAmOdMAL,
a0FRg00000CAmOeMAL,
a0FRg00000CAmOfMAL,
a0FRg00000CAmOpMAL,3150
a0FRg00000CAmOqMAL,41553.08
a0FRg00000CAmOrMAL,103882.7
a0FRg00000CAmOsMAL,103882.7
a0FRg00000CAmOtMAL,103882.7
a0FRg00000CAmOuMAL,
a0FRg00000CAmOvMAL,
a0FRg00000CAmOxMAL,
a0FRg00000CAmPGMA1,3150
a0FRg00000CAmPHMA1,40750.4
a0FRg00000CAmPIMA1,101876
a0FRg00000CAmPJMA1,101876
a0FRg00000CAmPKMA1,101860
a0FRg00000CAmPLMA1,
a0FRg00000CAmPMMA1,
a0FRg00000CAmPNMA1,
a0FRg00000CAmPOMA1,
a0FRg00000CAmPhMAL,
a0FRg00000CAmPiMAL,
a0FRg00000CAmPjMAL,479086.17
a0FRg00000CAmPoMAL,
a0FRg00000CAmPpMAL,
a0FRg00000CAmPqMAL,3150
a0FRg00000CAmPrMAL,42876.24
a0FRg00000CAmPsMAL,107190.6
a0FRg00000CAmPtMAL,107190.6
a0FRg00000CAmPuMAL,107190.6
a0FRg00000CAmPvMAL,
a0FRg00000CAmPwMAL,
a0FRg00000CAmPxMAL,
a0FRg00000CAmPyMAL,
a0FRg00000CAmQ8MAL,3150
a0FRg00000CAmQ9MAL,39920
a0FRg00000CAmQAMA1,99800
a0FRg00000CAmQBMA1,99800
a0FRg00000CAmQCMA1,99800
a0FRg00000CAmQDMA1,
a0FRg00000CAmQEMA1,
a0FRg00000CAmQFMA1,
a0FRg00000CAmQGMA1,
a0FRg00000CAmQHMA1,3150
a0FRg00000CAmQIMA1,39109
a0FRg00000CAmQJMA1,97773
a0FRg00000CAmQKMA1,97773
a0FRg00000CAmQLMA1,97773
a0FRg00000CAmQMMA1,97773
a0FRg00000CAmQNMA1,47903.05
a0FRg00000CAmQOMA1,
a0FRg00000CAmQPMA1,
a0FRg00000CAmQrMAL,3150
a0FRg00000CAmQsMAL,19594.6
a0FRg00000CAmQtMAL,489865
a0FRg00000CAmQyMAL,
a0FRg00000CAmQzMAL,
a0FRg00000CAmR0MAL,3150
a0FRg00000CAmR1MAL,37790.32
a0FRg00000CAmR2MAL,94655.8
a0FRg00000CAmR3MAL,94414.48
a0FRg00000CAmR4MAL,94775.8
a0FRg00000CAmR5MAL,94775.8
a0FRg00000CAmR6MAL,94775.4
a0FRg00000CAmR7MAL,
a0FRg00000CAmR8MAL,
a0FRg00000CAmStMAL,3150
a0FRg00000CAmSuMAL,9090
a0FRg00000CAmSvMAL,546970
a0FRg00000CAmT1MAL,
a0FRg00000CAmXvMAL,3150
a0FRg00000CAmXwMAL,69660
a0FRg00000CAmXxMAL,174150
a0FRg00000CAmXyMAL,174150
a0FRg00000CAmXzMAL,
a0FRg00000CAmY0MAL,
a0FRg00000CAmY1MAL,
a0FRg00000CAmY3MAL,
a0FRg00000CAmY4MAL,
a0FRg00000CAmY5MAL,
a0FRg00000CAmY6MAL,
a0FRg00000CAmY7MAL,
a0FRg00000CAmZOMA1,3150
a0FRg00000CAmZPMA1,71689
a0FRg00000CAmZQMA1,179374.5
a0FRg00000CAmZRMA1,179344.5
a0FRg00000CAmZSMA1,179344.5
a0FRg00000CAmZTMA1,179374.5
a0FRg00000CAmZUMA1,179374.5
a0FRg00000CAmZVMA1,
a0FRg00000CAmZWMA1,
a0FRg00000CAmZXMA1,
a0FRg00000CAmZYMA1,
a0FRg00000CAmZZMA1,
a0FRg00000CAmZaMAL,
a0FRg00000CAma1MAD,3150
a0FRg00000CAma2MAD,72622.79
a0FRg00000CAma3MAD,182857.5
a0FRg00000CAma4MAD,182857
a0FRg00000CAma5MAD,182857.5
a0FRg00000CAma6MAD,
a0FRg00000CAma7MAD,
a0FRg00000CAma8MAD,
a0FRg00000CAma9MAD,
a0FRg00000CAmaAMAT,
a0FRg00000CAmaBMAT,
a0FRg00000CAmaCMAT,
a0FRg00000CAmaDMAT,
a0FRg00000CAmbHMAT,3150
a0FRg00000CAmbIMAT,35700.48
a0FRg00000CAmbJMAT,178502.4
a0FRg00000CAmbKMAT,178502.4
a0FRg00000CAmbLMAT,178502.4
a0FRg00000CAmbMMAT,178502.4
a0FRg00000CAmbNMAT,174859.01
a0FRg00000CAmbOMAT,
a0FRg00000CAmbPMAT,
a0FRg00000CAmbQMAT,
a0FRg00000CAmbRMAT,
a0FRg00000CAmbSMAT,
a0FRg00000CAmbTMAT,
a0FRg00000CHbcAMAT,3250
a0FRg00000CHcjVMAT,3213.48
a0FRg00000CHcl7MAD,
a0FRg00000CHdECMA1,
a0FRg00000CHdXVMA1,3250
a0FRg00000CHdkPMAT,
a0FRg00000CICYTMA5,3250
a0FRg00000CICa5MAH,
a0FRg00000CICdJMAX,3250
a0FRg00000CICevMAH,
a0FRg00000CJOPVMA5,3220
a0FRg00000CJOVxMAP,
a0FRg00000CQlUDMA1,
a0FRg00000CQlVpMAL,
a0FRg00000CQlZ3MAL,
a0FRg00000CRKoXMAX,
a0FRg00000CW965MAD,3250
a0FRg00000CW99JMAT,
a0FRg00000CWxIzMAL,3150
a0FRg00000CWxJ0MAL,964656
a0FRg00000CWxJ1MAL,24116400
a0FRg00000CWxJ2MAL,
a0FRg00000CX2TLMA1,3150
a0FRg00000CX2TMMA1,39543.4
a0FRg00000CX2TNMA1,98858.5
a0FRg00000CX2TOMA1,98858.5
a0FRg00000CX2TPMA1,98858.5
a0FRg00000CX2TQMA1,98858.5
a0FRg00000CX2TRMA1,98858.5
a0FRg00000CX2TSMA1,
a0FRg00000CX2TTMA1,
a0FRg00000CX6NtMAL,
a0FRg00000CYFuHMAX,
a0FRg00000CYFuIMAX,
a0FRg00000CYFuJMAX,
a0FRg00000CYFuKMAX,
a0FRg00000CYFuLMAX,
a0FRg00000CYFuMMAX,
a0FRg00000CYFuNMAX,
a0FRg00000CYFuOMAX,
a0FRg00000CYFuPMAX,
a0FRg00000CYFuQMAX,
a0FRg00000CYFuRMAX,
a0FRg00000CYFuSMAX,
a0FRg00000CYFuTMAX,
a0FRg00000CYFuUMAX,
a0FRg00000CYFuVMAX,
a0FRg00000CYFuWMAX,
a0FRg00000CYFuXMAX,
a0FRg00000CYFuYMAX,
a0FRg00000CYFuZMAX,
a0FRg00000CYFuaMAH,
a0FRg00000CYFubMAH,
a0FRg00000CYFucMAH,
a0FRg00000CYFudMAH,
a0FRg00000CYFueMAH,
a0FRg00000CYFufMAH,
a0FRg00000CYFugMAH,
a0FRg00000CYFuhMAH,
a0FRg00000CYFuiMAH,
a0FRg00000CYFujMAH,
a0FRg00000CYFukMAH,
a0FRg00000CYFulMAH,
a0FRg00000CYFumMAH,
a0FRg00000CYFunMAH,
a0FRg00000CYFuoMAH,
a0FRg00000CYFupMAH,
a0FRg00000CYFuqMAH,
a0FRg00000CYFurMAH,
a0FRg00000CYFusMAH,
a0FRg00000CYFutMAH,
a0FRg00000CYFuuMAH,
a0FRg00000CYFuvMAH,
a0FRg00000CYFuwMAH,
a0FRg00000CYFuxMAH,
a0FRg00000CYFuyMAH,
a0FRg00000CYG27MAH,3150
a0FRg00000CYG28MAH,43492.8
a0FRg00000CYG29MAH,108732
a0FRg00000CYG2AMAX,108732
a0FRg00000CYG2BMAX,108732
a0FRg00000CYG2CMAX,108732
a0FRg00000CYG2DMAX,108732
a0FRg00000CYG2EMAX,108732
a0FRg00000CYG2FMAX,0.2
a0FRg00000CYG2hMAH,3150
a0FRg00000CYG2iMAH,20183.5
a0FRg00000CYG2jMAH,504587.5
a0FRg00000CYG2oMAH,167
a0FRg00000CYG2pMAH,
a0FRg00000CYG2qMAH,3150
a0FRg00000CYG2rMAH,45198.4
a0FRg00000CYG2sMAH,225992
a0FRg00000CYG2uMAH,112996
a0FRg00000CYG2vMAH,112996
a0FRg00000CYG2wMAH,112996
a0FRg00000CYG2xMAH,30.6
a0FRg00000CYG2yMAH,
a0FRg00000CYG2zMAH,3150
a0FRg00000CYG30MAH,40732.4
a0FRg00000CYG31MAH,101831
a0FRg00000CYG32MAH,101831
a0FRg00000CYG33MAH,101831
a0FRg00000CYG34MAH,9523
a0FRg00000CYG35MAH,
a0FRg00000CYG36MAH,
a0FRg00000CYG37MAH,
a0FRg00000CYG3iMAH,3150
a0FRg00000CYG3jMAH,41187.68
a0FRg00000CYG3kMAH,102969.2
a0FRg00000CYG3lMAH,102969.2
a0FRg00000CYG3mMAH,102969.2
a0FRg00000CYG3nMAH,102969.2
a0FRg00000CYG3oMAH,102969.2
a0FRg00000CYG3pMAH,102969.2
a0FRg00000CYG3qMAH,4
a0FRg00000CYG40MAH,3150
a0FRg00000CYG41MAH,40455.52
a0FRg00000CYG42MAH,101138.8
a0FRg00000CYG43MAH,101133
a0FRg00000CYG44MAH,101078.8
a0FRg00000CYG45MAH,101010
a0FRg00000CYG46MAH,
a0FRg00000CYG47MAH,
a0FRg00000CYG48MAH,
a0FRg00000CYG4sMAH,3150
a0FRg00000CYG4tMAH,40307.84
a0FRg00000CYG4uMAH,100769.6
a0FRg00000CYG4vMAH,100769.6
a0FRg00000CYG4wMAH,100769.6
a0FRg00000CYG4xMAH,100769.6
a0FRg00000CYG4yMAH,0.8
a0FRg00000CYG4zMAH,
a0FRg00000CYG50MAH,
a0FRg00000CYG5AMAX,
a0FRg00000CYG5BMAX,
a0FRg00000CYG5CMAX,97018.4
a0FRg00000CYG5DMAX,81.6
a0FRg00000CYG5EMAX,
a0FRg00000CYG5FMAX,
a0FRg00000CYG5GMAX,
a0FRg00000CYG5HMAX,
a0FRg00000CYG5IMAX,
a0FRg00000CYG5JMAX,3150
a0FRg00000CYG5KMAX,39489.76
a0FRg00000CYG5LMAX,197448.8
a0FRg00000CYG5MMAX,19744.88
a0FRg00000CYG5NMAX,19744.88
a0FRg00000CYG5OMAX,19744.88
a0FRg00000CYG5PMAX,
a0FRg00000CYG5QMAX,
a0FRg00000CYG5RMAX,
a0FRg00000CYG5SMAX,3150
a0FRg00000CYG5TMAX,44160
a0FRg00000CYG5UMAX,110400
a0FRg00000CYG5VMAX,110400
a0FRg00000CYG5WMAX,110400
a0FRg00000CYG5XMAX,109890
a0FRg00000CYG5YMAX,
a0FRg00000CYG5ZMAX,
a0FRg00000CYG5aMAH,
a0FRg00000CYG6BMAX,3150
a0FRg00000CYG6CMAX,36880
a0FRg00000CYG6DMAX,92200
a0FRg00000CYG6EMAX,92200
a0FRg00000CYG6FMAX,
a0FRg00000CYG6GMAX,
a0FRg00000CYG6HMAX,
a0FRg00000CYG6IMAX,
a0FRg00000CYG6JMAX,
a0FRg00000CYG6KMAX,3150
a0FRg00000CYG6LMAX,36400
a0FRg00000CYG6MMAX,91000
a0FRg00000CYG6NMAX,91000
a0FRg00000CYG6OMAX,
a0FRg00000CYG6PMAX,
a0FRg00000CYG6QMAX,
a0FRg00000CYG6RMAX,
a0FRg00000CYG6SMAX,
a0FRg00000CYG6cMAH,3150
a0FRg00000CYG6dMAH,19200
a0FRg00000CYG6eMAH,480000
a0FRg00000CYG6jMAH,
a0FRg00000CYG6kMAH,
a0FRg00000CYG6lMAH,3150
a0FRg00000CYG6mMAH,36800
a0FRg00000CYG6nMAH,276000
a0FRg00000CYG6qMAH,38000
a0FRg00000CYG6rMAH,
a0FRg00000CYG6sMAH,
a0FRg00000CYG6tMAH,
a0FRg00000CYG6uMAH,3150
a0FRg00000CYG6vMAH,37040
a0FRg00000CYG6wMAH,92600
a0FRg00000CYG6xMAH,92600
a0FRg00000CYG6yMAH,92600
a0FRg00000CYG6zMAH,92600
a0FRg00000CYG70MAH,8290.48
a0FRg00000CYG71MAH,
a0FRg00000CYG72MAH,
a0FRg00000CYG73MAH,3150
a0FRg00000CYG74MAH,22120
a0FRg00000CYG75MAH,553000
a0FRg00000CYG7AMAX,
a0FRg00000CYG7BMAX,
a0FRg00000CYG7vMAH,3150
a0FRg00000CYG7wMAH,36355.99
a0FRg00000CYG7xMAH,90940
a0FRg00000CYG7yMAH,90820
a0FRg00000CYG7zMAH,90940
a0FRg00000CYG80MAH,90940
a0FRg00000CYG81MAH,81102.96
a0FRg00000CYG82MAH,
a0FRg00000CYG83MAH,
a0FRg00000CYG84MAH,3150
a0FRg00000CYG85MAH,18873
a0FRg00000CYG86MAH,471823
a0FRg00000CYG8BMAX,
a0FRg00000CYG8CMAX,
a0FRg00000CYG8DMAX,3150
a0FRg00000CYG8EMAX,38300
a0FRg00000CYG8FMAX,287250
a0FRg00000CYG8IMAX,95750
a0FRg00000CYG8JMAX,95750
a0FRg00000CYG8KMAX,
a0FRg00000CYG8LMAX,
a0FRg00000CYGAjMAP,
a0FRg00000CYGAkMAP,
a0FRg00000CYGAlMAP,2066006
a0FRg00000CYGCCMA5,3150
a0FRg00000CYGCDMA5,42526.14
a0FRg00000CYGCEMA5,212630.7
a0FRg00000CYGCFMA5,62.46
a0FRg00000CYGCGMA5,212630.7
a0FRg00000CYGCHMA5,
a0FRg00000CYGCIMA5,
a0FRg00000CYGCJMA5,
a0FRg00000CYGCKMA5,
a0FRg00000CYGCLMA5,
a0FRg00000CYGCMMA5,
a0FRg00000CYGCNMA5,
a0FRg00000CYGCOMA5,
a0FRg00000CYGHEMA5,3150
a0FRg00000CYGHFMA5,33840
a0FRg00000CYGHGMA5,846000
a0FRg00000CYGHLMA5,
a0FRg00000CYGHMMA5,
a0FRg00000CYGHNMA5,
a0FRg00000CYGHOMA5,
a0FRg00000CYGHPMA5,
a0FRg00000CYGHQMA5,
a0FRg00000CZbPlMAL,3150
a0FRg00000CZbPmMAL,137041.52
a0FRg00000CZbPnMAL,342603.8
a0FRg00000CZbPoMAL,342603.8
a0FRg00000CZbPpMAL,342603.8
a0FRg00000CZbPqMAL,342603.8
a0FRg00000CZbPrMAL,
a0FRg00000CZbPsMAL,
a0FRg00000CZbPtMAL,
a0FRg00000CZbPuMAL,
a0FRg00000CZbPvMAL,
a0FRg00000CZbPwMAL,
a0FRg00000CZbPxMAL,
a0FRg00000CZbPyMAL,
a0FRg00000CZbPzMAL,
a0FRg00000CZbQ0MAL,
a0FRg00000CZbQ1MAL,
a0FRg00000CeZTBMA3,19744.88
a0FRg00000CeZUnMAN,19744.88
a0FRg00000CeZWPMA3,7376.46
a0FRg00000CeZY1MAN,
a0FRg00000CeZZdMAN,
a0FRg00000CeZbFMAV,
a0FRg00000CeZcrMAF,
a0FRg00000CeZeTMAV,
a0FRg00000CeZg5MAF,
a0FRg00000CeZjJMAV,
a0FRg00000CeZkvMAF,
a0FRg00000Ci3BtMAJ,
a0FRg00000Ci3BuMAJ,
a0FRg00000Ci3BvMAJ,87000
a0FRg00000Ci3BwMAJ,
a0FRg00000Ci3BxMAJ,
a0FRg00000Ci3ByMAJ,
a0FRg00000Ci3BzMAJ,
a0FRg00000Ci3C0MAJ,
a0FRg00000Ci3C1MAJ,
a0FRg00000Ci3C2MAJ,
a0FRg00000Ci3C3MAJ,
a0FRg00000Ci3C4MAJ,
a0FRg00000Ci3C5MAJ,
a0FRg00000Ci3C6MAJ,
a0FRg00000Ci3C7MAJ,
a0FRg00000Ci3C8MAJ,
a0FRg00000Ci3C9MAJ,
a0FRg00000Ci3CAMAZ,
a0FRg00000Ci3CBMAZ,
a0FRg00000Ci3CCMAZ,
a0FRg00000Ci3CDMAZ,
a0FRg00000Ci3CEMAZ,
a0FRg00000Ci3CFMAZ,
a0FRg00000Ci3CGMAZ,
a0FRg00000Ci3CHMAZ,
a0FRg00000Ci3CIMAZ,
a0FRg00000Ci3CJMAZ,
a0FRg00000Ci3CKMAZ,
a0FRg00000Ci3CLMAZ,
a0FRg00000Ci3CMMAZ,
a0FRg00000Ci3CNMAZ,
a0FRg00000Ci3COMAZ,
a0FRg00000Ci3CPMAZ,
a0FRg00000Ci3CQMAZ,
a0FRg00000Ci3CRMAZ,
a0FRg00000Ci3CSMAZ,
a0FRg00000Ci3CTMAZ,
a0FRg00000Ci3CUMAZ,
a0FRg00000Ci3CVMAZ,
a0FRg00000Ci3CWMAZ,
a0FRg00000Ci3CXMAZ,
a0FRg00000Ci3CYMAZ,
a0FRg00000Ci3CZMAZ,
a0FRg00000Ci3CaMAJ,
a0FRg00000CpuaxMAB,
a0FRg00000CpuayMAB,37000
a0FRg00000CpuazMAB,
a0FRg00000Cpub0MAB,
a0FRg00000Cpub1MAB,
a0FRg00000Cpub2MAB,
a0FRg00000Cpub3MAB,
a0FRg00000Cpub4MAB,
a0FRg00000Cpud8MAB,
a0FRg00000Cpud9MAB,37000
a0FRg00000CpudAMAR,
a0FRg00000CpudBMAR,
a0FRg00000CpudCMAR,
a0FRg00000CpudDMAR,
a0FRg00000CpudEMAR,
a0FRg00000CpudFMAR,
a0FRg00000CpudGMAR,
a0FRg00000CpuxJMAR,3150
a0FRg00000CpuxKMAR,42640
a0FRg00000CpuxLMAR,106600
a0FRg00000CpuxMMAR,106600
a0FRg00000CpuxNMAR,106600
a0FRg00000CpuxOMAR,
a0FRg00000CpuxPMAR,
a0FRg00000CpuxQMAR,
a0FRg00000CpuxRMAR,
a0FRg00000CpuzUMAR,3150
a0FRg00000CpuzVMAR,37453.6
a0FRg00000CpuzWMAR,93634
a0FRg00000CpuzXMAR,91613.12
a0FRg00000CpuzYMAR,
a0FRg00000CpuzZMAR,
a0FRg00000CpuzaMAB,
a0FRg00000CpuzbMAB,
a0FRg00000CpuzcMAB,
a0FRg00000CpuzvMAB,
a0FRg00000CpuzwMAB,
a0FRg00000CpuzxMAB,978000
a0FRg00000Cpv0eMAB,3150
a0FRg00000Cpv0fMAB,39108
a0FRg00000Cpv0gMAB,97770
a0FRg00000Cpv0hMAB,97770
a0FRg00000Cpv0iMAB,97770
a0FRg00000Cpv0jMAB,
a0FRg00000Cpv0kMAB,
a0FRg00000Cpv0lMAB,
a0FRg00000Cpv0mMAB,
a0FRg00000Cpv0wMAB,3150
a0FRg00000Cpv0xMAB,36851.86
a0FRg00000Cpv0yMAB,184260
a0FRg00000Cpv10MAB,92130
a0FRg00000Cpv11MAB,92130
a0FRg00000Cpv13MAB,
a0FRg00000Cpv14MAB,
a0FRg00000Cpv4SMAR,3150
a0FRg00000Cpv4TMAR,72511.76
a0FRg00000Cpv4UMAR,181279.4
a0FRg00000Cpv4VMAR,181279.4
a0FRg00000Cpv4WMAR,181279.4
a0FRg00000Cpv4XMAR,181279.4
a0FRg00000Cpv4YMAR,181279.4
a0FRg00000Cpv4ZMAR,181279.4
a0FRg00000Cpv4aMAB,31396.84
a0FRg00000Cpv4bMAB,
a0FRg00000Cpv4cMAB,
a0FRg00000Cpv4dMAB,
a0FRg00000Cpv4eMAB,
a0FRg00000Cpv5vMAB,3150
a0FRg00000Cpv5wMAB,71280
a0FRg00000Cpv5xMAB,178200
a0FRg00000Cpv5yMAB,178200
a0FRg00000Cpv5zMAB,109500
a0FRg00000Cpv60MAB,
a0FRg00000Cpv61MAB,
a0FRg00000Cpv62MAB,
a0FRg00000Cpv63MAB,
a0FRg00000Cpv64MAB,
a0FRg00000Cpv65MAB,
a0FRg00000Cpv66MAB,
a0FRg00000Cpv67MAB,
a0FRg00000Cpv6LMAR,3150
a0FRg00000Cpv6MMAR,87429.44
a0FRg00000Cpv6NMAR,218590.85
a0FRg00000Cpv6OMAR,218590.85
a0FRg00000Cpv6PMAR,218590.85
a0FRg00000Cpv6QMAR,218590.85
a0FRg00000Cpv6RMAR,218590.85
a0FRg00000Cpv6SMAR,
a0FRg00000Cpv6TMAR,
a0FRg00000Cpv6UMAR,
a0FRg00000Cpv6VMAR,
a0FRg00000Cpv6WMAR,
a0FRg00000Cpv6XMAR,
a0FRg00000CxAqrMAF,
a0FRg00000Cyk97MAB,
a0FRg00000CykAjMAJ,
a0FRg00000CykCLMAZ,
a0FRg00000D8RYoMAN,
a0FRg00000D8RYpMAN,
a0FRg00000D8RYqMAN,
a0FRg00000D8RYrMAN,
a0FRg00000D8RYsMAN,
a0FRg00000D8RYtMAN,
a0FRg00000D8RYuMAN,
a0FRg00000D8RYvMAN,
a0FRg00000D8RYwMAN,
a0FRg00000D8RYxMAN,
a0FRg00000D8RYyMAN,
a0FRg00000D8RYzMAN,
a0FRg00000D8RZ0MAN,
a0FRg00000D8RZ1MAN,
a0FRg00000D8RZ2MAN,
a0FRg00000D8RZ3MAN,
a0FRg00000D8RZ4MAN,
a0FRg00000D8RZ5MAN,
a0FRg00000D8RZ6MAN,
a0FRg00000D8RZ7MAN,
a0FRg00000D8RZ8MAN,
a0FRg00000D8RZ9MAN,
a0FRg00000D8RZAMA3,
a0FRg00000D8RZBMA3,
a0FRg00000D8RZCMA3,
a0FRg00000D8RZDMA3,
a0FRg00000D8RZEMA3,
a0FRg00000D8RZXMA3,
a0FRg00000D8RZYMA3,
a0FRg00000D8RZZMA3,
a0FRg00000D8RZaMAN,
a0FRg00000D8RZbMAN,
a0FRg00000D8RZcMAN,
a0FRg00000D8RZdMAN,
a0FRg00000D8RZeMAN,
a0FRg00000D8RZfMAN,
a0FRg00000D8RZgMAN,
a0FRg00000D8RZhMAN,
a0FRg00000D8RZiMAN,
a0FRg00000D8RZjMAN,
a0FRg00000D8RZkMAN,
a0FRg00000D8RZlMAN,
a0FRg00000D8RZmMAN,
a0FRg00000D8RZnMAN,
a0FRg00000D8RZoMAN,
a0FRg00000D8RlyMAF,
a0FRg00000D8RlzMAF,
a0FRg00000D8Rm0MAF,
a0FRg00000D8Rm1MAF,
a0FRg00000D8Rm2MAF,
a0FRg00000D8Rm3MAF,
a0FRg00000D8Rm4MAF,
a0FRg00000D8Rm5MAF,
a0FRg00000D8Rm6MAF,
a0FRg00000D8Rm7MAF,
a0FRg00000D8Rm8MAF,
a0FRg00000D8Rm9MAF,
a0FRg00000D8RmAMAV,
a0FRg00000D8RmBMAV,
a0FRg00000D8RmCMAV,
a0FRg00000D8RmDMAV,
a0FRg00000D8RmEMAV,
a0FRg00000D8Se6MAF,
a0FRg00000D8Se7MAF,
a0FRg00000D8Se8MAF,
a0FRg00000D8Se9MAF,
a0FRg00000D8SeAMAV,
a0FRg00000D8SeBMAV,
a0FRg00000D8SeCMAV,
a0FRg00000D8SeDMAV,
a0FRg00000D8SeEMAV,
a0FRg00000D8SeOMAV,3150
a0FRg00000D8SePMAV,67080
a0FRg00000D8SeQMAV,167700
a0FRg00000D8SeRMAV,167700
a0FRg00000D8SeSMAV,167700
a0FRg00000D8SeTMAV,167700
a0FRg00000D8SeUMAV,
a0FRg00000D8SeVMAV,
a0FRg00000D8SeWMAV,
a0FRg00000D8SegMAF,3150
a0FRg00000D8SehMAF,19060
a0FRg00000D8SeiMAF,474894.3
a0FRg00000D8SenMAF,
a0FRg00000D8SeoMAF,
a0FRg00000D8SepMAF,3150
a0FRg00000D8SeqMAF,37760
a0FRg00000D8SerMAF,94400
a0FRg00000D8SesMAF,94400
a0FRg00000D8SetMAF,94400
a0FRg00000D8SeuMAF,94400
a0FRg00000D8SevMAF,155.76
a0FRg00000D8SewMAF,
a0FRg00000D8SexMAF,
a0FRg00000D8Sf7MAF,3150
a0FRg00000D8Sf8MAF,18526
a0FRg00000D8Sf9MAF,463150
a0FRg00000D8SfFMAV,4.45
a0FRg00000D8SfGMAV,3150
a0FRg00000D8SfHMAV,38094
a0FRg00000D8SfIMAV,95235
a0FRg00000D8SfJMAV,95235
a0FRg00000D8SfKMAV,95235
a0FRg00000D8SfLMAV,95235
a0FRg00000D8SfMMAV,
a0FRg00000D8SfNMAV,
a0FRg00000D8SfOMAV,
a0FRg00000D8SfZMAV,3150
a0FRg00000D8SfaMAF,73261.68
a0FRg00000D8SfbMAF,183154.2
a0FRg00000D8SfcMAF,183154.2
a0FRg00000D8SfdMAF,183154.2
a0FRg00000D8SfeMAF,183154.2
a0FRg00000D8SffMAF,183154.2
a0FRg00000D8SfgMAF,183154.2
a0FRg00000D8SfhMAF,73261.68
a0FRg00000D8SfiMAF,164838.78
a0FRg00000D8SfjMAF,164838.78
a0FRg00000D8SfkMAF,164838.78
a0FRg00000D8SflMAF,164838.78
a0FRg00000D8SiiMAF,
a0FRg00000D8SijMAF,
a0FRg00000D8SikMAF,
a0FRg00000D8SilMAF,
a0FRg00000D8SimMAF,
a0FRg00000D8SkPMAV,
a0FRg00000D8SkQMAV,
a0FRg00000D8SkRMAV,
a0FRg00000D8SkSMAV,
a0FRg00000D8SkTMAV,
a0FRg00000D8SkUMAV,
a0FRg00000D8SkVMAV,
a0FRg00000D8SkWMAV,
a0FRg00000D8StdMAF,
a0FRg00000D8SteMAF,
a0FRg00000D8StfMAF,
a0FRg00000D8StgMAF,
a0FRg00000D8SthMAF,
a0FRg00000D8StiMAF,
a0FRg00000D8StjMAF,
a0FRg00000D8StkMAF,
a0FRg00000D8StlMAF,
a0FRg00000D8StmMAF,
a0FRg00000D8StnMAF,
a0FRg00000D8StoMAF,
a0FRg00000D8StpMAF,
a0FRg00000D8StqMAF,
a0FRg00000D8StrMAF,
a0FRg00000D8StsMAF,
a0FRg00000D8SttMAF,
a0FRg00000D8Sv0MAF,
a0FRg00000D8Sv1MAF,
a0FRg00000D8Sv2MAF,
a0FRg00000D8Sv3MAF,
a0FRg00000D8Sv4MAF,
a0FRg00000D8Sv5MAF,
a0FRg00000D8Sv6MAF,
a0FRg00000D8Sv7MAF,
a0FRg00000D8Sv8MAF,
a0FRg00000D8Sv9MAF,
a0FRg00000D8SvAMAV,
a0FRg00000D8SvBMAV,
a0FRg00000D8SvCMAV,
a0FRg00000D8SvDMAV,
a0FRg00000D8SvEMAV,
a0FRg00000D8SvFMAV,
a0FRg00000D8SvGMAV,
a0FRg00000D8SvYMAV,3150
a0FRg00000D8SvZMAV,142363.52
a0FRg00000D8SvaMAF,355908.8
a0FRg00000D8SvbMAF,355908.8
a0FRg00000D8SvcMAF,355908.8
a0FRg00000D8SvdMAF,355908.8
a0FRg00000D8SveMAF,1772.6
a0FRg00000D8SvfMAF,
a0FRg00000D8SvgMAF,
a0FRg00000D8SvhMAF,
a0FRg00000D8SviMAF,
a0FRg00000D8SvjMAF,
a0FRg00000D8SvkMAF,
a0FRg00000D8SvlMAF,
a0FRg00000D8SvmMAF,
a0FRg00000D8SvnMAF,
a0FRg00000D8SvoMAF,
a0FRg00000DG7PRMA1,96000
a0FRg00000DG7R3MAL,
a0FRg00000DHhx8MAD,3150
a0FRg00000DHhx9MAD,
a0FRg00000DHhxAMAT,315935.9
a0FRg00000DHhxBMAT,315935.9
a0FRg00000DHhxCMAT,315935.9
a0FRg00000DHhxDMAT,2446202.3
a0FRg00000DIoSRMA1,3250
a0FRg00000DIoSYMA1,
a0FRg00000DIoSaMAL,3250
a0FRg00000DIoShMAL,
a0FRg00000DIoSjMAL,3250
a0FRg00000DIoSqMAL,
a0FRg00000DIoSsMAL,3210
a0FRg00000DIoSzMAL,
a0FRg00000DIoTbMAL,3250
a0FRg00000DIoTiMAL,
a0FRg00000DIoVVMA1,154700
a0FRg00000DIoVWMA1,154700
a0FRg00000DIoqmMAD,280800
a0FRg00000DIoqnMAD,280000
a0FRg00000DIornMAD,283600
a0FRg00000DIoroMAD,283600
a0FRg00000DIouXMAT,3250
a0FRg00000DIoueMAD,
a0FRg00000DIougMAD,
a0FRg00000DIounMAD,
a0FRg00000DNCdTMAX,3250
a0FRg00000DNCdaMAH,
a0FRg00000DNCeUMAX,3250
a0FRg00000DNCebMAH,
a0FRg00000DNCevMAH,3250
a0FRg00000DNCf2MAH,
a0FRg00000DNCjrMAH,
a0FRg00000DNCjsMAH,
a0FRg00000DNCjtMAH,
a0FRg00000DNCjuMAH,
a0FRg00000DNCjvMAH,
a0FRg00000DNCjwMAH,
a0FRg00000DNCjxMAH,
a0FRg00000DNCjyMAH,
a0FRg00000DNCjzMAH,
a0FRg00000DNCmKMAX,3250
a0FRg00000DNCmLMAX,160800
a0FRg00000DNCmMMAX,160800
a0FRg00000DNCmNMAX,160800
a0FRg00000DNCmOMAX,70800
a0FRg00000DNCmPMAX,
a0FRg00000DNCmQMAX,
a0FRg00000DNCmRMAX,
a0FRg00000DNCmSMAX,
a0FRg00000DNTZhMAP,161000
a0FRg00000DNTbJMAX,161000
a0FRg00000DNTcvMAH,161000
a0FRg00000DNTeXMAX,
a0FRg00000DNThlMAH,
a0FRg00000DNToDMAX,
a0FRg00000DNTt3MAH,
a0FRg00000DOI9BMAX,
a0FRg00000DOI9CMAX,
a0FRg00000DOI9DMAX,
a0FRg00000DOI9EMAX,
a0FRg00000DOI9FMAX,
a0FRg00000DOI9GMAX,
a0FRg00000DOI9HMAX,
a0FRg00000DOI9IMAX,
a0FRg00000DOI9JMAX,
a0FRg00000DONlZMAX,
a0FRg00000DONnBMAX,
a0FRg00000DONqPMAX,
a0FRg00000DONs1MAH,
a0FRg00000DONtdMAH,
a0FRg00000DORNmMAP,5
a0FRg00000DOTMMMA5,
a0FRg00000DOVBGMA5,
a0FRg00000DOWvLMAX,
a0FRg00000DOXeUMAX,
a0FRg00000DOXzRMAX,283600
a0FRg00000DOY97MAH,
a0FRg00000DOYDxMAP,
a0FRg00000DOYM1MAP,
a0FRg00000DOYNdMAP,
a0FRg00000DOYPFMA5,
a0FRg00000DOYSTMA5,
a0FRg00000DOYU5MAP,
a0FRg00000DOYx7MAH,140100
a0FRg00000DOYyjMAH,140100
a0FRg00000DOZ1yMAH,292200
a0FRg00000DOZ3ZMAX,140100
a0FRg00000DOZ5BMAX,140100
a0FRg00000DOZA1MAP,
a0FRg00000DOZYDMA5,139300
a0FRg00000DOZefMAH,139270
a0FRg00000DOZgHMAX,139300
a0FRg00000DOZhtMAH,
a0FRg00000DOZl7MAH,
a0FRg00000DOZmjMAH,
a0FRg00000DOZpxMAH,
a0FRg00000DOZwPMAX,145100
a0FRg00000DOZy1MAH,145070
a0FRg00000DOa1FMAT,145100
a0FRg00000DOa2rMAD,
a0FRg00000DOa4TMAT,
a0FRg00000DOa65MAD,
a0FRg00000DOa66MAD,433200
a0FRg00000DOa67MAD,
a0FRg00000DOa7hMAD,
a0FRg00000DOaFlMAL,
a0FRg00000DOaIzMAL,
a0FRg00000DOaKbMAL,
a0FRg00000DOaNpMAL,
a0FRg00000DOaSfMAL,292200
a0FRg00000DOaZ7MAL,292200
a0FRg00000DOaajMAD,286313.86
a0FRg00000DOafZMAT,
a0FRg00000DOam1MAD,495000
a0FRg00000DOandMAD,
a0FRg00000DOapFMAT,
a0FRg00000DOau5MAD,
a0FRg00000DOavhMAD,
a0FRg00000DOayvMAD,
a0FRg00000DOb0XMAT,
a0FRg00000DWqYtMAL,3150
a0FRg00000DWqYuMAL,79563.76
a0FRg00000DWqYvMAL,198909.4
a0FRg00000DWqYwMAL,198909.4
a0FRg00000DWqYxMAL,198909.4
a0FRg00000DWqYyMAL,198909.4
a0FRg00000DWqYzMAL,
a0FRg00000DWqZ0MAL,
a0FRg00000DWqZ1MAL,
a0FRg00000DWqZ2MAL,
a0FRg00000DWqZ3MAL,
a0FRg00000DWqZ4MAL,
a0FRg00000DWqZ5MAL,
a0FRg00000DWqZJMA1,
a0FRg00000DWqZKMA1,
a0FRg00000DWqZLMA1,1004394
a0FRg00000DWqZQMA1,
a0FRg00000DWqZRMA1,
a0FRg00000DWqZSMA1,
a0FRg00000DWqZTMA1,
a0FRg00000DWqZUMA1,
a0FRg00000DWqZVMA1,
a0FRg00000DWqZjMAL,3150
a0FRg00000DWqZkMAL,79285.52
a0FRg00000DWqZlMAL,1982138
a0FRg00000DWsWVMA1,3150
a0FRg00000DWsWWMA1,46477.6
a0FRg00000DWsWXMA1,116194
a0FRg00000DWsWYMA1,116194
a0FRg00000DWsWZMA1,0.4
a0FRg00000DWsWaMAL,
a0FRg00000DWsWbMAL,
a0FRg00000DWsWcMAL,
a0FRg00000DWsWdMAL,
a0FRg00000DdpVaMAJ,294965.48
a0FRg00000DdpVbMAJ,294965.48
a0FRg00000DdpVcMAJ,0.24
a0FRg00000DdpVdMAJ,
a0FRg00000DdpVeMAJ,
a0FRg00000DdpVfMAJ,
a0FRg00000DdpVgMAJ,
a0FRg00000DeD5WMAV,112367.8
a0FRg00000DeJAwMAN,3150
a0FRg00000DjehmMAB,
a0FRg00000DjfCPMAZ,150000
a0FRg00000DjfE1MAJ,
a0FRg00000DjfFdMAJ,
a0FRg00000DjfIrMAJ,
a0FRg00000DkPQXMA3,
a0FRg00000DkPS9MAN,120000
a0FRg00000DlYF3MAN,1725482
a0FRg00000DnDzAMAV,1177198
a0FRg00000DnEK5MAN,1216780
a0FRg00000DnELhMAN,1866218
a0FRg00000DnENJMA3,1725482
a0FRg00000DnEOvMAN,1866218
a0FRg00000DnEQXMA3,1687366
a0FRg00000DnES9MAN,1420554
a0FRg00000DnETlMAN,1315002
a0FRg00000DnFo1MAF,3150
a0FRg00000DnFpdMAF,109510.2
a0FRg00000DnFpeMAF,69019.28
a0FRg00000DnFuTMAV,3150
a0FRg00000DnFw5MAF,167959.62
a0FRg00000DnG49MAF,89424.1
a0FRg00000DnG7NMAV,3150
a0FRg00000DnG8zMAF,155293.38
a0FRg00000DnGAbMAN,3150
a0FRg00000DnGCDMA3,167959.62
a0FRg00000DnGDpMAN,3150
a0FRg00000DnGFRMA3,105947.82
a0FRg00000DnGH3MAN,3150
a0FRg00000DnGIfMAN,151862.94
a0FRg00000DnGKHMA3,3150
a0FRg00000DnGNVMA3,127849.86
a0FRg00000DnGP7MAN,3150
a0FRg00000DnGQjMAN,118345.18
a0FRg00000Dnn1dMAB,209708.31
a0FRg00000Dnn1eMAB,3150
a0FRg00000Dnn1fMAB,79888.88
a0FRg00000Dnn1gMAB,209708.31
a0FRg00000Dnn1hMAB,199722.2
a0FRg00000Dnn1iMAB,9986.11
a0FRg00000Dnn1jMAB,
a0FRg00000Dnn1kMAB,
a0FRg00000Dnn1lMAB,
a0FRg00000Dnn1mMAB,376452.93
a0FRg00000Dnn1nMAB,3150
a0FRg00000Dnn1oMAB,143410.64
a0FRg00000Dnn1pMAB,376452.93
a0FRg00000Dnn1qMAB,358526.6
a0FRg00000Dnn1rMAB,17926.33
a0FRg00000Dnn1sMAB,
a0FRg00000Dnn1tMAB,
a0FRg00000Dnn1uMAB,
a0FRg00000Dnn1vMAB,286738.2
a0FRg00000Dnn1wMAB,3150
a0FRg00000Dnn1xMAB,109233.6
a0FRg00000Dnn1yMAB,286738.2
a0FRg00000Dnn1zMAB,
a0FRg00000Dnn20MAB,
a0FRg00000Dnn21MAB,
a0FRg00000Dnn22MAB,
a0FRg00000Dnn23MAB,
a0FRg00000DvW9mMAF,741200
a0FRg00000DvW9nMAF,739273.66
a0FRg00000DvW9oMAF,
a0FRg00000DvW9pMAF,
a0FRg00000DvW9qMAF,
a0FRg00000DvW9rMAF,
a0FRg00000DvW9sMAF,
a0FRg00000DvW9tMAF,
a0FRg00000DvW9uMAF,
a0FRg00000DvW9vMAF,
a0FRg00000DvW9wMAF,
a0FRg00000DvW9xMAF,
a0FRg00000DvW9yMAF,
a0FRg00000DvW9zMAF,
a0FRg00000DvWA0MAN,
a0FRg00000DvWA1MAN,
a0FRg00000DvWA2MAN,
a0FRg00000DvWA3MAN,
a0FRg00000Dy5wwMAB,
a0FRg00000Dy5wxMAB,
a0FRg00000Dy5wyMAB,
a0FRg00000Dy5wzMAB,
a0FRg00000Dy5x0MAB,
a0FRg00000Dy5x1MAB,
a0FRg00000Dy5x2MAB,
a0FRg00000E4TjJMAV,3250
a0FRg00000E4TrNMAV,
a0FRg00000E7piTMAR,3250
a0FRg00000E7pk5MAB,
a0FRg00000ELIl3MAH,3150
a0FRg00000ELIl4MAH,132969.84
a0FRg00000ELIl5MAH,332424.6
a0FRg00000ELIl6MAH,332424.6
a0FRg00000ELIl7MAH,332424.6
a0FRg00000ELIl8MAH,2326972.2
a0FRg00000ELWXzMAP,
a0FRg00000ELWY0MAP,
a0FRg00000ELWY1MAP,2114392.2
a0FRg00000ELWY7MAP,
a0FRg00000ELWY8MAP,
a0FRg00000ELWY9MAP,
a0FRg00000ELWYAMA5,
a0FRg00000ELWYBMA5,
a0FRg00000ELWYCMA5,
a0FRg00000ELWYDMA5,
a0FRg00000ELWYEMA5,
a0FRg00000ELWYFMA5,
a0FRg00000ELWmPMAX,
a0FRg00000ELWo1MAH,
a0FRg00000EfJO3MAN,
a0FRg00000EfJO4MAN,
a0FRg00000EfJO5MAN,909845.37
a0FRg00000EfJOBMA3,
a0FRg00000Ei6RFMAZ,50000
a0FRg00000Ei6RGMAZ,
a0FRg00000Ei6RHMAZ,
a0FRg00000Ei6RIMAZ,
a0FRg00000Ei6RJMAZ,
a0FRg00000Ei6RKMAZ,
a0FRg00000Ei6RLMAZ,
a0FRg00000Ei6RMMAZ,
a0FRg00000Ei6RNMAZ,
a0FRg00000Ei6ROMAZ,
a0FRg00000Ei6RPMAZ,
a0FRg00000Ei6RQMAZ,
a0FRg00000Ei6RRMAZ,
a0FRg00000Ei6RSMAZ,
a0FRg00000Ei6RTMAZ,
a0FRg00000Ei6RUMAZ,
a0FRg00000Ei6RVMAZ,
a0FRg00000Ei6RWMAZ,
a0FRg00000Ei6mjMAB,
a0FRg00000Ei6mkMAB,
a0FRg00000Ei6mlMAB,256600
a0FRg00000Ei6mrMAB,
a0FRg00000Ei6msMAB,
a0FRg00000Ei6mtMAB,
a0FRg00000Ei6muMAB,
a0FRg00000Ei6mvMAB,
a0FRg00000Ei6mwMAB,
a0FRg00000Ei6mxMAB,
a0FRg00000Ei6myMAB,
a0FRg00000Ei6mzMAB,
a0FRg00000Ei6n0MAB,
a0FRg00000Ei6n1MAB,
a0FRg00000Ei6n2MAB,
a0FRg00000EizZBMAZ,
a0FRg00000EizZCMAZ,
a0FRg00000EizZDMAZ,18054204
a0FRg00000EizZEMAZ,
a0FRg00000EizfdMAB,3150
a0FRg00000EizfeMAB,119256.8
a0FRg00000EizffMAB,1490710
a0FRg00000EizfiMAB,
a0FRg00000ElFiXMAV,3150
a0FRg00000ElFiYMAV,23386
a0FRg00000ElFiZMAV,116930
a0FRg00000ElFiaMAF,116930
a0FRg00000ElFibMAF,
a0FRg00000ElFicMAF,
a0FRg00000ElFidMAF,
a0FRg00000ElFieMAF,
a0FRg00000ElFifMAF,
a0FRg00000ElFigMAF,
a0FRg00000ElFihMAF,
a0FRg00000ElFiiMAF,
a0FRg00000ElFijMAF,
a0FRg00000ElFikMAF,
a0FRg00000ElFilMAF,
a0FRg00000ElFimMAF,
a0FRg00000ElFinMAF,
a0FRg00000ElFioMAF,
a0FRg00000ElFipMAF,
a0FRg00000ElFiqMAF,
a0FRg00000ElFjVMAV,3150
a0FRg00000ElFjWMAV,46929.44
a0FRg00000ElFjXMAV,117323.6
a0FRg00000ElFjYMAV,117323.6
a0FRg00000ElFjZMAV,
a0FRg00000ElFjaMAF,
a0FRg00000ElFjbMAF,
a0FRg00000ElFjcMAF,
a0FRg00000ElFjdMAF,
a0FRg00000ElFjeMAF,
a0FRg00000ElFjfMAF,
a0FRg00000ElFjgMAF,
a0FRg00000ElFjhMAF,
a0FRg00000ElFjiMAF,
a0FRg00000ElFjjMAF,
a0FRg00000ElFjkMAF,
a0FRg00000ElFjlMAF,
a0FRg00000ElFjmMAF,
a0FRg00000ElFjnMAF,
a0FRg00000ElFjoMAF,
a0FRg00000ElG9JMAV,
a0FRg00000ElG9KMAV,
a0FRg00000ElG9LMAV,1466876.25
a0FRg00000ElG9QMAV,
a0FRg00000ElG9RMAV,
a0FRg00000ElG9SMAV,
a0FRg00000ElG9TMAV,
a0FRg00000ElG9UMAV,
a0FRg00000ElG9VMAV,
a0FRg00000ElG9WMAV,
a0FRg00000ElG9XMAV,
a0FRg00000ElG9YMAV,
a0FRg00000ElG9ZMAV,
a0FRg00000ElG9aMAF,
a0FRg00000ElG9bMAF,
a0FRg00000ElG9cMAF,
a0FRg00000ElGi3MAF,1506053.4
a0FRg00000ElGi5MAF,
a0FRg00000ElGi6MAF,
a0FRg00000ElGi7MAF,
a0FRg00000ElGi8MAF,
a0FRg00000ElGi9MAF,
a0FRg00000ElGiAMAV,
a0FRg00000ElGiBMAV,
a0FRg00000ElGiCMAV,
a0FRg00000ElGiDMAV,
a0FRg00000ElGiEMAV,
a0FRg00000ElGiFMAV,
a0FRg00000ElGiGMAV,
a0FRg00000ElGiHMAV,
a0FRg00000ElGiIMAV,
a0FRg00000ElGiJMAV,
a0FRg00000ElGiKMAV,
a0FRg00000EtoUIMAZ,91500
a0FRg00000EtoUJMAZ,91500
a0FRg00000EtoUKMAZ,
a0FRg00000EtoULMAZ,
a0FRg00000EtoUMMAZ,
a0FRg00000EtoUNMAZ,
a0FRg00000EtoUOMAZ,
a0FRg00000EtoUPMAZ,
a0FRg00000EtoUQMAZ,
a0FRg00000EtoURMAZ,
a0FRg00000EtoUSMAZ,
a0FRg00000EtoUTMAZ,
a0FRg00000EtoUUMAZ,
a0FRg00000EtoUVMAZ,
a0FRg00000EtoUWMAZ,
a0FRg00000EtoUXMAZ,
a0FRg00000EtoUYMAZ,
a0FRg00000EtoUZMAZ,
a0FRg00000EtoUaMAJ,
a0FRg00000EtoUbMAJ,
a0FRg00000EtoUcMAJ,36558.5
a0FRg00000EtoUdMAJ,
a0FRg00000EtoUeMAJ,
a0FRg00000EtoUfMAJ,
a0FRg00000EtoUgMAJ,
a0FRg00000EtoUhMAJ,
a0FRg00000EtoUiMAJ,
a0FRg00000EtoUjMAJ,
a0FRg00000EtoUkMAJ,
a0FRg00000EtoUlMAJ,
a0FRg00000EtoUmMAJ,
a0FRg00000EtoUnMAJ,
a0FRg00000EtoUoMAJ,
a0FRg00000EtoUpMAJ,
a0FRg00000EtoUqMAJ,
a0FRg00000EtoUrMAJ,
a0FRg00000EtoUsMAJ,
a0FRg00000EtoUtMAJ,
a0FRg00000EtoUuMAJ,
a0FRg00000EtoUvMAJ,
a0FRg00000EtoUwMAJ,92120
a0FRg00000EtoUxMAJ,92120
a0FRg00000EtoUyMAJ,
a0FRg00000EtoUzMAJ,
a0FRg00000EtoV0MAJ,
a0FRg00000EtoV1MAJ,
a0FRg00000EtoV2MAJ,
a0FRg00000EtoV3MAJ,
a0FRg00000EtoV4MAJ,
a0FRg00000EtoV5MAJ,
a0FRg00000EtoV6MAJ,
a0FRg00000EtoV7MAJ,
a0FRg00000EtoV8MAJ,
a0FRg00000EtoV9MAJ,
a0FRg00000EtoVAMAZ,
a0FRg00000EtoVBMAZ,
a0FRg00000EtoVCMAZ,
a0FRg00000EtoVDMAZ,
a0FRg00000EtoVEMAZ,
a0FRg00000EtoVFMAZ,
a0FRg00000EttgYMAR,96138
a0FRg00000EttgZMAR,96138
a0FRg00000EttgaMAB,
a0FRg00000EttgbMAB,
a0FRg00000EttgcMAB,
a0FRg00000EttgdMAB,
a0FRg00000EttgeMAB,
a0FRg00000EttgfMAB,
a0FRg00000EttggMAB,
a0FRg00000EttghMAB,
a0FRg00000EttgiMAB,
a0FRg00000EttgjMAB,
a0FRg00000EttgkMAB,
a0FRg00000EttglMAB,
a0FRg00000EttgmMAB,
a0FRg00000EttgnMAB,
a0FRg00000EttgoMAB,
a0FRg00000EttgpMAB,
a0FRg00000EttgqMAB,
a0FRg00000EttgrMAB,
a0FRg00000EttgsMAB,95746
a0FRg00000EttgtMAB,95746
a0FRg00000EttguMAB,
a0FRg00000EttgvMAB,
a0FRg00000EttgwMAB,
a0FRg00000EttgxMAB,
a0FRg00000EttgyMAB,
a0FRg00000EttgzMAB,
a0FRg00000Etth0MAB,
a0FRg00000Etth1MAB,
a0FRg00000Etth2MAB,
a0FRg00000Etth3MAB,
a0FRg00000Etth4MAB,
a0FRg00000Etth5MAB,
a0FRg00000Etth6MAB,
a0FRg00000Etth7MAB,
a0FRg00000Etth8MAB,
a0FRg00000Etth9MAB,
a0FRg00000EtthAMAR,
a0FRg00000EtthBMAR,
a0FRg00000EtthqMAB,37000
a0FRg00000EtthrMAB,
a0FRg00000EtthsMAB,
a0FRg00000EtthtMAB,
a0FRg00000EtthuMAB,
a0FRg00000EtthvMAB,
a0FRg00000EtthwMAB,
a0FRg00000EtthxMAB,
a0FRg00000EtthyMAB,
a0FRg00000EtthzMAB,
a0FRg00000Etti0MAB,
a0FRg00000Etti1MAB,
a0FRg00000Etti2MAB,
a0FRg00000Etti3MAB,
a0FRg00000Etti4MAB,
a0FRg00000Etti5MAB,
a0FRg00000Etti6MAB,
a0FRg00000Etti7MAB,
a0FRg00000Etti8MAB,
a0FRg00000Etti9MAB,
a0FRg00000EttjSMAR,35266.42
a0FRg00000EttjTMAR,
a0FRg00000EttjUMAR,
a0FRg00000EttjVMAR,
a0FRg00000EttjWMAR,
a0FRg00000EttjXMAR,
a0FRg00000EttjYMAR,
a0FRg00000EttjZMAR,
a0FRg00000EttjaMAB,
a0FRg00000EttjbMAB,
a0FRg00000EttjcMAB,
a0FRg00000EttjdMAB,
a0FRg00000EttjeMAB,
a0FRg00000EttjfMAB,
a0FRg00000EttjgMAB,
a0FRg00000EttjhMAB,
a0FRg00000EttjiMAB,
a0FRg00000EttjjMAB,
a0FRg00000EttjkMAB,
a0FRg00000EttjlMAB,
a0FRg00000Ettk6MAB,36558.5
a0FRg00000Ettk7MAB,
a0FRg00000Ettk8MAB,
a0FRg00000Ettk9MAB,
a0FRg00000EttkAMAR,
a0FRg00000EttkBMAR,
a0FRg00000EttkCMAR,
a0FRg00000EttkDMAR,
a0FRg00000EttkEMAR,
a0FRg00000EttkFMAR,
a0FRg00000EttkGMAR,
a0FRg00000EttkHMAR,
a0FRg00000EttkIMAR,
a0FRg00000EttkJMAR,
a0FRg00000EttkKMAR,
a0FRg00000EttkLMAR,
a0FRg00000EttkMMAR,
a0FRg00000EttkNMAR,
a0FRg00000EttkOMAR,
a0FRg00000EttkPMAR,
a0FRg00000Ettm2MAB,94000
a0FRg00000Ettm3MAB,90250
a0FRg00000Ettm4MAB,
a0FRg00000Ettm5MAB,
a0FRg00000Ettm6MAB,
a0FRg00000Ettm7MAB,
a0FRg00000Ettm8MAB,
a0FRg00000Ettm9MAB,
a0FRg00000EttmAMAR,
a0FRg00000EttmBMAR,
a0FRg00000EttmCMAR,
a0FRg00000EttmDMAR,
a0FRg00000EttmEMAR,
a0FRg00000EttmFMAR,
a0FRg00000EttmGMAR,
a0FRg00000EttmHMAR,
a0FRg00000EttmIMAR,
a0FRg00000EttmJMAR,
a0FRg00000EttmKMAR,
a0FRg00000EttmLMAR,
a0FRg00000EttmMMAR,37242.34
a0FRg00000EttmNMAR,
a0FRg00000EttmOMAR,
a0FRg00000EttmPMAR,
a0FRg00000EttmQMAR,
a0FRg00000EttmRMAR,
a0FRg00000EttmSMAR,
a0FRg00000EttmTMAR,
a0FRg00000EttmUMAR,
a0FRg00000EttmVMAR,
a0FRg00000EttmWMAR,
a0FRg00000EttmXMAR,
a0FRg00000EttmYMAR,
a0FRg00000EttmZMAR,
a0FRg00000EttmaMAB,
a0FRg00000EttmbMAB,
a0FRg00000EttmcMAB,
a0FRg00000EttmdMAB,
a0FRg00000EttmeMAB,
a0FRg00000EttmfMAB,
a0FRg00000EttneMAB,37530.95
a0FRg00000EttnfMAB,
a0FRg00000EttngMAB,
a0FRg00000EttnhMAB,
a0FRg00000EttniMAB,
a0FRg00000EttnjMAB,
a0FRg00000EttnkMAB,
a0FRg00000EttnlMAB,
a0FRg00000EttnmMAB,
a0FRg00000EttnnMAB,
a0FRg00000EttnoMAB,
a0FRg00000EttnpMAB,
a0FRg00000EttnqMAB,
a0FRg00000EttnrMAB,
a0FRg00000EttnsMAB,
a0FRg00000EttntMAB,
a0FRg00000EttnuMAB,
a0FRg00000EttnvMAB,
a0FRg00000EttnwMAB,
a0FRg00000EttnxMAB,
a0FRg00000EttpGMAR,98784
a0FRg00000EttpHMAR,488.4
a0FRg00000EttpIMAR,
a0FRg00000EttpJMAR,
a0FRg00000EttpKMAR,
a0FRg00000EttpLMAR,
a0FRg00000EttpMMAR,
a0FRg00000EttpNMAR,
a0FRg00000EttpOMAR,
a0FRg00000EttpPMAR,
a0FRg00000EttpQMAR,
a0FRg00000EttpRMAR,
a0FRg00000EttpSMAR,
a0FRg00000EttpTMAR,
a0FRg00000EttpUMAR,
a0FRg00000EttpVMAR,
a0FRg00000EttpWMAR,
a0FRg00000EttpXMAR,
a0FRg00000EttpYMAR,
a0FRg00000EttpZMAR,
a0FRg00000EttrWMAR,37000
a0FRg00000EttrXMAR,
a0FRg00000EttrYMAR,
a0FRg00000EttrZMAR,
a0FRg00000EttraMAB,
a0FRg00000EttrbMAB,
a0FRg00000EttrcMAB,
a0FRg00000EttrdMAB,
a0FRg00000EttreMAB,
a0FRg00000EttrfMAB,
a0FRg00000EttrgMAB,
a0FRg00000EttrhMAB,
a0FRg00000EttriMAB,
a0FRg00000EttrjMAB,
a0FRg00000EttrkMAB,
a0FRg00000EttrlMAB,
a0FRg00000EttrmMAB,
a0FRg00000EttrnMAB,
a0FRg00000EttroMAB,
a0FRg00000EttrpMAB,
a0FRg00000EttrqMAB,100700
a0FRg00000EttrrMAB,57120
a0FRg00000EttrsMAB,
a0FRg00000EttrtMAB,
a0FRg00000EttruMAB,
a0FRg00000EttrvMAB,
a0FRg00000EttrwMAB,
a0FRg00000EttrxMAB,
a0FRg00000EttryMAB,
a0FRg00000EttrzMAB,
a0FRg00000Etts0MAB,
a0FRg00000Etts1MAB,
a0FRg00000Etts2MAB,
a0FRg00000Etts3MAB,
a0FRg00000Etts4MAB,
a0FRg00000Etts5MAB,
a0FRg00000Etts6MAB,
a0FRg00000Etts7MAB,
a0FRg00000Etts8MAB,
a0FRg00000Etts9MAB,
a0FRg00000EttuQMAR,92350
a0FRg00000EttuRMAR,
a0FRg00000EttuSMAR,
a0FRg00000EttuTMAR,
a0FRg00000EttuUMAR,
a0FRg00000EttuVMAR,
a0FRg00000EttuWMAR,
a0FRg00000EttuXMAR,
a0FRg00000EttuYMAR,
a0FRg00000EttuZMAR,
a0FRg00000EttuaMAB,
a0FRg00000EttubMAB,
a0FRg00000EttucMAB,
a0FRg00000EttudMAB,
a0FRg00000EttueMAB,
a0FRg00000EttufMAB,
a0FRg00000EttugMAB,
a0FRg00000EttuhMAB,
a0FRg00000EttuiMAB,
a0FRg00000EttujMAB,
a0FRg00000EttukMAB,93312
a0FRg00000EttulMAB,93312
a0FRg00000EttumMAB,25109.2
a0FRg00000EttunMAB,
a0FRg00000EttuoMAB,
a0FRg00000EttupMAB,
a0FRg00000EttuqMAB,
a0FRg00000EtturMAB,
a0FRg00000EttusMAB,
a0FRg00000EttutMAB,
a0FRg00000EttuuMAB,
a0FRg00000EttuvMAB,
a0FRg00000EttuwMAB,
a0FRg00000EttuxMAB,
a0FRg00000EttuyMAB,
a0FRg00000EttuzMAB,
a0FRg00000Ettv0MAB,
a0FRg00000Ettv1MAB,
a0FRg00000Ettv2MAB,
a0FRg00000Ettv3MAB,
a0FRg00000EttwgMAB,37000
a0FRg00000EttwhMAB,
a0FRg00000EttwiMAB,
a0FRg00000EttwjMAB,
a0FRg00000EttwkMAB,
a0FRg00000EttwlMAB,
a0FRg00000EttwmMAB,
a0FRg00000EttwnMAB,
a0FRg00000EttwoMAB,
a0FRg00000EttwpMAB,
a0FRg00000EttwqMAB,
a0FRg00000EttwrMAB,
a0FRg00000EttwsMAB,
a0FRg00000EttwtMAB,
a0FRg00000EttwuMAB,
a0FRg00000EttwvMAB,
a0FRg00000EttwwMAB,
a0FRg00000EttwxMAB,
a0FRg00000EttwyMAB,
a0FRg00000EttwzMAB,
a0FRg00000Etu46MAB,55000
a0FRg00000Etu47MAB,
a0FRg00000Etu48MAB,
a0FRg00000Etu49MAB,
a0FRg00000Etu4AMAR,
a0FRg00000Etu4BMAR,
a0FRg00000Etu4CMAR,
a0FRg00000Etu4DMAR,
a0FRg00000Etu4EMAR,
a0FRg00000Etu4FMAR,
a0FRg00000Etu4GMAR,
a0FRg00000Etu4HMAR,
a0FRg00000Etu4IMAR,
a0FRg00000Etu4JMAR,
a0FRg00000Etu4KMAR,
a0FRg00000Etu4LMAR,
a0FRg00000Etu4MMAR,
a0FRg00000Etu4NMAR,
a0FRg00000Etu4OMAR,
a0FRg00000Etu4PMAR,
a0FRg00000Etu54MAB,126714
a0FRg00000Etu55MAB,25191.33
a0FRg00000Etu56MAB,
a0FRg00000Etu57MAB,
a0FRg00000Etu58MAB,
a0FRg00000Etu59MAB,
a0FRg00000Etu5AMAR,
a0FRg00000Etu5BMAR,
a0FRg00000Etu5CMAR,
a0FRg00000Etu5DMAR,
a0FRg00000Etu5EMAR,
a0FRg00000Etu5FMAR,
a0FRg00000Etu5GMAR,
a0FRg00000Etu5HMAR,
a0FRg00000Etu5IMAR,
a0FRg00000Etu5JMAR,
a0FRg00000Etu5KMAR,
a0FRg00000Etu5LMAR,
a0FRg00000Etu5MMAR,
a0FRg00000Etu5NMAR,
a0FRg00000Etu5iMAB,105056
a0FRg00000Etu5jMAB,105056
a0FRg00000Etu5kMAB,52528
a0FRg00000Etu5lMAB,52528
a0FRg00000Etu5mMAB,2341.21
a0FRg00000Etu5nMAB,
a0FRg00000Etu5oMAB,
a0FRg00000Etu5pMAB,
a0FRg00000Etu5qMAB,
a0FRg00000Etu5rMAB,
a0FRg00000Etu5sMAB,
a0FRg00000Etu5tMAB,
a0FRg00000Etu5uMAB,
a0FRg00000Etu5vMAB,
a0FRg00000Etu5wMAB,
a0FRg00000Etu5xMAB,
a0FRg00000Etu5yMAB,
a0FRg00000Etu5zMAB,
a0FRg00000Etu60MAB,
a0FRg00000Etu61MAB,
a0FRg00000Etu62MAB,36700
a0FRg00000Etu63MAB,
a0FRg00000Etu64MAB,
a0FRg00000Etu65MAB,
a0FRg00000Etu66MAB,
a0FRg00000Etu67MAB,
a0FRg00000Etu68MAB,
a0FRg00000Etu69MAB,
a0FRg00000Etu6AMAR,
a0FRg00000Etu6BMAR,
a0FRg00000Etu6CMAR,
a0FRg00000Etu6DMAR,
a0FRg00000Etu6EMAR,
a0FRg00000Etu6FMAR,
a0FRg00000Etu6GMAR,
a0FRg00000Etu6HMAR,
a0FRg00000Etu6IMAR,
a0FRg00000Etu6JMAR,
a0FRg00000Etu6KMAR,
a0FRg00000Etu6LMAR,
a0FRg00000EtuBqMAJ,106300
a0FRg00000EtuBrMAJ,106300
a0FRg00000EtuBsMAJ,
a0FRg00000EtuBtMAJ,
a0FRg00000EtuBuMAJ,
a0FRg00000EtuBvMAJ,
a0FRg00000EtuBwMAJ,
a0FRg00000EtuBxMAJ,
a0FRg00000EtuByMAJ,
a0FRg00000EtuBzMAJ,
a0FRg00000EtuC0MAJ,
a0FRg00000EtuC1MAJ,
a0FRg00000EtuC2MAJ,
a0FRg00000EtuC3MAJ,
a0FRg00000EtuC4MAJ,
a0FRg00000EtuC5MAJ,
a0FRg00000EtuC6MAJ,
a0FRg00000EtuC7MAJ,
a0FRg00000EtuC8MAJ,
a0FRg00000EtuC9MAJ,
a0FRg00000EtuD8MAJ,108192
a0FRg00000EtuD9MAJ,108192
a0FRg00000EtuDAMAZ,
a0FRg00000EtuDBMAZ,
a0FRg00000EtuDCMAZ,
a0FRg00000EtuDDMAZ,
a0FRg00000EtuDEMAZ,
a0FRg00000EtuDFMAZ,
a0FRg00000EtuDGMAZ,
a0FRg00000EtuDHMAZ,
a0FRg00000EtuDIMAZ,
a0FRg00000EtuDJMAZ,
a0FRg00000EtuDKMAZ,
a0FRg00000EtuDLMAZ,
a0FRg00000EtuDMMAZ,
a0FRg00000EtuDNMAZ,
a0FRg00000EtuDOMAZ,
a0FRg00000EtuDPMAZ,
a0FRg00000EtuDQMAZ,
a0FRg00000EtuDRMAZ,
a0FRg00000EuxuzMAB,3150
a0FRg00000EuxwbMAB,42520
a0FRg00000EuxzpMAB,
a0FRg00000Euy33MAB,
a0FRg00000Euy51MAB,
a0FRg00000Euy52MAB,
a0FRg00000Euy53MAB,
a0FRg00000Euy54MAB,
a0FRg00000Euy55MAB,
a0FRg00000Euy56MAB,
a0FRg00000Euy57MAB,
a0FRg00000Euy58MAB,
a0FRg00000Euy59MAB,
a0FRg00000Euy5AMAR,
a0FRg00000Euy5BMAR,
a0FRg00000Euy5CMAR,
a0FRg00000Euy5DMAR,
a0FRg00000Euy5EMAR,
a0FRg00000Euy5FMAR,
a0FRg00000Euy5GMAR,
a0FRg00000Euy5HMAR,
a0FRg00000Euy5IMAR,
a0FRg00000Euy5JMAR,
a0FRg00000Euy5KMAR,
a0FRg00000Euy5LMAR,
a0FRg00000Euy5MMAR,
a0FRg00000EuyEFMAZ,
a0FRg00000EuyEGMAZ,
a0FRg00000EuyEHMAZ,87500
a0FRg00000EuyEJMAZ,
a0FRg00000EuyEKMAZ,
a0FRg00000EuyELMAZ,
a0FRg00000EuyEMMAZ,
a0FRg00000EuyENMAZ,
a0FRg00000EuyEOMAZ,
a0FRg00000EuyEPMAZ,
a0FRg00000EuyEQMAZ,
a0FRg00000EuyERMAZ,
a0FRg00000EuyESMAZ,
a0FRg00000EuyETMAZ,
a0FRg00000EuyEUMAZ,
a0FRg00000EuyEVMAZ,
a0FRg00000EuyEWMAZ,
a0FRg00000EuyEXMAZ,
a0FRg00000EuyEYMAZ,
a0FRg00000EuyEZMAZ,
a0FRg00000EuyEaMAJ,
a0FRg00000EuyIrMAJ,3150
a0FRg00000EuyIsMAJ,40002.8
a0FRg00000EuyItMAJ,
a0FRg00000EuyIuMAJ,
a0FRg00000EuyIvMAJ,
a0FRg00000EuyIwMAJ,
a0FRg00000EuyIxMAJ,
a0FRg00000EuyIyMAJ,
a0FRg00000EuyIzMAJ,
a0FRg00000EuyJ0MAJ,
a0FRg00000EuyJ1MAJ,
a0FRg00000EuyJ2MAJ,
a0FRg00000EuyJ3MAJ,
a0FRg00000EuyJ4MAJ,
a0FRg00000EuyJ5MAJ,
a0FRg00000EuyJ6MAJ,
a0FRg00000EuyJ7MAJ,
a0FRg00000EuyJ8MAJ,
a0FRg00000EuyJ9MAJ,
a0FRg00000EuyJAMAZ,
a0FRg00000EuyJBMAZ,
a0FRg00000EuyJCMAZ,
a0FRg00000EuyJDMAZ,3150
a0FRg00000EuyJEMAZ,40313.2
a0FRg00000EuyJFMAZ,
a0FRg00000EuyJGMAZ,
a0FRg00000EuyJHMAZ,
a0FRg00000EuyJIMAZ,
a0FRg00000EuyJJMAZ,
a0FRg00000EuyJKMAZ,
a0FRg00000EuyJLMAZ,
a0FRg00000EuyJMMAZ,
a0FRg00000EuyJNMAZ,
a0FRg00000EuyJOMAZ,
a0FRg00000EuyJPMAZ,
a0FRg00000EuyJQMAZ,
a0FRg00000EuyJRMAZ,
a0FRg00000EuyJSMAZ,
a0FRg00000EuyJTMAZ,
a0FRg00000EuyJUMAZ,
a0FRg00000EuyJVMAZ,
a0FRg00000EuyJWMAZ,
a0FRg00000EuyJXMAZ,
a0FRg00000EuyJYMAZ,
a0FRg00000EuyXlMAJ,3150
a0FRg00000EuyXmMAJ,41280
a0FRg00000EuyXnMAJ,103200
a0FRg00000EuyXoMAJ,103200
a0FRg00000EuyXpMAJ,170
a0FRg00000EuyXqMAJ,
a0FRg00000EuyXrMAJ,
a0FRg00000EuyXsMAJ,
a0FRg00000EuyXtMAJ,
a0FRg00000EuyXuMAJ,
a0FRg00000EuyXvMAJ,
a0FRg00000EuyXwMAJ,
a0FRg00000EuyXxMAJ,
a0FRg00000EuyXyMAJ,
a0FRg00000EuyXzMAJ,
a0FRg00000EuyY0MAJ,
a0FRg00000EuyY1MAJ,
a0FRg00000EuyY2MAJ,
a0FRg00000EuyY3MAJ,
a0FRg00000EuyY4MAJ,
a0FRg00000EuyY5MAJ,
a0FRg00000EuyY6MAJ,
a0FRg00000EuyavMAB,3150
a0FRg00000EuyawMAB,39600
a0FRg00000EuyaxMAB,
a0FRg00000EuyayMAB,
a0FRg00000Euyb0MAB,
a0FRg00000Euyb1MAB,
a0FRg00000Euyb2MAB,
a0FRg00000Euyb3MAB,
a0FRg00000Euyb4MAB,
a0FRg00000Euyb5MAB,
a0FRg00000Euyb6MAB,
a0FRg00000Euyb7MAB,
a0FRg00000Euyb8MAB,
a0FRg00000Euyb9MAB,
a0FRg00000EuybAMAR,
a0FRg00000EuybBMAR,
a0FRg00000EuybCMAR,
a0FRg00000EuybDMAR,
a0FRg00000EuybEMAR,
a0FRg00000EuybFMAR,
a0FRg00000EuybGMAR,
a0FRg00000EuycXMAR,3150
a0FRg00000EuycYMAR,48255.2
a0FRg00000EuycZMAR,120588
a0FRg00000EuycaMAB,
a0FRg00000EuycbMAB,
a0FRg00000EuyccMAB,
a0FRg00000EuycdMAB,
a0FRg00000EuyceMAB,
a0FRg00000EuycfMAB,
a0FRg00000EuycgMAB,
a0FRg00000EuychMAB,
a0FRg00000EuyciMAB,
a0FRg00000EuycjMAB,
a0FRg00000EuyckMAB,
a0FRg00000EuyclMAB,
a0FRg00000EuycmMAB,
a0FRg00000EuycnMAB,
a0FRg00000EuycoMAB,
a0FRg00000EuycpMAB,
a0FRg00000EuycqMAB,
a0FRg00000EuycrMAB,
a0FRg00000EuycsMAB,
a0FRg00000EuyvtMAB,3150
a0FRg00000EuyxVMAR,37324.8
a0FRg00000Euyz7MAB,3150
a0FRg00000Euz0jMAB,39513.6
a0FRg00000Euz3xMAB,3150
a0FRg00000Euz5ZMAR,36848
a0FRg00000Euz7BMAR,3150
a0FRg00000Euz8nMAB,38298.4
a0FRg00000EuzDdMAJ,3150
a0FRg00000EuzFFMAZ,38455.2
a0FRg00000EuzjtMAB,3150
a0FRg00000EuzlVMAR,36600
a0FRg00000EvD5JMAV,3150
a0FRg00000EvD5KMAV,39317.6
a0FRg00000EvD5LMAV,98294
a0FRg00000EvD5MMAV,98784
a0FRg00000EvD5NMAV,0.4
a0FRg00000EvD5OMAV,
a0FRg00000EvD5PMAV,
a0FRg00000EvD5QMAV,
a0FRg00000EvD5RMAV,
a0FRg00000EvD5SMAV,
a0FRg00000EvD5TMAV,
a0FRg00000EvD5UMAV,
a0FRg00000EvD5VMAV,
a0FRg00000EvD5WMAV,
a0FRg00000EvD5XMAV,
a0FRg00000EvD5YMAV,
a0FRg00000EvD5ZMAV,
a0FRg00000EvD5aMAF,
a0FRg00000EvD5bMAF,
a0FRg00000EvD5cMAF,
a0FRg00000EvD5dMAF,
a0FRg00000EvD5eMAF,
a0FRg00000Ewf9BMAR,3150
a0FRg00000EwfAnMAJ,37600
a0FRg00000F0nT7MAJ,
a0FRg00000F0nUjMAJ,
a0FRg00000F0pA3MAJ,3150
a0FRg00000F0pA4MAJ,127832
a0FRg00000F0pA5MAJ,319580
a0FRg00000F0pA6MAJ,319580
a0FRg00000F0pA7MAJ,319580
a0FRg00000F0pA8MAJ,2237060
a0FRg00000F0pH3MAJ,3150
a0FRg00000F0pH4MAJ,80040.8
a0FRg00000F0pH5MAJ,207976.99
a0FRg00000F0pH6MAJ,207977
a0FRg00000F0pH7MAJ,
a0FRg00000F0pH8MAJ,
a0FRg00000F0pH9MAJ,
a0FRg00000F0pHAMAZ,
a0FRg00000F0pHBMAZ,
a0FRg00000F0pHCMAZ,
a0FRg00000F0pHDMAZ,
a0FRg00000F0pHEMAZ,
a0FRg00000F0pHFMAZ,
a0FRg00000F0pHGMAZ,
a0FRg00000F0pHHMAZ,
a0FRg00000F0pHIMAZ,
a0FRg00000F0pHJMAZ,
a0FRg00000F0pHKMAZ,
a0FRg00000F0pHLMAZ,
a0FRg00000F0pHMMAZ,
a0FRg00000F0pJdMAJ,3150
a0FRg00000F0pJeMAJ,84777
a0FRg00000F0pJfMAJ,847778.68
a0FRg00000F0pJjMAJ,
a0FRg00000F0pJkMAJ,
a0FRg00000F0pJlMAJ,
a0FRg00000F0pJmMAJ,
a0FRg00000F0pJnMAJ,
a0FRg00000F0pJoMAJ,
a0FRg00000F0pJpMAJ,
a0FRg00000F0pJqMAJ,
a0FRg00000F0pJrMAJ,
a0FRg00000F0pJsMAJ,
a0FRg00000F0pJtMAJ,
a0FRg00000F0pJuMAJ,
a0FRg00000F0pJvMAJ,
a0FRg00000F0pJwMAJ,
a0FRg00000F0pSzMAJ,
a0FRg00000F0pT0MAJ,
a0FRg00000F0pT1MAJ,37000
a0FRg00000F0pT2MAJ,
a0FRg00000F0pT3MAJ,
a0FRg00000F0pT4MAJ,
a0FRg00000F0pT5MAJ,
a0FRg00000F0pT6MAJ,
a0FRg00000F0pT7MAJ,
a0FRg00000F0pT8MAJ,
a0FRg00000F0pT9MAJ,
a0FRg00000F0pTAMAZ,
a0FRg00000F0pTBMAZ,
a0FRg00000F0pTCMAZ,
a0FRg00000F0pTDMAZ,
a0FRg00000F0pTEMAZ,
a0FRg00000F0pTFMAZ,
a0FRg00000F0pTGMAZ,
a0FRg00000F0pTHMAZ,
a0FRg00000F0pTIMAZ,
a0FRg00000F0qNZMAZ,3150
a0FRg00000F0qNaMAJ,47300
a0FRg00000F0qNbMAJ,118300
a0FRg00000F0qNcMAJ,
a0FRg00000F0qNdMAJ,
a0FRg00000F0qNeMAJ,
a0FRg00000F0qNfMAJ,
a0FRg00000F0qNgMAJ,
a0FRg00000F0qNhMAJ,
a0FRg00000F0qNiMAJ,
a0FRg00000F0qNjMAJ,
a0FRg00000F0qNkMAJ,
a0FRg00000F0qNlMAJ,
a0FRg00000F0qNmMAJ,
a0FRg00000F0qNnMAJ,
a0FRg00000F0qNoMAJ,
a0FRg00000F0qNpMAJ,
a0FRg00000F0qNqMAJ,
a0FRg00000F0qNrMAJ,
a0FRg00000F0qNsMAJ,
a0FRg00000F0qNtMAJ,
a0FRg00000F0qNuMAJ,
a0FRg00000F0qPhMAJ,
a0FRg00000F0qPiMAJ,
a0FRg00000F0qPjMAJ,77000
a0FRg00000F0qPkMAJ,
a0FRg00000F0qPlMAJ,
a0FRg00000F0qPmMAJ,
a0FRg00000F0qPnMAJ,
a0FRg00000F0qPoMAJ,
a0FRg00000F0qPpMAJ,
a0FRg00000F0qPqMAJ,
a0FRg00000F0qPrMAJ,
a0FRg00000F0qPsMAJ,
a0FRg00000F0qPtMAJ,
a0FRg00000F0qPuMAJ,
a0FRg00000F0qPvMAJ,
a0FRg00000F0qPwMAJ,
a0FRg00000F0qPxMAJ,
a0FRg00000F0qPyMAJ,
a0FRg00000F0qPzMAJ,
a0FRg00000F0qQ0MAJ,
a0FRg00000F0qQ1MAJ,
a0FRg00000F0qQ2MAJ,
a0FRg00000F0qQ3MAJ,3150
a0FRg00000F0qQ4MAJ,67920
a0FRg00000F0qQ5MAJ,339600
a0FRg00000F0qQ7MAJ,
a0FRg00000F0qQ8MAJ,
a0FRg00000F0qQ9MAJ,
a0FRg00000F0qQAMAZ,
a0FRg00000F0qQBMAZ,
a0FRg00000F0qQCMAZ,
a0FRg00000F0qQDMAZ,
a0FRg00000F0qQEMAZ,
a0FRg00000F0qQFMAZ,
a0FRg00000F0qQGMAZ,
a0FRg00000F0qQHMAZ,
a0FRg00000F0qQIMAZ,
a0FRg00000F0qQJMAZ,
a0FRg00000F0qQKMAZ,
a0FRg00000F0qQLMAZ,
a0FRg00000F0qQMMAZ,
a0FRg00000F0qQNMAZ,
a0FRg00000F0qQOMAZ,
a0FRg00000F0qSBMAZ,3150
a0FRg00000F0qSCMAZ,38600
a0FRg00000F0qSDMAZ,96500
a0FRg00000F0qSEMAZ,96500
a0FRg00000F0qSFMAZ,
a0FRg00000F0qSGMAZ,
a0FRg00000F0qSHMAZ,
a0FRg00000F0qSIMAZ,
a0FRg00000F0qSJMAZ,
a0FRg00000F0qSKMAZ,
a0FRg00000F0qSLMAZ,
a0FRg00000F0qSMMAZ,
a0FRg00000F0qSNMAZ,
a0FRg00000F0qSOMAZ,
a0FRg00000F0qSPMAZ,
a0FRg00000F0qSQMAZ,
a0FRg00000F0qSRMAZ,
a0FRg00000F0qSSMAZ,
a0FRg00000F0qSTMAZ,
a0FRg00000F0qSUMAZ,
a0FRg00000F0qSVMAZ,
a0FRg00000F0qSWMAZ,
a0FRg00000F0qSXMAZ,3150
a0FRg00000F0qSYMAZ,65548.8
a0FRg00000F0qSZMAZ,163872
a0FRg00000F0qSaMAJ,161668.87
a0FRg00000F0qSbMAJ,
a0FRg00000F0qScMAJ,
a0FRg00000F0qSdMAJ,
a0FRg00000F0qSeMAJ,
a0FRg00000F0qSfMAJ,
a0FRg00000F0qSgMAJ,
a0FRg00000F0qStMAJ,
a0FRg00000F0qSuMAJ,
a0FRg00000F0qSvMAJ,85000
a0FRg00000F0qSwMAJ,
a0FRg00000F0qSxMAJ,
a0FRg00000F0qSyMAJ,
a0FRg00000F0qSzMAJ,
a0FRg00000F0qT0MAJ,
a0FRg00000F0qT1MAJ,
a0FRg00000F0qT2MAJ,
a0FRg00000F0qT3MAJ,
a0FRg00000F0qT4MAJ,
a0FRg00000F0qT5MAJ,
a0FRg00000F0qT6MAJ,
a0FRg00000F0qT7MAJ,
a0FRg00000F0qT8MAJ,
a0FRg00000F0qT9MAJ,
a0FRg00000F0qTAMAZ,
a0FRg00000F0qTBMAZ,
a0FRg00000F0qTCMAZ,
a0FRg00000F0qTDMAZ,
a0FRg00000F0qTEMAZ,
a0FRg00000F0qTbMAJ,3150
a0FRg00000F0qTcMAJ,39200
a0FRg00000F0qTdMAJ,98000
a0FRg00000F0qTeMAJ,98000
a0FRg00000F0qTfMAJ,
a0FRg00000F0qTgMAJ,
a0FRg00000F0qThMAJ,
a0FRg00000F0qTiMAJ,
a0FRg00000F0qTjMAJ,
a0FRg00000F0qTkMAJ,
a0FRg00000F0qTlMAJ,
a0FRg00000F0qTmMAJ,
a0FRg00000F0qTnMAJ,
a0FRg00000F0qToMAJ,
a0FRg00000F0qTpMAJ,
a0FRg00000F0qTqMAJ,
a0FRg00000F0qTrMAJ,
a0FRg00000F0qTsMAJ,
a0FRg00000F0qTtMAJ,
a0FRg00000F0qTuMAJ,
a0FRg00000F0qTvMAJ,
a0FRg00000F0qTwMAJ,
a0FRg00000F0qTxMAJ,3150
a0FRg00000F0qTyMAJ,38080
a0FRg00000F0qTzMAJ,95200
a0FRg00000F0qU0MAJ,
a0FRg00000F0qU1MAJ,
a0FRg00000F0qU2MAJ,
a0FRg00000F0qU3MAJ,
a0FRg00000F0qU4MAJ,
a0FRg00000F0qU5MAJ,
a0FRg00000F0qU6MAJ,
a0FRg00000F0qU7MAJ,
a0FRg00000F0qU8MAJ,
a0FRg00000F0qU9MAJ,
a0FRg00000F0qUAMAZ,
a0FRg00000F0qUBMAZ,
a0FRg00000F0qUCMAZ,
a0FRg00000F0qUDMAZ,
a0FRg00000F0qUEMAZ,
a0FRg00000F0qUFMAZ,
a0FRg00000F0qUGMAZ,
a0FRg00000F0qUHMAZ,
a0FRg00000F0qUIMAZ,
a0FRg00000F0qWnMAJ,
a0FRg00000F0qWoMAJ,
a0FRg00000F0qWpMAJ,37000
a0FRg00000F0qWqMAJ,
a0FRg00000F0qWrMAJ,
a0FRg00000F0qWsMAJ,
a0FRg00000F0qWtMAJ,
a0FRg00000F0qWuMAJ,
a0FRg00000F0qWvMAJ,
a0FRg00000F0qWwMAJ,
a0FRg00000F0qWxMAJ,
a0FRg00000F0qWyMAJ,
a0FRg00000F0qWzMAJ,
a0FRg00000F0qX0MAJ,
a0FRg00000F0qX1MAJ,
a0FRg00000F0qX2MAJ,
a0FRg00000F0qX3MAJ,
a0FRg00000F0qX4MAJ,
a0FRg00000F0qX5MAJ,
a0FRg00000F0qX6MAJ,
a0FRg00000F0qX7MAJ,
a0FRg00000F0qX8MAJ,
a0FRg00000F0qdtMAB,
a0FRg00000F0qduMAB,
a0FRg00000F0qdvMAB,37000
a0FRg00000F0qdwMAB,
a0FRg00000F0qdxMAB,
a0FRg00000F0qdyMAB,
a0FRg00000F0qdzMAB,
a0FRg00000F0qe0MAB,
a0FRg00000F0qe1MAB,
a0FRg00000F0qe2MAB,
a0FRg00000F0qe3MAB,
a0FRg00000F0qe4MAB,
a0FRg00000F0qe5MAB,
a0FRg00000F0qe6MAB,
a0FRg00000F0qe7MAB,
a0FRg00000F0qe8MAB,
a0FRg00000F0qe9MAB,
a0FRg00000F0qeAMAR,
a0FRg00000F0qeBMAR,
a0FRg00000F0qeCMAR,
a0FRg00000F0qeDMAR,
a0FRg00000F0qeEMAR,
a0FRg00000F0qfJMAR,3150
a0FRg00000F0qfKMAR,73560
a0FRg00000F0qfLMAR,183900
a0FRg00000F0qfMMAR,183450
a0FRg00000F0qfNMAR,
a0FRg00000F0qfOMAR,
a0FRg00000F0qfPMAR,
a0FRg00000F0qfQMAR,
a0FRg00000F0qfRMAR,
a0FRg00000F0qfSMAR,
a0FRg00000F0qfTMAR,
a0FRg00000F0qfUMAR,
a0FRg00000F0qfVMAR,
a0FRg00000F0qfWMAR,
a0FRg00000F0qfXMAR,
a0FRg00000F0qfYMAR,
a0FRg00000F0qfZMAR,
a0FRg00000F0qfaMAB,
a0FRg00000F0qfbMAB,
a0FRg00000F0qfcMAB,
a0FRg00000F0qfdMAB,
a0FRg00000F0qfeMAB,
a0FRg00000F0qffMAB,
a0FRg00000F0qfgMAB,
a0FRg00000F0qfhMAB,103586
a0FRg00000F0qfiMAB,
a0FRg00000F0qfjMAB,
a0FRg00000F0qfkMAB,
a0FRg00000F0qflMAB,
a0FRg00000F0qfmMAB,
a0FRg00000F0qfnMAB,
a0FRg00000F0qfoMAB,
a0FRg00000F0qfpMAB,
a0FRg00000F0qfqMAB,
a0FRg00000F0qfrMAB,
a0FRg00000F0qfsMAB,
a0FRg00000F0qftMAB,
a0FRg00000F0qfuMAB,
a0FRg00000F0qfvMAB,
a0FRg00000F0qfwMAB,
a0FRg00000F0qfxMAB,
a0FRg00000F0qfyMAB,
a0FRg00000F0qfzMAB,
a0FRg00000F0qg0MAB,
a0FRg00000F0qg1MAB,3150
a0FRg00000F0qg2MAB,42640
a0FRg00000F0qg3MAB,60810
a0FRg00000F0qg4MAB,
a0FRg00000F0qg5MAB,
a0FRg00000F0qg6MAB,
a0FRg00000F0qg7MAB,
a0FRg00000F0qg8MAB,
a0FRg00000F0qg9MAB,
a0FRg00000F0qgAMAR,
a0FRg00000F0qgBMAR,
a0FRg00000F0qgCMAR,
a0FRg00000F0qgDMAR,
a0FRg00000F0qgEMAR,
a0FRg00000F0qgFMAR,
a0FRg00000F0qgGMAR,
a0FRg00000F0qgHMAR,
a0FRg00000F0qgIMAR,
a0FRg00000F0qgJMAR,
a0FRg00000F0qgKMAR,
a0FRg00000F0qgLMAR,
a0FRg00000F0qgMMAR,
a0FRg00000F0qlLMAR,
a0FRg00000F0qlMMAR,
a0FRg00000F0qlNMAR,100000
a0FRg00000F0qlOMAR,
a0FRg00000F0qlPMAR,
a0FRg00000F0qlQMAR,
a0FRg00000F0qlRMAR,
a0FRg00000F0qlSMAR,
a0FRg00000F0qlTMAR,
a0FRg00000F0qlUMAR,
a0FRg00000F0qlVMAR,
a0FRg00000F0qlWMAR,
a0FRg00000F0qlXMAR,
a0FRg00000F0qlYMAR,
a0FRg00000F0qlZMAR,
a0FRg00000F0qlaMAB,
a0FRg00000F0qlbMAB,
a0FRg00000F0qlcMAB,
a0FRg00000F0qldMAB,
a0FRg00000F0qleMAB,
a0FRg00000F0qlfMAB,
a0FRg00000F0qlgMAB,
a0FRg00000F0qn7MAB,
a0FRg00000F0qn8MAB,
a0FRg00000F0qn9MAB,108004
a0FRg00000F0qnAMAR,
a0FRg00000F0qnBMAR,
a0FRg00000F0qnCMAR,
a0FRg00000F0qnDMAR,
a0FRg00000F0qnEMAR,
a0FRg00000F0qnFMAR,
a0FRg00000F0qnGMAR,
a0FRg00000F0qnHMAR,
a0FRg00000F0qnIMAR,
a0FRg00000F0qnJMAR,
a0FRg00000F0qnKMAR,
a0FRg00000F0qnLMAR,
a0FRg00000F0qnMMAR,
a0FRg00000F0qnNMAR,
a0FRg00000F0qnOMAR,
a0FRg00000F0qnPMAR,
a0FRg00000F0qnQMAR,
a0FRg00000F0qnRMAR,
a0FRg00000F0qnSMAR,
a0FRg00000F1KgnMAF,
a0FRg00000F1KgoMAF,
a0FRg00000F1KgpMAF,56940
a0FRg00000F1KgqMAF,
a0FRg00000F1KgrMAF,
a0FRg00000F1KgsMAF,
a0FRg00000F1KgtMAF,
a0FRg00000F1KguMAF,
a0FRg00000F1KgvMAF,
a0FRg00000F1KgwMAF,
a0FRg00000F1KgxMAF,
a0FRg00000F1KgyMAF,
a0FRg00000F1KgzMAF,
a0FRg00000F1Kh0MAF,
a0FRg00000F1Kh1MAF,
a0FRg00000F1Kh2MAF,
a0FRg00000F1Kh3MAF,
a0FRg00000F1Kh4MAF,
a0FRg00000F1Kh5MAF,
a0FRg00000F1Kh6MAF,
a0FRg00000F1Kh7MAF,
a0FRg00000F1Kh8MAF,
a0FRg00000F1Kk1MAF,3150
a0FRg00000F1Kk2MAF,39827.2
a0FRg00000F1Kk3MAF,99568
a0FRg00000F1Kk4MAF,
a0FRg00000F1Kk5MAF,
a0FRg00000F1Kk6MAF,
a0FRg00000F1Kk7MAF,
a0FRg00000F1Kk8MAF,
a0FRg00000F1Kk9MAF,
a0FRg00000F1KkAMAV,
a0FRg00000F1KkBMAV,
a0FRg00000F1KkCMAV,
a0FRg00000F1KkDMAV,
a0FRg00000F1KkEMAV,
a0FRg00000F1KkFMAV,
a0FRg00000F1KkGMAV,
a0FRg00000F1KkHMAV,
a0FRg00000F1KkIMAV,
a0FRg00000F1KkJMAV,
a0FRg00000F1KkKMAV,
a0FRg00000F1KkLMAV,
a0FRg00000F1KkMMAV,
a0FRg00000F1L09MAF,3150
a0FRg00000F1L0AMAV,88500
a0FRg00000F1L0BMAV,37000
a0FRg00000F1L0DMAV,
a0FRg00000F1L0EMAV,
a0FRg00000F1L0FMAV,
a0FRg00000F1L0GMAV,
a0FRg00000F1L0HMAV,
a0FRg00000F1L0IMAV,
a0FRg00000F1L0JMAV,
a0FRg00000F1L0KMAV,
a0FRg00000F1L0LMAV,
a0FRg00000F1L0MMAV,
a0FRg00000F1L0NMAV,
a0FRg00000F1L0OMAV,
a0FRg00000F1L0PMAV,
a0FRg00000F1L0QMAV,
a0FRg00000F1L0RMAV,
a0FRg00000F1L0SMAV,
a0FRg00000F1L0TMAV,
a0FRg00000F1L0UMAV,
a0FRg00000F1L3NMAV,3150
a0FRg00000F1L3OMAV,98344
a0FRg00000F1L3PMAV,245860
a0FRg00000F1L3QMAV,245860
a0FRg00000F1L3RMAV,
a0FRg00000F1L3SMAV,
a0FRg00000F1L3TMAV,
a0FRg00000F1L3UMAV,
a0FRg00000F1L3VMAV,
a0FRg00000F1L3WMAV,
a0FRg00000F1LD3MAN,3150
a0FRg00000F1LD4MAN,98150.4
a0FRg00000F1LD5MAN,245376
a0FRg00000F1LD6MAN,0.6
a0FRg00000F1LD7MAN,
a0FRg00000F1LD8MAN,
a0FRg00000F1LD9MAN,
a0FRg00000F1LDAMA3,
a0FRg00000F1LDBMA3,
a0FRg00000F1LDCMA3,
a0FRg00000F1LDDMA3,
a0FRg00000F1LDEMA3,
a0FRg00000F1LDFMA3,
a0FRg00000F1LDGMA3,
a0FRg00000F1LDHMA3,
a0FRg00000F1LDIMA3,
a0FRg00000F1LDJMA3,
a0FRg00000F1LDKMA3,
a0FRg00000F1LDLMA3,
a0FRg00000F1LDMMA3,
a0FRg00000F1LDNMA3,
a0FRg00000F1LDOMA3,
a0FRg00000F1LEfMAN,
a0FRg00000F1LEgMAN,
a0FRg00000F1LEhMAN,37000
a0FRg00000F1LEiMAN,
a0FRg00000F1LEjMAN,
a0FRg00000F1LEkMAN,
a0FRg00000F1LElMAN,
a0FRg00000F1LEmMAN,
a0FRg00000F1LEnMAN,
a0FRg00000F1LEoMAN,
a0FRg00000F1LEpMAN,
a0FRg00000F1LEqMAN,
a0FRg00000F1LErMAN,
a0FRg00000F1LEsMAN,
a0FRg00000F1LEtMAN,
a0FRg00000F1LEuMAN,
a0FRg00000F1LEvMAN,
a0FRg00000F1LEwMAN,
a0FRg00000F1LExMAN,
a0FRg00000F1LEyMAN,
a0FRg00000F1LEzMAN,
a0FRg00000F1LF0MAN,
a0FRg00000F1LL7MAN,3150
a0FRg00000F1LL8MAN,102860.8
a0FRg00000F1LL9MAN,257152
a0FRg00000F1LLAMA3,257151.2
a0FRg00000F1LLBMA3,
a0FRg00000F1LLCMA3,
a0FRg00000F1LLDMA3,
a0FRg00000F1LLEMA3,
a0FRg00000F1LLFMA3,
a0FRg00000F1LLGMA3,
a0FRg00000F1LLHMA3,
a0FRg00000F1LLIMA3,
a0FRg00000F1LLJMA3,
a0FRg00000F1LLKMA3,
a0FRg00000F1LLLMA3,
a0FRg00000F1LLMMA3,
a0FRg00000F1LLNMA3,
a0FRg00000F1LLOMA3,
a0FRg00000F1LLPMA3,
a0FRg00000F1LLQMA3,
a0FRg00000F1LLRMA3,
a0FRg00000F1LLSMA3,
a0FRg00000F1LRZMA3,
a0FRg00000F1LRaMAN,
a0FRg00000F1LRbMAN,260928
a0FRg00000F1LRcMAN,71.17
a0FRg00000F1LRdMAN,
a0FRg00000F1LReMAN,
a0FRg00000F1LRfMAN,
a0FRg00000F1LRgMAN,
a0FRg00000F1LRhMAN,
a0FRg00000F1LRiMAN,
a0FRg00000F1LRjMAN,
a0FRg00000F1LRkMAN,
a0FRg00000F1LRlMAN,
a0FRg00000F1LRmMAN,
a0FRg00000F1LRnMAN,
a0FRg00000F1LRoMAN,
a0FRg00000F1LRpMAN,
a0FRg00000F1LRqMAN,
a0FRg00000F1LRrMAN,
a0FRg00000F1LRsMAN,
a0FRg00000F1LRtMAN,
a0FRg00000F1LRuMAN,
a0FRg00000F2EuHMAV,
a0FRg00000F38q1MAB,3150
a0FRg00000F38rdMAB,33850
a0FRg00000F3CjyMAF,3150
a0FRg00000F3D1hMAF,43276.8
a0FRg00000F3FukMAF,3150
a0FRg00000F3HbZMAV,4115.1
a0FRg00000F3Hi1MAF,3150
a0FRg00000F3HjdMAF,2285.1
a0FRg00000F45q5MAB,
a0FRg00000F45rhMAB,
a0FRg00000F45tJMAR,
a0FRg00000F45uvMAB,
a0FRg00000F45wXMAR,3150
a0FRg00000F45y9MAB,40280
a0FRg00000F4881MAB,
a0FRg00000F489dMAB,
a0FRg00000F48CrMAJ,
a0FRg00000F48ETMAZ,
a0FRg00000F4DpFMAV,3150
a0FRg00000F4DqrMAF,39000
a0FRg00000F4tgQMAR,
a0FRg00000F68blMAB,3150
a0FRg00000F68bmMAB,38337.6
a0FRg00000F68bnMAB,35532.08
a0FRg00000F68boMAB,
a0FRg00000F68bpMAB,
a0FRg00000F68bqMAB,
a0FRg00000F68brMAB,
a0FRg00000F68bsMAB,
a0FRg00000F68btMAB,
a0FRg00000F68buMAB,
a0FRg00000F68bvMAB,
a0FRg00000F68bwMAB,
a0FRg00000F68bxMAB,
a0FRg00000F68byMAB,
a0FRg00000F68bzMAB,
a0FRg00000F68c0MAB,
a0FRg00000F68c1MAB,
a0FRg00000F68c2MAB,
a0FRg00000F68c3MAB,
a0FRg00000F68c4MAB,
a0FRg00000F68c5MAB,
a0FRg00000F68c6MAB,
a0FRg00000F6981MAB,3150
a0FRg00000F699dMAB,50685.6
a0FRg00000F69BFMAZ,3150
a0FRg00000F69CrMAJ,42022.4
a0FRg00000F7yd7MAB,
a0FRg00000F7yd8MAB,
a0FRg00000F7yd9MAB,
a0FRg00000F7ydAMAR,
a0FRg00000F7ydBMAR,
a0FRg00000F7ydCMAR,
a0FRg00000F7ydDMAR,
a0FRg00000F7ydEMAR,
a0FRg00000F7ydFMAR,
a0FRg00000F7ydGMAR,
a0FRg00000F7ydHMAR,
a0FRg00000F7ydIMAR,
a0FRg00000F7ydJMAR,
a0FRg00000F7ydKMAR,
a0FRg00000F7ydLMAR,
a0FRg00000F7ydMMAR,
a0FRg00000F7ydNMAR,
a0FRg00000F7ydOMAR,
a0FRg00000F7ydPMAR,
a0FRg00000F7ydQMAR,
a0FRg00000F7ydRMAR,
a0FRg00000F7ydSMAR,
a0FRg00000F7ydTMAR,
a0FRg00000F7ydUMAR,
a0FRg00000F7ydVMAR,
a0FRg00000F7ydWMAR,
a0FRg00000F7ydXMAR,
a0FRg00000F7ydYMAR,
a0FRg00000F7ydZMAR,
a0FRg00000F7ydaMAB,
a0FRg00000F7ydbMAB,
a0FRg00000F7ydcMAB,
a0FRg00000F7yddMAB,
a0FRg00000F7ydeMAB,
a0FRg00000F7ydfMAB,
a0FRg00000F7ydgMAB,
a0FRg00000F7ydhMAB,
a0FRg00000F7ydiMAB,
a0FRg00000F7ydjMAB,
a0FRg00000F7ydkMAB,
a0FRg00000F7ydlMAB,
a0FRg00000F7ydmMAB,
a0FRg00000F7ydnMAB,
a0FRg00000F7ydoMAB,
a0FRg00000F7ydpMAB,
a0FRg00000F7ydqMAB,
a0FRg00000F7ydrMAB,
a0FRg00000F7ydtMAB,
a0FRg00000F7yduMAB,
a0FRg00000F7yegMAB,
a0FRg00000FEAgPMAX,
a0FRg00000FEAi1MAH,
a0FRg00000FL8tBMAT,
a0FRg00000FL8tCMAT,
a0FRg00000FL8tDMAT,
a0FRg00000FL8tEMAT,
a0FRg00000FL8tFMAT,
a0FRg00000FL8tGMAT,
a0FRg00000FL8tHMAT,
a0FRg00000FL8tIMAT,
a0FRg00000FL9R3MAL,
a0FRg00000FL9R4MAL,
a0FRg00000FL9R5MAL,
a0FRg00000FL9dxMAD,
a0FRg00000FL9dyMAD,
a0FRg00000FL9dzMAD,
a0FRg00000FL9e0MAD,
a0FRg00000FL9e1MAD,
a0FRg00000FL9e2MAD,
a0FRg00000FL9e3MAD,
a0FRg00000FL9e4MAD,
a0FRg00000FL9e5MAD,
a0FRg00000FL9e6MAD,
a0FRg00000FL9e7MAD,
a0FRg00000FL9e8MAD,
a0FRg00000FL9e9MAD,
a0FRg00000FL9eAMAT,
a0FRg00000FL9eBMAT,
a0FRg00000FL9eCMAT,
a0FRg00000FL9eDMAT,
a0FRg00000FL9eEMAT,
a0FRg00000FL9eFMAT,
a0FRg00000FL9eGMAT,
a0FRg00000FL9eHMAT,
a0FRg00000FL9eIMAT,
a0FRg00000FL9eJMAT,
a0FRg00000FL9eKMAT,
a0FRg00000FL9eLMAT,
a0FRg00000FL9eMMAT,
a0FRg00000FL9eNMAT,
a0FRg00000FL9eOMAT,
a0FRg00000FL9ePMAT,
a0FRg00000FL9eQMAT,
a0FRg00000FL9eRMAT,
a0FRg00000FL9eSMAT,
a0FRg00000FL9eTMAT,
a0FRg00000FL9eUMAT,
a0FRg00000FL9eVMAT,
a0FRg00000FL9eWMAT,
a0FRg00000FL9eXMAT,
a0FRg00000FL9eYMAT,
a0FRg00000FL9eZMAT,
a0FRg00000FL9eaMAD,
a0FRg00000FL9ebMAD,
a0FRg00000FL9ecMAD,
a0FRg00000FL9edMAD,
a0FRg00000FL9eeMAD,
a0FRg00000FL9efMAD,
a0FRg00000FL9egMAD,
a0FRg00000FL9ehMAD,
a0FRg00000FL9eiMAD,
a0FRg00000FL9ejMAD,
a0FRg00000FL9ekMAD,
a0FRg00000FL9elMAD,
a0FRg00000FL9emMAD,
a0FRg00000FL9enMAD,
a0FRg00000FL9eoMAD,
a0FRg00000FL9epMAD,
a0FRg00000FL9eqMAD,
a0FRg00000FL9erMAD,
a0FRg00000FL9esMAD,
a0FRg00000FL9etMAD,
a0FRg00000FL9euMAD,
a0FRg00000FL9evMAD,
a0FRg00000FL9ewMAD,
a0FRg00000FL9exMAD,
a0FRg00000FL9eyMAD,
a0FRg00000FL9ezMAD,
a0FRg00000FL9f0MAD,
a0FRg00000FL9f1MAD,
a0FRg00000FL9f2MAD,
a0FRg00000FL9f3MAD,
a0FRg00000FL9f4MAD,
a0FRg00000FL9f5MAD,
a0FRg00000FL9f6MAD,
a0FRg00000FL9f7MAD,
a0FRg00000FL9f8MAD,
a0FRg00000FL9f9MAD,
a0FRg00000FL9fAMAT,
a0FRg00000FL9fBMAT,
a0FRg00000FL9fCMAT,
a0FRg00000FL9fDMAT,
a0FRg00000FL9fEMAT,
a0FRg00000FL9fFMAT,
a0FRg00000FL9fGMAT,
a0FRg00000FL9fHMAT,
a0FRg00000FL9fIMAT,
a0FRg00000FL9fJMAT,
a0FRg00000FL9fKMAT,
a0FRg00000FL9fLMAT,
a0FRg00000FL9fMMAT,
a0FRg00000FL9fNMAT,
a0FRg00000FL9fOMAT,
a0FRg00000FL9fPMAT,
a0FRg00000FL9fQMAT,
a0FRg00000FL9fRMAT,
a0FRg00000FL9fSMAT,
a0FRg00000FL9fTMAT,
a0FRg00000FL9fUMAT,
a0FRg00000FL9fVMAT,
a0FRg00000FL9fWMAT,
a0FRg00000FL9fXMAT,
a0FRg00000FL9fYMAT,
a0FRg00000FL9fZMAT,
a0FRg00000FL9faMAD,
a0FRg00000FL9fbMAD,
a0FRg00000FL9fcMAD,
a0FRg00000FL9fdMAD,
a0FRg00000FL9feMAD,
a0FRg00000FL9ffMAD,
a0FRg00000FL9fgMAD,
a0FRg00000FL9fhMAD,
a0FRg00000FL9fiMAD,
a0FRg00000FL9fjMAD,
a0FRg00000FL9fkMAD,
a0FRg00000FL9flMAD,
a0FRg00000FL9fmMAD,
a0FRg00000FL9fnMAD,
a0FRg00000FL9foMAD,
a0FRg00000FL9fpMAD,
a0FRg00000FL9fqMAD,
a0FRg00000FL9frMAD,
a0FRg00000FL9fsMAD,
a0FRg00000FL9ftMAD,
a0FRg00000FL9fuMAD,
a0FRg00000FL9fvMAD,
a0FRg00000FL9fwMAD,
a0FRg00000FL9fxMAD,
a0FRg00000FL9fyMAD,
a0FRg00000FL9fzMAD,
a0FRg00000FL9g0MAD,
a0FRg00000FL9g1MAD,
a0FRg00000FL9g2MAD,
a0FRg00000FL9g3MAD,
a0FRg00000FL9g4MAD,
a0FRg00000FL9g5MAD,
a0FRg00000FL9g6MAD,
a0FRg00000FL9g7MAD,
a0FRg00000FL9g8MAD,
a0FRg00000FL9g9MAD,
a0FRg00000FL9gAMAT,
a0FRg00000FL9gBMAT,
a0FRg00000FL9gCMAT,
a0FRg00000FL9gDMAT,
a0FRg00000FL9gEMAT,
a0FRg00000FL9gFMAT,
a0FRg00000FL9gGMAT,
a0FRg00000FL9gHMAT,
a0FRg00000FL9gIMAT,
a0FRg00000FL9gJMAT,
a0FRg00000FL9gKMAT,
a0FRg00000FL9gLMAT,
a0FRg00000FL9gMMAT,
a0FRg00000FL9gNMAT,
a0FRg00000FL9gOMAT,
a0FRg00000FL9gPMAT,
a0FRg00000FL9gQMAT,
a0FRg00000FL9gRMAT,
a0FRg00000FL9gSMAT,
a0FRg00000FL9gTMAT,
a0FRg00000FL9gUMAT,
a0FRg00000FL9gVMAT,
a0FRg00000FL9gWMAT,
a0FRg00000FL9gXMAT,
a0FRg00000FL9gYMAT,
a0FRg00000FL9gZMAT,
a0FRg00000FL9gaMAD,
a0FRg00000FL9gbMAD,
a0FRg00000FL9gcMAD,
a0FRg00000FL9gdMAD,
a0FRg00000FL9geMAD,
a0FRg00000FL9gfMAD,
a0FRg00000FL9ggMAD,
a0FRg00000FL9ghMAD,
a0FRg00000FL9giMAD,
a0FRg00000FL9gjMAD,
a0FRg00000FL9gkMAD,
a0FRg00000FL9glMAD,
a0FRg00000FL9gmMAD,
a0FRg00000FL9gnMAD,
a0FRg00000FL9goMAD,
a0FRg00000FL9gpMAD,
a0FRg00000FL9gqMAD,
a0FRg00000FL9grMAD,
a0FRg00000FL9gsMAD,
a0FRg00000FL9gtMAD,
a0FRg00000FL9guMAD,
a0FRg00000FL9gvMAD,
a0FRg00000FL9gwMAD,
a0FRg00000FL9gxMAD,
a0FRg00000FL9gyMAD,
a0FRg00000FL9gzMAD,
a0FRg00000FL9h0MAD,
a0FRg00000FL9h1MAD,
a0FRg00000FL9h2MAD,
a0FRg00000FL9h3MAD,
a0FRg00000FL9h4MAD,
a0FRg00000FL9h5MAD,
a0FRg00000FL9h6MAD,
a0FRg00000FL9h7MAD,
a0FRg00000FL9h8MAD,
a0FRg00000FL9h9MAD,
a0FRg00000FL9hAMAT,
a0FRg00000FL9hBMAT,
a0FRg00000FL9hCMAT,
a0FRg00000FL9hDMAT,
a0FRg00000FL9hEMAT,
a0FRg00000FL9hFMAT,
a0FRg00000FL9hGMAT,
a0FRg00000FL9hHMAT,
a0FRg00000FL9hIMAT,
a0FRg00000FL9hJMAT,
a0FRg00000FL9hKMAT,
a0FRg00000FL9hLMAT,
a0FRg00000FL9hMMAT,
a0FRg00000FL9hNMAT,
a0FRg00000FL9hOMAT,
a0FRg00000FL9hPMAT,
a0FRg00000FL9hQMAT,
a0FRg00000FL9hRMAT,
a0FRg00000FL9hSMAT,
a0FRg00000FL9hTMAT,
a0FRg00000FL9hUMAT,
a0FRg00000FL9hVMAT,
a0FRg00000FL9hWMAT,
a0FRg00000FL9hXMAT,
a0FRg00000FL9hYMAT,
a0FRg00000FL9hZMAT,
a0FRg00000FL9haMAD,
a0FRg00000FL9hbMAD,
a0FRg00000FL9hcMAD,
a0FRg00000FL9hdMAD,
a0FRg00000FL9heMAD,
a0FRg00000FL9hfMAD,
a0FRg00000FL9hgMAD,
a0FRg00000FL9hhMAD,
a0FRg00000FL9hiMAD,
a0FRg00000FL9hjMAD,
a0FRg00000FL9hkMAD,
a0FRg00000FL9hlMAD,
a0FRg00000FL9hmMAD,
a0FRg00000FL9hnMAD,
a0FRg00000FL9hoMAD,
a0FRg00000FL9hpMAD,
a0FRg00000FL9hqMAD,
a0FRg00000FL9hrMAD,
a0FRg00000FL9hsMAD,
a0FRg00000FL9htMAD,
a0FRg00000FL9huMAD,
a0FRg00000FL9hvMAD,
a0FRg00000FL9hwMAD,
a0FRg00000FL9hxMAD,
a0FRg00000FL9hyMAD,
a0FRg00000FL9hzMAD,
a0FRg00000FL9i0MAD,
a0FRg00000FL9i1MAD,
a0FRg00000FL9i2MAD,
a0FRg00000FL9i3MAD,
a0FRg00000FL9i4MAD,
a0FRg00000FL9i5MAD,
a0FRg00000FL9i6MAD,
a0FRg00000FL9i7MAD,
a0FRg00000FL9i8MAD,
a0FRg00000FL9i9MAD,
a0FRg00000FL9iAMAT,
a0FRg00000FL9iBMAT,
a0FRg00000FL9iCMAT,
a0FRg00000FL9iDMAT,
a0FRg00000FL9iEMAT,
a0FRg00000FL9iFMAT,
a0FRg00000FL9iGMAT,
a0FRg00000FL9iHMAT,
a0FRg00000FL9iIMAT,
a0FRg00000FL9iJMAT,
a0FRg00000FL9iKMAT,
a0FRg00000FL9iLMAT,
a0FRg00000FL9iMMAT,
a0FRg00000FL9iNMAT,
a0FRg00000FL9iOMAT,
a0FRg00000FL9iPMAT,
a0FRg00000FL9iQMAT,
a0FRg00000FL9iRMAT,
a0FRg00000FL9iSMAT,
a0FRg00000FL9iTMAT,
a0FRg00000FL9iUMAT,
a0FRg00000FL9iVMAT,
a0FRg00000FL9iWMAT,
a0FRg00000FL9iXMAT,
a0FRg00000FL9iYMAT,
a0FRg00000FL9iZMAT,
a0FRg00000FL9iaMAD,
a0FRg00000FL9ibMAD,
a0FRg00000FL9icMAD,
a0FRg00000FL9idMAD,
a0FRg00000FL9ieMAD,
a0FRg00000FL9ifMAD,
a0FRg00000FL9igMAD,
a0FRg00000FL9ihMAD,
a0FRg00000FL9iiMAD,
a0FRg00000FL9ijMAD,
a0FRg00000FL9ikMAD,
a0FRg00000FL9ilMAD,
a0FRg00000FL9imMAD,
a0FRg00000FL9inMAD,
a0FRg00000FL9ioMAD,
a0FRg00000FL9ipMAD,
a0FRg00000FL9iqMAD,
a0FRg00000FL9irMAD,
a0FRg00000FL9isMAD,
a0FRg00000FL9itMAD,
a0FRg00000FL9iuMAD,
a0FRg00000FL9ivMAD,
a0FRg00000FL9iwMAD,
a0FRg00000FL9ixMAD,
a0FRg00000FL9iyMAD,
a0FRg00000FL9izMAD,
a0FRg00000FL9j0MAD,
a0FRg00000FL9j1MAD,
a0FRg00000FL9j2MAD,
a0FRg00000FL9j3MAD,
a0FRg00000FL9j4MAD,
a0FRg00000FL9j5MAD,
a0FRg00000FL9j6MAD,
a0FRg00000FL9j7MAD,
a0FRg00000FL9j8MAD,
a0FRg00000FL9j9MAD,
a0FRg00000FL9jAMAT,
a0FRg00000FL9jBMAT,
a0FRg00000FL9jCMAT,
a0FRg00000FL9jDMAT,
a0FRg00000FL9jEMAT,
a0FRg00000FL9jFMAT,
a0FRg00000FL9jGMAT,
a0FRg00000FL9jHMAT,
a0FRg00000FL9jIMAT,
a0FRg00000FL9jJMAT,
a0FRg00000FL9jKMAT,
a0FRg00000FL9jLMAT,
a0FRg00000FL9jMMAT,
a0FRg00000FL9jNMAT,
a0FRg00000FL9jOMAT,
a0FRg00000FL9jPMAT,
a0FRg00000FL9jQMAT,
a0FRg00000FL9jRMAT,
a0FRg00000FL9jSMAT,
a0FRg00000FL9jTMAT,
a0FRg00000FL9jUMAT,
a0FRg00000FL9jVMAT,
a0FRg00000FL9jWMAT,
a0FRg00000FL9jXMAT,
a0FRg00000FL9jYMAT,
a0FRg00000FL9jZMAT,
a0FRg00000FL9jaMAD,
a0FRg00000FL9jbMAD,
a0FRg00000FL9jcMAD,
a0FRg00000FL9jdMAD,
a0FRg00000FL9jeMAD,
a0FRg00000FL9jfMAD,
a0FRg00000FL9jgMAD,
a0FRg00000FL9jhMAD,
a0FRg00000FL9jiMAD,
a0FRg00000FL9jjMAD,
a0FRg00000FL9jkMAD,
a0FRg00000FL9jlMAD,
a0FRg00000FL9jmMAD,
a0FRg00000FL9jnMAD,
a0FRg00000FL9joMAD,
a0FRg00000FL9jpMAD,
a0FRg00000FL9jqMAD,
a0FRg00000FL9jrMAD,
a0FRg00000FL9jsMAD,
a0FRg00000FL9jtMAD,
a0FRg00000FL9juMAD,
a0FRg00000FL9jvMAD,
a0FRg00000FL9jwMAD,
a0FRg00000FL9jxMAD,
a0FRg00000FL9jyMAD,
a0FRg00000FL9jzMAD,
a0FRg00000FL9k0MAD,
a0FRg00000FL9k1MAD,
a0FRg00000FL9k2MAD,
a0FRg00000FL9k3MAD,
a0FRg00000FL9k4MAD,
a0FRg00000FL9k5MAD,
a0FRg00000FL9k6MAD,
a0FRg00000FL9k7MAD,
a0FRg00000FL9k8MAD,
a0FRg00000FL9k9MAD,
a0FRg00000FL9kAMAT,
a0FRg00000FL9kBMAT,
a0FRg00000FL9kCMAT,
a0FRg00000FL9kDMAT,
a0FRg00000FL9kEMAT,
a0FRg00000FL9kFMAT,
a0FRg00000FL9kGMAT,
a0FRg00000FL9kHMAT,
a0FRg00000FL9kIMAT,
a0FRg00000FL9kJMAT,
a0FRg00000FL9kKMAT,
a0FRg00000FL9kLMAT,
a0FRg00000FL9kMMAT,
a0FRg00000FL9kNMAT,
a0FRg00000FL9kOMAT,
a0FRg00000FL9kPMAT,
a0FRg00000FL9kQMAT,
a0FRg00000FL9kRMAT,
a0FRg00000FL9kSMAT,
a0FRg00000FL9kTMAT,
a0FRg00000FL9kUMAT,
a0FRg00000FL9kVMAT,
a0FRg00000FL9kWMAT,
a0FRg00000FL9kXMAT,
a0FRg00000FL9kYMAT,
a0FRg00000FL9kZMAT,
a0FRg00000FL9kaMAD,
a0FRg00000FL9kbMAD,
a0FRg00000FL9kcMAD,
a0FRg00000FL9kdMAD,
a0FRg00000FL9keMAD,
a0FRg00000FL9kfMAD,
a0FRg00000FL9kgMAD,
a0FRg00000FL9khMAD,
a0FRg00000FL9kiMAD,
a0FRg00000FL9kjMAD,
a0FRg00000FL9kkMAD,
a0FRg00000FL9klMAD,
a0FRg00000FL9u5MAD,
a0FRg00000FL9u6MAD,
a0FRg00000FL9u7MAD,
a0FRg00000FL9u8MAD,
a0FRg00000FL9u9MAD,
a0FRg00000FL9uAMAT,
a0FRg00000FL9uBMAT,
a0FRg00000FL9uCMAT,
a0FRg00000FL9uDMAT,
a0FRg00000FL9uEMAT,
a0FRg00000FL9uFMAT,
a0FRg00000FL9uGMAT,
a0FRg00000FL9uHMAT,
a0FRg00000FL9uIMAT,
a0FRg00000FL9uJMAT,
a0FRg00000FL9uKMAT,
a0FRg00000FL9uLMAT,
a0FRg00000FL9uMMAT,
a0FRg00000FL9uNMAT,
a0FRg00000FL9uOMAT,
a0FRg00000FL9uPMAT,
a0FRg00000FL9uQMAT,
a0FRg00000FL9uRMAT,
a0FRg00000FL9uSMAT,
a0FRg00000FL9uTMAT,
a0FRg00000FL9uUMAT,
a0FRg00000FL9uVMAT,
a0FRg00000FL9uWMAT,
a0FRg00000FL9uXMAT,
a0FRg00000FL9uYMAT,
a0FRg00000FL9uZMAT,
a0FRg00000FL9uaMAD,
a0FRg00000FL9ubMAD,
a0FRg00000FL9ucMAD,
a0FRg00000FL9udMAD,
a0FRg00000FL9ueMAD,
a0FRg00000FL9ufMAD,
a0FRg00000FL9ugMAD,
a0FRg00000FL9uhMAD,
a0FRg00000FL9uiMAD,
a0FRg00000FL9ujMAD,
a0FRg00000FL9ukMAD,
a0FRg00000FL9ulMAD,
a0FRg00000FL9umMAD,
a0FRg00000FL9unMAD,
a0FRg00000FL9uoMAD,
a0FRg00000FL9upMAD,
a0FRg00000FL9uqMAD,
a0FRg00000FL9urMAD,
a0FRg00000FL9usMAD,
a0FRg00000FL9utMAD,
a0FRg00000FL9uuMAD,
a0FRg00000FL9uvMAD,
a0FRg00000FL9uwMAD,
a0FRg00000FL9uxMAD,
a0FRg00000FL9uyMAD,
a0FRg00000FLA8iMAH,
a0FRg00000FLA8jMAH,
a0FRg00000FLA8kMAH,
a0FRg00000FLA8lMAH,
a0FRg00000FLA8mMAH,
a0FRg00000FLA8nMAH,
a0FRg00000FLA8oMAH,
a0FRg00000FLA8pMAH,
a0FRg00000FLA8qMAH,
a0FRg00000FLA8rMAH,
a0FRg00000FLA8sMAH,
a0FRg00000FLA8tMAH,
a0FRg00000FLA8uMAH,
a0FRg00000FLA8vMAH,
a0FRg00000FLA9OMAX,
a0FRg00000FLA9PMAX,
a0FRg00000FLA9QMAX,
a0FRg00000FLA9RMAX,
a0FRg00000FLA9SMAX,
a0FRg00000FLA9TMAX,
a0FRg00000FLA9UMAX,
a0FRg00000FLA9VMAX,
a0FRg00000FLA9WMAX,
a0FRg00000FLA9XMAX,
a0FRg00000FLA9YMAX,
a0FRg00000FLA9ZMAX,
a0FRg00000FLA9aMAH,
a0FRg00000FLA9bMAH,
a0FRg00000FLA9xMAH,
a0FRg00000FLA9yMAH,
a0FRg00000FLA9zMAH,
a0FRg00000FLAA0MAP,
a0FRg00000FLAA1MAP,
a0FRg00000FLAA2MAP,
a0FRg00000FLAA3MAP,
a0FRg00000FLAA4MAP,
a0FRg00000FLAA5MAP,
a0FRg00000FLAA6MAP,
a0FRg00000FLAA7MAP,
a0FRg00000FLAA8MAP,
a0FRg00000FLAA9MAP,
a0FRg00000FLAAAMA5,
a0FRg00000FLAAPMA5,
a0FRg00000FLAAQMA5,
a0FRg00000FLAARMA5,
a0FRg00000FLAASMA5,
a0FRg00000FLAATMA5,
a0FRg00000FLAAUMA5,
a0FRg00000FLAAVMA5,
a0FRg00000FLAAWMA5,
a0FRg00000FLAAXMA5,
a0FRg00000FLAAYMA5,
a0FRg00000FLAAZMA5,
a0FRg00000FLAAaMAP,
a0FRg00000FLAAbMAP,
a0FRg00000FLAAcMAP,
a0FRg00000FLAAkMAP,
a0FRg00000FLAAlMAP,
a0FRg00000FLAAmMAP,
a0FRg00000FLAAnMAP,
a0FRg00000FLAAoMAP,
a0FRg00000FLAApMAP,
a0FRg00000FLAAqMAP,
a0FRg00000FLAArMAP,
a0FRg00000FLAAsMAP,
a0FRg00000FLAAtMAP,
a0FRg00000FLAAuMAP,
a0FRg00000FLAAvMAP,
a0FRg00000FLAAwMAP,
a0FRg00000FLAAxMAP,
a0FRg00000FLABCMA5,
a0FRg00000FLABDMA5,
a0FRg00000FLABEMA5,
a0FRg00000FLABFMA5,
a0FRg00000FLABGMA5,
a0FRg00000FLABHMA5,
a0FRg00000FLABIMA5,
a0FRg00000FLABJMA5,
a0FRg00000FLABKMA5,
a0FRg00000FLABLMA5,
a0FRg00000FLABMMA5,
a0FRg00000FLABNMA5,
a0FRg00000FLABOMA5,
a0FRg00000FLABPMA5,
a0FRg00000FLABeMAP,
a0FRg00000FLABfMAP,
a0FRg00000FLABgMAP,
a0FRg00000FLABhMAP,
a0FRg00000FLABiMAP,
a0FRg00000FLABjMAP,
a0FRg00000FLABkMAP,
a0FRg00000FLABsMAP,
a0FRg00000FLABtMAP,
a0FRg00000FLABuMAP,
a0FRg00000FLABvMAP,
a0FRg00000FLABwMAP,
a0FRg00000FLABxMAP,
a0FRg00000FLAByMAP,
a0FRg00000FLAC6MAP,
a0FRg00000FLAC7MAP,
a0FRg00000FLAC8MAP,
a0FRg00000FLAC9MAP,
a0FRg00000FLACAMA5,
a0FRg00000FLACBMA5,
a0FRg00000FLACCMA5,
a0FRg00000FLACDMA5,
a0FRg00000FLACEMA5,
a0FRg00000FLACFMA5,
a0FRg00000FLACGMA5,
a0FRg00000FLACHMA5,
a0FRg00000FLACIMA5,
a0FRg00000FLACJMA5,
a0FRg00000FLACKMA5,
a0FRg00000FLACLMA5,
a0FRg00000FLACMMA5,
a0FRg00000FLACNMA5,
a0FRg00000FLACOMA5,
a0FRg00000FLACPMA5,
a0FRg00000FLACQMA5,
a0FRg00000FLACRMA5,
a0FRg00000FLACSMA5,
a0FRg00000FLACTMA5,
a0FRg00000FLACUMA5,
a0FRg00000FLACVMA5,
a0FRg00000FLACWMA5,
a0FRg00000FLACXMA5,
a0FRg00000FLAD0MAP,
a0FRg00000FLAD1MAP,
a0FRg00000FLAD2MAP,
a0FRg00000FLAD3MAP,
a0FRg00000FLAD4MAP,
a0FRg00000FLAD5MAP,
a0FRg00000FLAD6MAP,
a0FRg00000FLADEMA5,
a0FRg00000FLADFMA5,
a0FRg00000FLADGMA5,
a0FRg00000FLADHMA5,
a0FRg00000FLADIMA5,
a0FRg00000FLADJMA5,
a0FRg00000FLADKMA5,
a0FRg00000FLADLMA5,
a0FRg00000FLADMMA5,
a0FRg00000FLADNMA5,
a0FRg00000FLADOMA5,
a0FRg00000FLADPMA5,
a0FRg00000FLADQMA5,
a0FRg00000FLADRMA5,
a0FRg00000FLADZMA5,
a0FRg00000FLADaMAP,
a0FRg00000FLADbMAP,
a0FRg00000FLADcMAP,
a0FRg00000FLADdMAP,
a0FRg00000FLADeMAP,
a0FRg00000FLADfMAP,
a0FRg00000FLADgMAP,
a0FRg00000FLADhMAP,
a0FRg00000FLADiMAP,
a0FRg00000FLADjMAP,
a0FRg00000FLADkMAP,
a0FRg00000FLADlMAP,
a0FRg00000FLADmMAP,
a0FRg00000FLADuMAP,
a0FRg00000FLADvMAP,
a0FRg00000FLADwMAP,
a0FRg00000FLADxMAP,
a0FRg00000FLADyMAP,
a0FRg00000FLADzMAP,
a0FRg00000FLAE0MAP,
a0FRg00000FLAE8MAP,
a0FRg00000FLAE9MAP,
a0FRg00000FLAEAMA5,
a0FRg00000FLAEBMA5,
a0FRg00000FLAECMA5,
a0FRg00000FLAEDMA5,
a0FRg00000FLAEEMA5,
a0FRg00000FLAEFMA5,
a0FRg00000FLAEGMA5,
a0FRg00000FLAEHMA5,
a0FRg00000FLAEIMA5,
a0FRg00000FLAEJMA5,
a0FRg00000FLAEKMA5,
a0FRg00000FLAELMA5,
a0FRg00000FLAEMMA5,
a0FRg00000FLAENMA5,
a0FRg00000FLAEOMA5,
a0FRg00000FLAEPMA5,
a0FRg00000FLAEQMA5,
a0FRg00000FLAERMA5,
a0FRg00000FLAESMA5,
a0FRg00000FLAEoMAP,
a0FRg00000FLAEpMAP,
a0FRg00000FLAEqMAP,
a0FRg00000FLAErMAP,
a0FRg00000FLAEsMAP,
a0FRg00000FLAEtMAP,
a0FRg00000FLAEuMAP,
a0FRg00000FLAF9MAP,
a0FRg00000FLAFAMA5,
a0FRg00000FLAFBMA5,
a0FRg00000FLAFCMA5,
a0FRg00000FLAFDMA5,
a0FRg00000FLAFEMA5,
a0FRg00000FLAFFMA5,
a0FRg00000FLAFNMA5,
a0FRg00000FLAFOMA5,
a0FRg00000FLAFPMA5,
a0FRg00000FLAFQMA5,
a0FRg00000FLAFRMA5,
a0FRg00000FLAFSMA5,
a0FRg00000FLAFTMA5,
a0FRg00000FLAFUMA5,
a0FRg00000FLAFVMA5,
a0FRg00000FLAFWMA5,
a0FRg00000FLAFXMA5,
a0FRg00000FLAFYMA5,
a0FRg00000FLAFZMA5,
a0FRg00000FLAFaMAP,
a0FRg00000FLAFiMAP,10109.29
a0FRg00000FLAFjMAP,
a0FRg00000FLAFkMAP,
a0FRg00000FLAFlMAP,
a0FRg00000FLAFmMAP,
a0FRg00000FLAFnMAP,
a0FRg00000FLAFoMAP,
a0FRg00000FLAFwMAP,
a0FRg00000FLAFxMAP,
a0FRg00000FLAFyMAP,
a0FRg00000FLAFzMAP,
a0FRg00000FLAG0MAP,
a0FRg00000FLAG1MAP,
a0FRg00000FLAG2MAP,
a0FRg00000FLAGAMA5,
a0FRg00000FLAGBMA5,
a0FRg00000FLAGCMA5,
a0FRg00000FLAGDMA5,
a0FRg00000FLAGEMA5,
a0FRg00000FLAGFMA5,
a0FRg00000FLAGGMA5,
a0FRg00000FLAGHMA5,
a0FRg00000FLAGIMA5,
a0FRg00000FLAGJMA5,
a0FRg00000FLAGKMA5,
a0FRg00000FLAGLMA5,
a0FRg00000FLAGMMA5,
a0FRg00000FLAGNMA5,
a0FRg00000FLAGVMA5,
a0FRg00000FLAGWMA5,
a0FRg00000FLAGXMA5,
a0FRg00000FLAGYMA5,
a0FRg00000FLAGZMA5,
a0FRg00000FLAGaMAP,
a0FRg00000FLAGbMAP,
a0FRg00000FLAHWMA5,
a0FRg00000FLAHXMA5,
a0FRg00000FLAHYMA5,
a0FRg00000FLAHZMA5,
a0FRg00000FLAHaMAP,
a0FRg00000FLAHbMAP,
a0FRg00000FLAHcMAP,
a0FRg00000FLAHyMAP,
a0FRg00000FLAHzMAP,
a0FRg00000FLAI0MAP,
a0FRg00000FLAI1MAP,
a0FRg00000FLAI2MAP,
a0FRg00000FLAI3MAP,
a0FRg00000FLAI4MAP,
a0FRg00000FLAIQMA5,
a0FRg00000FLAIRMA5,
a0FRg00000FLAISMA5,
a0FRg00000FLAITMA5,
a0FRg00000FLAIUMA5,
a0FRg00000FLAIVMA5,
a0FRg00000FLAIWMA5,
a0FRg00000FLAK7MAP,
a0FRg00000FLAK8MAP,
a0FRg00000FLAK9MAP,
a0FRg00000FLAKAMA5,
a0FRg00000FLAKBMA5,
a0FRg00000FLAKCMA5,
a0FRg00000FLAKDMA5,
a0FRg00000FLAKSMA5,
a0FRg00000FLAKTMA5,
a0FRg00000FLAKUMA5,
a0FRg00000FLAKVMA5,
a0FRg00000FLAKWMA5,
a0FRg00000FLAKXMA5,
a0FRg00000FLAKYMA5,
a0FRg00000FLALFMA5,
a0FRg00000FLALGMA5,
a0FRg00000FLALHMA5,
a0FRg00000FLALIMA5,
a0FRg00000FLALJMA5,
a0FRg00000FLALKMA5,
a0FRg00000FLALLMA5,
a0FRg00000FLALMMA5,
a0FRg00000FLALNMA5,
a0FRg00000FLALOMA5,
a0FRg00000FLALPMA5,
a0FRg00000FLALQMA5,
a0FRg00000FLALRMA5,
a0FRg00000FLALSMA5,
a0FRg00000FLALhMAP,
a0FRg00000FLALiMAP,
a0FRg00000FLALjMAP,
a0FRg00000FLALkMAP,
a0FRg00000FLALlMAP,
a0FRg00000FLALmMAP,
a0FRg00000FLALnMAP,
a0FRg00000FLAM9MAP,
a0FRg00000FLAMAMA5,
a0FRg00000FLAMBMA5,
a0FRg00000FLAMCMA5,
a0FRg00000FLAMDMA5,
a0FRg00000FLAMEMA5,
a0FRg00000FLAMFMA5,
a0FRg00000FLAMwMAP,
a0FRg00000FLAMxMAP,
a0FRg00000FLAMyMAP,
a0FRg00000FLAMzMAP,
a0FRg00000FLAN0MAP,
a0FRg00000FLAN1MAP,
a0FRg00000FLAN2MAP,
a0FRg00000FLANAMA5,
a0FRg00000FLANBMA5,
a0FRg00000FLANCMA5,
a0FRg00000FLANDMA5,
a0FRg00000FLANEMA5,
a0FRg00000FLANFMA5,
a0FRg00000FLANGMA5,
a0FRg00000FLANcMAP,
a0FRg00000FLANdMAP,
a0FRg00000FLANeMAP,
a0FRg00000FLANfMAP,
a0FRg00000FLANgMAP,
a0FRg00000FLANhMAP,
a0FRg00000FLANiMAP,
a0FRg00000FLAOrMAP,
a0FRg00000FLAOsMAP,
a0FRg00000FLAOtMAP,
a0FRg00000FLAOuMAP,
a0FRg00000FLAOvMAP,
a0FRg00000FLAOwMAP,
a0FRg00000FLAOxMAP,
a0FRg00000FLAPQMA5,
a0FRg00000FLAPRMA5,
a0FRg00000FLAPSMA5,
a0FRg00000FLAPTMA5,
a0FRg00000FLAPUMA5,
a0FRg00000FLAPVMA5,
a0FRg00000FLAPWMA5,
a0FRg00000FLAPeMAP,
a0FRg00000FLAPfMAP,
a0FRg00000FLAPgMAP,
a0FRg00000FLAPhMAP,
a0FRg00000FLAPiMAP,
a0FRg00000FLAPjMAP,
a0FRg00000FLAPkMAP,
a0FRg00000FLAQRMA5,
a0FRg00000FLAQSMA5,
a0FRg00000FLAQTMA5,
a0FRg00000FLAQUMA5,
a0FRg00000FLAQVMA5,
a0FRg00000FLAQWMA5,
a0FRg00000FLAQXMA5,
a0FRg00000FLAQYMA5,
a0FRg00000FLAQZMA5,
a0FRg00000FLAQaMAP,
a0FRg00000FLAQbMAP,
a0FRg00000FLAQcMAP,
a0FRg00000FLAQdMAP,
a0FRg00000FLAQeMAP,
a0FRg00000FLAR0MAP,
a0FRg00000FLAR1MAP,
a0FRg00000FLAR2MAP,
a0FRg00000FLAR3MAP,
a0FRg00000FLAR4MAP,
a0FRg00000FLAR5MAP,
a0FRg00000FLAR6MAP,
a0FRg00000FLASFMA5,
a0FRg00000FLASGMA5,
a0FRg00000FLASHMA5,
a0FRg00000FLASIMA5,
a0FRg00000FLASJMA5,
a0FRg00000FLASKMA5,
a0FRg00000FLASLMA5,
a0FRg00000FLASoMAP,
a0FRg00000FLASpMAP,
a0FRg00000FLASqMAP,
a0FRg00000FLASrMAP,
a0FRg00000FLASsMAP,
a0FRg00000FLAStMAP,
a0FRg00000FLASuMAP,
a0FRg00000FLAT9MAP,
a0FRg00000FLATAMA5,
a0FRg00000FLATBMA5,
a0FRg00000FLATCMA5,
a0FRg00000FLATDMA5,
a0FRg00000FLATEMA5,
a0FRg00000FLATFMA5,
a0FRg00000FLATpMAP,
a0FRg00000FLATqMAP,
a0FRg00000FLATrMAP,
a0FRg00000FLATsMAP,
a0FRg00000FLATtMAP,
a0FRg00000FLATuMAP,
a0FRg00000FLATvMAP,
a0FRg00000FLAUcMAP,
a0FRg00000FLAUdMAP,
a0FRg00000FLAUeMAP,
a0FRg00000FLAUfMAP,
a0FRg00000FLAUgMAP,
a0FRg00000FLAUhMAP,
a0FRg00000FLAUiMAP,
a0FRg00000FLAVrMAP,
a0FRg00000FLAVsMAP,
a0FRg00000FLAVtMAP,
a0FRg00000FLAVuMAP,
a0FRg00000FLAVvMAP,
a0FRg00000FLAVwMAP,
a0FRg00000FLAVxMAP,
a0FRg00000FLAWCMA5,
a0FRg00000FLAWDMA5,
a0FRg00000FLAWEMA5,
a0FRg00000FLAWFMA5,
a0FRg00000FLAWGMA5,
a0FRg00000FLAWHMA5,
a0FRg00000FLAWIMA5,
a0FRg00000FLAWXMA5,
a0FRg00000FLAWYMA5,
a0FRg00000FLAWZMA5,
a0FRg00000FLAWaMAP,
a0FRg00000FLAWbMAP,
a0FRg00000FLAWcMAP,
a0FRg00000FLAWdMAP,
a0FRg00000FLAX6MAP,
a0FRg00000FLAX7MAP,
a0FRg00000FLAX8MAP,
a0FRg00000FLAX9MAP,
a0FRg00000FLAXAMA5,
a0FRg00000FLAXBMA5,
a0FRg00000FLAXCMA5,
a0FRg00000FLAXYMA5,
a0FRg00000FLAXZMA5,
a0FRg00000FLAXaMAP,
a0FRg00000FLAXbMAP,
a0FRg00000FLAXcMAP,
a0FRg00000FLAXdMAP,
a0FRg00000FLAXeMAP,
a0FRg00000FLAXmMAP,
a0FRg00000FLAXnMAP,
a0FRg00000FLAXoMAP,
a0FRg00000FLAXpMAP,
a0FRg00000FLAXqMAP,
a0FRg00000FLAXrMAP,
a0FRg00000FLAXsMAP,
a0FRg00000FLAYEMA5,
a0FRg00000FLAYFMA5,
a0FRg00000FLAYGMA5,
a0FRg00000FLAYHMA5,
a0FRg00000FLAYIMA5,
a0FRg00000FLAYJMA5,
a0FRg00000FLAYKMA5,
a0FRg00000FLAZ1MAP,
a0FRg00000FLAZ2MAP,
a0FRg00000FLAZ3MAP,
a0FRg00000FLAZ4MAP,
a0FRg00000FLAZ5MAP,
a0FRg00000FLAZ6MAP,
a0FRg00000FLAZ7MAP,
a0FRg00000FLAaGMAX,
a0FRg00000FLAaHMAX,
a0FRg00000FLAaIMAX,
a0FRg00000FLAaJMAX,
a0FRg00000FLAaKMAX,
a0FRg00000FLAaLMAX,
a0FRg00000FLAaMMAX,
a0FRg00000FLAbHMAX,2732.24
a0FRg00000FLAbIMAX,
a0FRg00000FLAbJMAX,
a0FRg00000FLAbKMAX,
a0FRg00000FLAbLMAX,
a0FRg00000FLAbMMAX,
a0FRg00000FLAbNMAX,
a0FRg00000FLAbVMAX,2732.24
a0FRg00000FLAbWMAX,
a0FRg00000FLAbXMAX,
a0FRg00000FLAbYMAX,
a0FRg00000FLAbZMAX,
a0FRg00000FLAbaMAH,
a0FRg00000FLAbbMAH,
a0FRg00000FLAbcMAH,
a0FRg00000FLAbdMAH,
a0FRg00000FLAbeMAH,
a0FRg00000FLAbfMAH,
a0FRg00000FLAbgMAH,
a0FRg00000FLAbhMAH,
a0FRg00000FLAbiMAH,
a0FRg00000FLAbjMAH,
a0FRg00000FLAbkMAH,
a0FRg00000FLAblMAH,
a0FRg00000FLAbmMAH,
a0FRg00000FLAbnMAH,
a0FRg00000FLAboMAH,
a0FRg00000FLAbpMAH,
a0FRg00000FLAbqMAH,
a0FRg00000FLAbrMAH,
a0FRg00000FLAbsMAH,
a0FRg00000FLAbtMAH,
a0FRg00000FLAbuMAH,
a0FRg00000FLAbvMAH,
a0FRg00000FLAbwMAH,
a0FRg00000FLAc4MAH,32437
a0FRg00000FLAc5MAH,
a0FRg00000FLAc6MAH,
a0FRg00000FLAc7MAH,
a0FRg00000FLAc8MAH,
a0FRg00000FLAc9MAH,
a0FRg00000FLAcAMAX,
a0FRg00000FLAcBMAX,
a0FRg00000FLAcCMAX,
a0FRg00000FLAcDMAX,
a0FRg00000FLAcEMAX,
a0FRg00000FLAcFMAX,
a0FRg00000FLAcGMAX,
a0FRg00000FLAcHMAX,
a0FRg00000FLAcIMAX,
a0FRg00000FLAcJMAX,
a0FRg00000FLAcKMAX,
a0FRg00000FLAcLMAX,
a0FRg00000FLAcMMAX,
a0FRg00000FLAcNMAX,
a0FRg00000FLAcOMAX,
a0FRg00000FLAcWMAX,
a0FRg00000FLAcXMAX,
a0FRg00000FLAcYMAX,
a0FRg00000FLAcZMAX,
a0FRg00000FLAcaMAH,
a0FRg00000FLAcbMAH,
a0FRg00000FLAccMAH,
a0FRg00000FLAcdMAH,
a0FRg00000FLAceMAH,
a0FRg00000FLAcfMAH,
a0FRg00000FLAcgMAH,
a0FRg00000FLAchMAH,
a0FRg00000FLAciMAH,
a0FRg00000FLAcjMAH,
a0FRg00000FLAdQMAX,
a0FRg00000FLAdRMAX,
a0FRg00000FLAdSMAX,
a0FRg00000FLAdTMAX,
a0FRg00000FLAdUMAX,
a0FRg00000FLAdVMAX,
a0FRg00000FLAdWMAX,
a0FRg00000FLAdXMAX,20501.3
a0FRg00000FLAdYMAX,
a0FRg00000FLAdZMAX,
a0FRg00000FLAdaMAH,
a0FRg00000FLAdbMAH,
a0FRg00000FLAdcMAH,
a0FRg00000FLAddMAH,
a0FRg00000FLAdeMAH,
a0FRg00000FLAdfMAH,
a0FRg00000FLAdgMAH,
a0FRg00000FLAdhMAH,
a0FRg00000FLAdiMAH,
a0FRg00000FLAdjMAH,
a0FRg00000FLAdkMAH,
a0FRg00000FLAdsMAH,
a0FRg00000FLAdtMAH,
a0FRg00000FLAduMAH,
a0FRg00000FLAdvMAH,
a0FRg00000FLAdwMAH,
a0FRg00000FLAdxMAH,
a0FRg00000FLAdyMAH,
a0FRg00000FLAe6MAH,
a0FRg00000FLAe7MAH,
a0FRg00000FLAe8MAH,
a0FRg00000FLAe9MAH,
a0FRg00000FLAeAMAX,
a0FRg00000FLAeBMAX,
a0FRg00000FLAeCMAX,
a0FRg00000FLAeDMAX,
a0FRg00000FLAeEMAX,
a0FRg00000FLAeFMAX,
a0FRg00000FLAeGMAX,
a0FRg00000FLAeHMAX,
a0FRg00000FLAeIMAX,
a0FRg00000FLAeJMAX,
a0FRg00000FLAeKMAX,
a0FRg00000FLAeLMAX,
a0FRg00000FLAeMMAX,
a0FRg00000FLAeNMAX,
a0FRg00000FLAeOMAX,
a0FRg00000FLAePMAX,
a0FRg00000FLAeQMAX,
a0FRg00000FLAeYMAX,
a0FRg00000FLAeZMAX,
a0FRg00000FLAeaMAH,
a0FRg00000FLAebMAH,
a0FRg00000FLAecMAH,
a0FRg00000FLAedMAH,
a0FRg00000FLAeeMAH,
a0FRg00000FLAefMAH,17622.95
a0FRg00000FLAegMAH,
a0FRg00000FLAehMAH,
a0FRg00000FLAeiMAH,
a0FRg00000FLAejMAH,
a0FRg00000FLAekMAH,
a0FRg00000FLAelMAH,
a0FRg00000FLAemMAH,
a0FRg00000FLAenMAH,
a0FRg00000FLAeoMAH,
a0FRg00000FLAepMAH,
a0FRg00000FLAeqMAH,
a0FRg00000FLAerMAH,
a0FRg00000FLAesMAH,
a0FRg00000FLAf7MAH,
a0FRg00000FLAf8MAH,
a0FRg00000FLAf9MAH,
a0FRg00000FLAfAMAX,
a0FRg00000FLAfBMAX,
a0FRg00000FLAfCMAX,
a0FRg00000FLAfDMAX,
a0FRg00000FLAfEMAX,
a0FRg00000FLAfFMAX,
a0FRg00000FLAfGMAX,
a0FRg00000FLAfHMAX,
a0FRg00000FLAfIMAX,
a0FRg00000FLAfJMAX,
a0FRg00000FLAfKMAX,
a0FRg00000FLAfZMAX,
a0FRg00000FLAfaMAH,
a0FRg00000FLAfbMAH,
a0FRg00000FLAfcMAH,
a0FRg00000FLAfdMAH,
a0FRg00000FLAfeMAH,
a0FRg00000FLAffMAH,
a0FRg00000FLAfuMAH,
a0FRg00000FLAfvMAH,
a0FRg00000FLAfwMAH,
a0FRg00000FLAfxMAH,
a0FRg00000FLAfyMAH,
a0FRg00000FLAfzMAH,
a0FRg00000FLAg0MAH,
a0FRg00000FLAg1MAH,
a0FRg00000FLAg2MAH,
a0FRg00000FLAg3MAH,
a0FRg00000FLAg4MAH,
a0FRg00000FLAg5MAH,
a0FRg00000FLAg6MAH,
a0FRg00000FLAg7MAH,
a0FRg00000FLAg8MAH,
a0FRg00000FLAg9MAH,
a0FRg00000FLAgAMAX,
a0FRg00000FLAgBMAX,
a0FRg00000FLAgCMAX,
a0FRg00000FLAgDMAX,
a0FRg00000FLAgEMAX,
a0FRg00000FLAghMAH,
a0FRg00000FLAgiMAH,
a0FRg00000FLAgjMAH,
a0FRg00000FLAgkMAH,
a0FRg00000FLAglMAH,
a0FRg00000FLAgmMAH,
a0FRg00000FLAgnMAH,
a0FRg00000FLAgoMAH,
a0FRg00000FLAgpMAH,
a0FRg00000FLAgqMAH,
a0FRg00000FLAgrMAH,
a0FRg00000FLAgsMAH,
a0FRg00000FLAgtMAH,
a0FRg00000FLAguMAH,
a0FRg00000FLAgvMAH,
a0FRg00000FLAgwMAH,
a0FRg00000FLAgxMAH,
a0FRg00000FLAgyMAH,
a0FRg00000FLAgzMAH,
a0FRg00000FLAh0MAH,
a0FRg00000FLAh1MAH,
a0FRg00000FLAhNMAX,
a0FRg00000FLAhOMAX,
a0FRg00000FLAhPMAX,
a0FRg00000FLAhQMAX,
a0FRg00000FLAhRMAX,
a0FRg00000FLAhSMAX,
a0FRg00000FLAhTMAX,
a0FRg00000FLAhbMAH,
a0FRg00000FLAhcMAH,
a0FRg00000FLAhdMAH,
a0FRg00000FLAheMAH,
a0FRg00000FLAhfMAH,
a0FRg00000FLAhgMAH,
a0FRg00000FLAhhMAH,
a0FRg00000FLAhwMAH,
a0FRg00000FLAhxMAH,
a0FRg00000FLAhyMAH,
a0FRg00000FLAhzMAH,
a0FRg00000FLAi0MAH,
a0FRg00000FLAi1MAH,
a0FRg00000FLAi2MAH,
a0FRg00000FLAi3MAH,
a0FRg00000FLAi4MAH,
a0FRg00000FLAi5MAH,
a0FRg00000FLAi6MAH,
a0FRg00000FLAi7MAH,
a0FRg00000FLAi8MAH,
a0FRg00000FLAi9MAH,
a0FRg00000FLAiAMAX,
a0FRg00000FLAiBMAX,
a0FRg00000FLAiCMAX,
a0FRg00000FLAiDMAX,
a0FRg00000FLAiEMAX,
a0FRg00000FLAiFMAX,
a0FRg00000FLAiGMAX,
a0FRg00000FLAiOMAX,
a0FRg00000FLAiPMAX,
a0FRg00000FLAiQMAX,
a0FRg00000FLAiRMAX,
a0FRg00000FLAiSMAX,
a0FRg00000FLAiTMAX,
a0FRg00000FLAiUMAX,
a0FRg00000FLAiVMAX,
a0FRg00000FLAiWMAX,
a0FRg00000FLAiXMAX,
a0FRg00000FLAiYMAX,
a0FRg00000FLAiZMAX,
a0FRg00000FLAiaMAH,
a0FRg00000FLAibMAH,
a0FRg00000FLAiqMAH,
a0FRg00000FLAirMAH,
a0FRg00000FLAisMAH,
a0FRg00000FLAitMAH,
a0FRg00000FLAiuMAH,
a0FRg00000FLAivMAH,
a0FRg00000FLAiwMAH,
a0FRg00000FLAixMAH,
a0FRg00000FLAiyMAH,
a0FRg00000FLAizMAH,
a0FRg00000FLAj0MAH,
a0FRg00000FLAj1MAH,
a0FRg00000FLAj2MAH,
a0FRg00000FLAj3MAH,
a0FRg00000FLAjdMAH,
a0FRg00000FLAjeMAH,
a0FRg00000FLAjfMAH,
a0FRg00000FLAjgMAH,
a0FRg00000FLAjhMAH,
a0FRg00000FLAjiMAH,
a0FRg00000FLAjjMAH,
a0FRg00000FLAjkMAH,
a0FRg00000FLAjlMAH,
a0FRg00000FLAjmMAH,
a0FRg00000FLAjnMAH,
a0FRg00000FLAjoMAH,
a0FRg00000FLAjpMAH,
a0FRg00000FLAjqMAH,
a0FRg00000FLB1NMAX,
a0FRg00000FLB1OMAX,
a0FRg00000FLB1PMAX,
a0FRg00000FLB1QMAX,
a0FRg00000FLB1RMAX,
a0FRg00000FLB1SMAX,
a0FRg00000FLB1TMAX,
a0FRg00000FLB1UMAX,
a0FRg00000FLB1VMAX,
a0FRg00000FLB1WMAX,
a0FRg00000FLB1XMAX,
a0FRg00000FLB1YMAX,
a0FRg00000FLB1ZMAX,
a0FRg00000FLB1aMAH,
a0FRg00000FLB1bMAH,
a0FRg00000FLB1cMAH,
a0FRg00000FLB1dMAH,
a0FRg00000FLB1eMAH,
a0FRg00000FLB1fMAH,
a0FRg00000FLB1gMAH,
a0FRg00000FLB1hMAH,
a0FRg00000FLB1iMAH,
a0FRg00000FLB25MAH,
a0FRg00000FLB26MAH,
a0FRg00000FLB27MAH,37000
a0FRg00000FLB28MAH,
a0FRg00000FLB29MAH,
a0FRg00000FLB2AMAX,
a0FRg00000FLB2BMAX,
a0FRg00000FLB2CMAX,
a0FRg00000FLB2DMAX,
a0FRg00000FLB2EMAX,
a0FRg00000FLB2FMAX,
a0FRg00000FLB2GMAX,
a0FRg00000FLB2HMAX,
a0FRg00000FLB2IMAX,
a0FRg00000FLB2JMAX,
a0FRg00000FLB2KMAX,
a0FRg00000FLB2LMAX,
a0FRg00000FLB2MMAX,
a0FRg00000FLB2NMAX,
a0FRg00000FLB2OMAX,
a0FRg00000FLB2PMAX,
a0FRg00000FLB2QMAX,
a0FRg00000FLB7lMAH,
a0FRg00000FLB7mMAH,
a0FRg00000FLB7nMAH,
a0FRg00000FLB7oMAH,
a0FRg00000FLB7pMAH,
a0FRg00000FLB7qMAH,
a0FRg00000FLB7rMAH,
a0FRg00000FLB7sMAH,
a0FRg00000FLB7tMAH,
a0FRg00000FLB7uMAH,
a0FRg00000FLB7vMAH,
a0FRg00000FLB7wMAH,
a0FRg00000FLB7xMAH,
a0FRg00000FLB7yMAH,
a0FRg00000FLB7zMAH,
a0FRg00000FLB80MAH,
a0FRg00000FLB81MAH,
a0FRg00000FLB82MAH,
a0FRg00000FLB83MAH,
a0FRg00000FLB84MAH,
a0FRg00000FLB85MAH,
a0FRg00000FLB86MAH,
a0FRg00000FLB8pMAH,
a0FRg00000FLB8qMAH,
a0FRg00000FLB8rMAH,
a0FRg00000FLB8sMAH,
a0FRg00000FLB8tMAH,
a0FRg00000FLB8uMAH,
a0FRg00000FLB8vMAH,
a0FRg00000FLB8wMAH,
a0FRg00000FLB8xMAH,
a0FRg00000FLB8yMAH,
a0FRg00000FLB8zMAH,
a0FRg00000FLB90MAH,
a0FRg00000FLB91MAH,
a0FRg00000FLB92MAH,
a0FRg00000FLB93MAH,
a0FRg00000FLB94MAH,
a0FRg00000FLB95MAH,
a0FRg00000FLB96MAH,
a0FRg00000FLB97MAH,
a0FRg00000FLB98MAH,
a0FRg00000FLB99MAH,
a0FRg00000FLB9AMAX,
a0FRg00000FLB9BMAX,
a0FRg00000FLB9CMAX,
a0FRg00000FLB9DMAX,
a0FRg00000FLB9EMAX,
a0FRg00000FLB9FMAX,
a0FRg00000FLB9GMAX,
a0FRg00000FLB9HMAX,
a0FRg00000FLB9IMAX,
a0FRg00000FLB9JMAX,
a0FRg00000FLB9KMAX,
a0FRg00000FLB9LMAX,
a0FRg00000FLB9MMAX,
a0FRg00000FLB9NMAX,
a0FRg00000FLB9OMAX,
a0FRg00000FLB9PMAX,
a0FRg00000FLB9QMAX,
a0FRg00000FLB9RMAX,
a0FRg00000FLB9SMAX,
a0FRg00000FLB9TMAX,
a0FRg00000FLB9UMAX,
a0FRg00000FLB9VMAX,
a0FRg00000FLB9WMAX,
a0FRg00000FLB9XMAX,
a0FRg00000FLB9YMAX,
a0FRg00000FLB9ZMAX,
a0FRg00000FLB9aMAH,
a0FRg00000FLB9bMAH,
a0FRg00000FLB9cMAH,
a0FRg00000FLB9dMAH,
a0FRg00000FLB9eMAH,
a0FRg00000FLB9fMAH,
a0FRg00000FLB9gMAH,
a0FRg00000FLB9hMAH,
a0FRg00000FLB9iMAH,
a0FRg00000FLB9jMAH,
a0FRg00000FLB9kMAH,
a0FRg00000FLB9lMAH,
a0FRg00000FLB9mMAH,
a0FRg00000FLB9nMAH,
a0FRg00000FLB9oMAH,
a0FRg00000FLB9pMAH,
a0FRg00000FLB9qMAH,
a0FRg00000FLB9rMAH,
a0FRg00000FLB9sMAH,
a0FRg00000FLB9tMAH,
a0FRg00000FLB9uMAH,
a0FRg00000FLB9vMAH,
a0FRg00000FLB9wMAH,
a0FRg00000FLB9xMAH,
a0FRg00000FLB9yMAH,
a0FRg00000FLB9zMAH,
a0FRg00000FLBA0MAP,
a0FRg00000FLBA1MAP,
a0FRg00000FLBA2MAP,
a0FRg00000FLBA3MAP,
a0FRg00000FLBA4MAP,
a0FRg00000FLBA5MAP,
a0FRg00000FLBA6MAP,
a0FRg00000FLBA7MAP,
a0FRg00000FLBA8MAP,
a0FRg00000FLBA9MAP,
a0FRg00000FLBAAMA5,
a0FRg00000FLBABMA5,
a0FRg00000FLBACMA5,
a0FRg00000FLBADMA5,
a0FRg00000FLBAEMA5,
a0FRg00000FLBAFMA5,
a0FRg00000FLBAGMA5,
a0FRg00000FLBAHMA5,
a0FRg00000FLBAIMA5,
a0FRg00000FLBAJMA5,
a0FRg00000FLBAKMA5,
a0FRg00000FLBALMA5,
a0FRg00000FLBAMMA5,
a0FRg00000FLBANMA5,
a0FRg00000FLBAOMA5,
a0FRg00000FLBAPMA5,
a0FRg00000FLBAQMA5,
a0FRg00000FLBARMA5,
a0FRg00000FLBASMA5,
a0FRg00000FLBATMA5,
a0FRg00000FLBAUMA5,
a0FRg00000FLBAVMA5,
a0FRg00000FLBAWMA5,
a0FRg00000FLBAXMA5,
a0FRg00000FLBAYMA5,
a0FRg00000FLBAZMA5,
a0FRg00000FLBAaMAP,
a0FRg00000FLBAbMAP,
a0FRg00000FLBAcMAP,
a0FRg00000FLBAdMAP,
a0FRg00000FLBAeMAP,
a0FRg00000FLBAfMAP,
a0FRg00000FLBAgMAP,
a0FRg00000FLBAhMAP,
a0FRg00000FLBAiMAP,
a0FRg00000FLBAjMAP,
a0FRg00000FLBAkMAP,
a0FRg00000FLBAlMAP,
a0FRg00000FLBAmMAP,
a0FRg00000FLBAnMAP,
a0FRg00000FLBAoMAP,
a0FRg00000FLBApMAP,
a0FRg00000FLBAqMAP,
a0FRg00000FLBArMAP,
a0FRg00000FLBAsMAP,
a0FRg00000FLBAtMAP,
a0FRg00000FLBAuMAP,
a0FRg00000FLBAvMAP,
a0FRg00000FLBAwMAP,
a0FRg00000FLBAxMAP,
a0FRg00000FLBAyMAP,
a0FRg00000FLBAzMAP,
a0FRg00000FLBB0MAP,
a0FRg00000FLBB1MAP,
a0FRg00000FLBB2MAP,
a0FRg00000FLBB3MAP,
a0FRg00000FLBB4MAP,
a0FRg00000FLBB5MAP,
a0FRg00000FLBB6MAP,
a0FRg00000FLBB7MAP,
a0FRg00000FLBB8MAP,
a0FRg00000FLBB9MAP,
a0FRg00000FLBBAMA5,
a0FRg00000FLBBBMA5,
a0FRg00000FLBBCMA5,
a0FRg00000FLBBDMA5,
a0FRg00000FLBBEMA5,
a0FRg00000FLBBFMA5,
a0FRg00000FLBBGMA5,
a0FRg00000FLBBHMA5,
a0FRg00000FLBBIMA5,
a0FRg00000FLBBJMA5,
a0FRg00000FLBBKMA5,
a0FRg00000FLBBLMA5,
a0FRg00000FLBBMMA5,
a0FRg00000FLBBNMA5,
a0FRg00000FLBBOMA5,
a0FRg00000FLBBPMA5,
a0FRg00000FLBBQMA5,
a0FRg00000FLBBRMA5,
a0FRg00000FLBBSMA5,
a0FRg00000FLBBTMA5,
a0FRg00000FLBBUMA5,
a0FRg00000FLBBVMA5,
a0FRg00000FLBBWMA5,
a0FRg00000FLBBXMA5,
a0FRg00000FLBBYMA5,
a0FRg00000FLBBZMA5,
a0FRg00000FLBBaMAP,
a0FRg00000FLBBbMAP,
a0FRg00000FLBBcMAP,
a0FRg00000FLBBdMAP,
a0FRg00000FLBBeMAP,
a0FRg00000FLBBfMAP,
a0FRg00000FLBBgMAP,
a0FRg00000FLBBhMAP,
a0FRg00000FLBBiMAP,
a0FRg00000FLBBjMAP,
a0FRg00000FLBBkMAP,
a0FRg00000FLBBlMAP,
a0FRg00000FLBBmMAP,
a0FRg00000FLBBnMAP,
a0FRg00000FLBBoMAP,
a0FRg00000FLBBpMAP,
a0FRg00000FLBBqMAP,
a0FRg00000FLBBrMAP,
a0FRg00000FLBBsMAP,
a0FRg00000FLBBtMAP,
a0FRg00000FLBBuMAP,
a0FRg00000FLBBvMAP,
a0FRg00000FLBBwMAP,
a0FRg00000FLBBxMAP,
a0FRg00000FLBByMAP,
a0FRg00000FLBBzMAP,
a0FRg00000FLBC0MAP,
a0FRg00000FLBC1MAP,
a0FRg00000FLBC2MAP,
a0FRg00000FLBC3MAP,
a0FRg00000FLBC4MAP,
a0FRg00000FLBC5MAP,
a0FRg00000FLBC6MAP,
a0FRg00000FLBC7MAP,
a0FRg00000FLBC8MAP,
a0FRg00000FLBC9MAP,
a0FRg00000FLBCAMA5,
a0FRg00000FLBCBMA5,
a0FRg00000FLBCCMA5,
a0FRg00000FLBCDMA5,
a0FRg00000FLBCEMA5,
a0FRg00000FLBCFMA5,
a0FRg00000FLBCGMA5,
a0FRg00000FLBCHMA5,
a0FRg00000FLBCIMA5,
a0FRg00000FLBCJMA5,
a0FRg00000FLBCKMA5,
a0FRg00000FLBCLMA5,
a0FRg00000FLBCMMA5,
a0FRg00000FLBCNMA5,
a0FRg00000FLBCOMA5,
a0FRg00000FLBCPMA5,
a0FRg00000FLBCQMA5,
a0FRg00000FLBCRMA5,
a0FRg00000FLBCSMA5,
a0FRg00000FLBCTMA5,
a0FRg00000FLBCUMA5,
a0FRg00000FLBCVMA5,
a0FRg00000FLBCWMA5,
a0FRg00000FLBCXMA5,
a0FRg00000FLBCYMA5,
a0FRg00000FLBCZMA5,
a0FRg00000FLBCaMAP,
a0FRg00000FLBCbMAP,
a0FRg00000FLBCcMAP,
a0FRg00000FLBCdMAP,
a0FRg00000FLBCeMAP,
a0FRg00000FLBCfMAP,
a0FRg00000FLBCgMAP,
a0FRg00000FLBChMAP,
a0FRg00000FLBCiMAP,
a0FRg00000FLBCjMAP,
a0FRg00000FLBCkMAP,
a0FRg00000FLBClMAP,
a0FRg00000FLBCmMAP,
a0FRg00000FLBCnMAP,
a0FRg00000FLBCoMAP,
a0FRg00000FLBCpMAP,
a0FRg00000FLBCqMAP,
a0FRg00000FLBCrMAP,
a0FRg00000FLBCsMAP,
a0FRg00000FLBCtMAP,
a0FRg00000FLBCuMAP,
a0FRg00000FLBCvMAP,
a0FRg00000FLBCwMAP,
a0FRg00000FLBCxMAP,
a0FRg00000FLBCyMAP,
a0FRg00000FLBCzMAP,
a0FRg00000FLBD0MAP,
a0FRg00000FLBD1MAP,
a0FRg00000FLBD2MAP,
a0FRg00000FLBD3MAP,
a0FRg00000FLBD4MAP,
a0FRg00000FLBD5MAP,
a0FRg00000FLBD6MAP,
a0FRg00000FLBD7MAP,
a0FRg00000FLBD8MAP,
a0FRg00000FLBD9MAP,
a0FRg00000FLBDAMA5,
a0FRg00000FLBDBMA5,
a0FRg00000FLBDCMA5,
a0FRg00000FLBDDMA5,
a0FRg00000FLBDEMA5,
a0FRg00000FLBDFMA5,
a0FRg00000FLBDGMA5,
a0FRg00000FLBDHMA5,
a0FRg00000FLBDIMA5,
a0FRg00000FLBDJMA5,
a0FRg00000FLBDKMA5,
a0FRg00000FLBDLMA5,
a0FRg00000FLBDMMA5,
a0FRg00000FLBDNMA5,
a0FRg00000FLBDOMA5,
a0FRg00000FLBDPMA5,
a0FRg00000FLBDQMA5,
a0FRg00000FLBDRMA5,3150
a0FRg00000FLBDSMA5,40572
a0FRg00000FLBDTMA5,88
a0FRg00000FLBDUMA5,
a0FRg00000FLBDVMA5,
a0FRg00000FLBDWMA5,
a0FRg00000FLBDXMA5,
a0FRg00000FLBDYMA5,
a0FRg00000FLBDZMA5,
a0FRg00000FLBDaMAP,
a0FRg00000FLBDbMAP,
a0FRg00000FLBDcMAP,
a0FRg00000FLBDdMAP,
a0FRg00000FLBDeMAP,
a0FRg00000FLBDfMAP,
a0FRg00000FLBDgMAP,
a0FRg00000FLBDhMAP,
a0FRg00000FLBDiMAP,
a0FRg00000FLBDjMAP,
a0FRg00000FLBDkMAP,
a0FRg00000FLBDlMAP,
a0FRg00000FLBDmMAP,
a0FRg00000FLBRFMA5,
a0FRg00000FLBRGMA5,
a0FRg00000FLBRHMA5,
a0FRg00000FLBRIMA5,
a0FRg00000FLBRJMA5,
a0FRg00000FLBRKMA5,
a0FRg00000FLBRLMA5,
a0FRg00000FLBRMMA5,
a0FRg00000FLBRNMA5,
a0FRg00000FLBROMA5,
a0FRg00000FLBRPMA5,
a0FRg00000FLBRQMA5,
a0FRg00000FLBRRMA5,
a0FRg00000FLBRSMA5,
a0FRg00000FLBRTMA5,
a0FRg00000FLBRUMA5,
a0FRg00000FLBRVMA5,
a0FRg00000FLBRWMA5,
a0FRg00000FLBRXMA5,
a0FRg00000FLBRYMA5,
a0FRg00000FLBRZMA5,
a0FRg00000FLBRaMAP,
a0FRg00000FLBRbMAP,
a0FRg00000FLBRcMAP,
a0FRg00000FLBRdMAP,
a0FRg00000FLBReMAP,
a0FRg00000FLBRfMAP,
a0FRg00000FLBRgMAP,
a0FRg00000FLBRhMAP,
a0FRg00000FLBRiMAP,
a0FRg00000FLBRjMAP,
a0FRg00000FLBRkMAP,
a0FRg00000FLBRlMAP,
a0FRg00000FLBRmMAP,
a0FRg00000FLBRnMAP,
a0FRg00000FLBRoMAP,
a0FRg00000FLBRpMAP,
a0FRg00000FLBRqMAP,
a0FRg00000FLBRrMAP,
a0FRg00000FLBRsMAP,
a0FRg00000FLBRtMAP,
a0FRg00000FLBRuMAP,
a0FRg00000FLBRvMAP,
a0FRg00000FLBRwMAP,
a0FRg00000FLBRxMAP,
a0FRg00000FLBRyMAP,
a0FRg00000FLBRzMAP,
a0FRg00000FLBS0MAP,
a0FRg00000FLBS1MAP,
a0FRg00000FLBS2MAP,
a0FRg00000FLBS3MAP,
a0FRg00000FLBS4MAP,
a0FRg00000FLBS5MAP,
a0FRg00000FLBS6MAP,
a0FRg00000FLBS7MAP,
a0FRg00000FLBS8MAP,
a0FRg00000FLBS9MAP,
a0FRg00000FLBSAMA5,
a0FRg00000FLBSBMA5,
a0FRg00000FLBSCMA5,
a0FRg00000FLBSDMA5,
a0FRg00000FLBSEMA5,
a0FRg00000FLBSFMA5,
a0FRg00000FLBSGMA5,
a0FRg00000FLBSHMA5,
a0FRg00000FLBSIMA5,
a0FRg00000FLBSJMA5,
a0FRg00000FLBSKMA5,
a0FRg00000FLBSLMA5,
a0FRg00000FLBSMMA5,
a0FRg00000FLBSNMA5,
a0FRg00000FLBSOMA5,
a0FRg00000FLBSPMA5,
a0FRg00000FLBSQMA5,
a0FRg00000FLBSRMA5,
a0FRg00000FLBSSMA5,
a0FRg00000FLBSTMA5,
a0FRg00000FLBSUMA5,
a0FRg00000FLBSVMA5,
a0FRg00000FLBSWMA5,
a0FRg00000FLBSXMA5,
a0FRg00000FLBSYMA5,
a0FRg00000FLBSZMA5,
a0FRg00000FLBSaMAP,
a0FRg00000FLBSbMAP,
a0FRg00000FLBScMAP,
a0FRg00000FLBSdMAP,
a0FRg00000FLBSeMAP,
a0FRg00000FLBSfMAP,
a0FRg00000FLBSgMAP,
a0FRg00000FLBShMAP,
a0FRg00000FLBSiMAP,
a0FRg00000FLBSjMAP,
a0FRg00000FLBSkMAP,
a0FRg00000FLBSlMAP,
a0FRg00000FLBSmMAP,
a0FRg00000FLBSnMAP,
a0FRg00000FLBSoMAP,
a0FRg00000FLBSpMAP,
a0FRg00000FLBSqMAP,
a0FRg00000FLBSrMAP,
a0FRg00000FLBSsMAP,
a0FRg00000FLBStMAP,
a0FRg00000FLBSuMAP,
a0FRg00000FLBSvMAP,
a0FRg00000FLBSwMAP,
a0FRg00000FLBSxMAP,
a0FRg00000FLBSyMAP,
a0FRg00000FLBSzMAP,
a0FRg00000FLBT0MAP,
a0FRg00000FLBT1MAP,
a0FRg00000FLBT2MAP,
a0FRg00000FLBT3MAP,
a0FRg00000FLBT4MAP,
a0FRg00000FLBT5MAP,
a0FRg00000FLBT6MAP,
a0FRg00000FLBT7MAP,
a0FRg00000FLBT8MAP,
a0FRg00000FLBT9MAP,
a0FRg00000FLBTAMA5,
a0FRg00000FLBTBMA5,
a0FRg00000FLBTCMA5,
a0FRg00000FLBTDMA5,
a0FRg00000FLBTEMA5,
a0FRg00000FLBTFMA5,
a0FRg00000FLBTGMA5,
a0FRg00000FLBTHMA5,
a0FRg00000FLBTIMA5,
a0FRg00000FLBTJMA5,
a0FRg00000FLBTKMA5,
a0FRg00000FLBTLMA5,
a0FRg00000FLBTMMA5,
a0FRg00000FLBTNMA5,
a0FRg00000FLBTOMA5,
a0FRg00000FLBTPMA5,
a0FRg00000FLBTQMA5,
a0FRg00000FLBTRMA5,
a0FRg00000FLBTSMA5,
a0FRg00000FLBTTMA5,
a0FRg00000FLBTUMA5,
a0FRg00000FLBTVMA5,
a0FRg00000FLBTWMA5,
a0FRg00000FLBTXMA5,
a0FRg00000FLBTYMA5,
a0FRg00000FLBTZMA5,
a0FRg00000FLBTaMAP,
a0FRg00000FLBTbMAP,
a0FRg00000FLBTcMAP,
a0FRg00000FLBTdMAP,
a0FRg00000FLBTeMAP,
a0FRg00000FLBTfMAP,
a0FRg00000FLBTgMAP,
a0FRg00000FLBThMAP,
a0FRg00000FLBTiMAP,
a0FRg00000FLBTjMAP,
a0FRg00000FLBTkMAP,
a0FRg00000FLBTlMAP,
a0FRg00000FLBTmMAP,
a0FRg00000FLBTnMAP,
a0FRg00000FLBToMAP,
a0FRg00000FLBTpMAP,
a0FRg00000FLBTqMAP,
a0FRg00000FLBTrMAP,
a0FRg00000FLBTsMAP,
a0FRg00000FLBTtMAP,
a0FRg00000FLBTuMAP,
a0FRg00000FLBTvMAP,
a0FRg00000FLBTwMAP,
a0FRg00000FLBTxMAP,
a0FRg00000FLBTyMAP,
a0FRg00000FLBTzMAP,
a0FRg00000FLBU0MAP,
a0FRg00000FLBU1MAP,
a0FRg00000FLBU2MAP,
a0FRg00000FLBU3MAP,
a0FRg00000FLBU4MAP,
a0FRg00000FLBU5MAP,
a0FRg00000FLBU6MAP,
a0FRg00000FLBU7MAP,
a0FRg00000FLBU8MAP,
a0FRg00000FLBU9MAP,
a0FRg00000FLBUAMA5,
a0FRg00000FLBUBMA5,
a0FRg00000FLBUCMA5,
a0FRg00000FLBUDMA5,
a0FRg00000FLBUEMA5,
a0FRg00000FLBUFMA5,
a0FRg00000FLBUGMA5,
a0FRg00000FLBUHMA5,
a0FRg00000FLBUIMA5,
a0FRg00000FLBUJMA5,
a0FRg00000FLBUKMA5,
a0FRg00000FLBULMA5,
a0FRg00000FLBUMMA5,
a0FRg00000FLBUNMA5,
a0FRg00000FLBUOMA5,
a0FRg00000FLBUPMA5,
a0FRg00000FLBUQMA5,
a0FRg00000FLBURMA5,
a0FRg00000FLBUSMA5,
a0FRg00000FLBUTMA5,
a0FRg00000FLBUUMA5,
a0FRg00000FLBUVMA5,
a0FRg00000FLBUWMA5,
a0FRg00000FLBUXMA5,
a0FRg00000FLBUYMA5,
a0FRg00000FLBUZMA5,
a0FRg00000FLBUaMAP,
a0FRg00000FLBUbMAP,
a0FRg00000FLBUcMAP,
a0FRg00000FLBUdMAP,
a0FRg00000FLBUeMAP,
a0FRg00000FLBUfMAP,
a0FRg00000FLBUgMAP,
a0FRg00000FLBUhMAP,
a0FRg00000FLBUiMAP,
a0FRg00000FLBUjMAP,
a0FRg00000FLBUkMAP,
a0FRg00000FLBUlMAP,
a0FRg00000FLBUmMAP,
a0FRg00000FLBUnMAP,
a0FRg00000FLBUoMAP,
a0FRg00000FLBUpMAP,
a0FRg00000FLBUqMAP,
a0FRg00000FLBUrMAP,
a0FRg00000FLBUsMAP,
a0FRg00000FLBUtMAP,
a0FRg00000FLBUuMAP,
a0FRg00000FLBUvMAP,
a0FRg00000FLBUwMAP,
a0FRg00000FLBUxMAP,
a0FRg00000FLBUyMAP,
a0FRg00000FLBUzMAP,
a0FRg00000FLBV0MAP,
a0FRg00000FLBV1MAP,
a0FRg00000FLBV2MAP,
a0FRg00000FLBV3MAP,
a0FRg00000FLBV4MAP,
a0FRg00000FLBV5MAP,
a0FRg00000FLBV6MAP,
a0FRg00000FLBV7MAP,
a0FRg00000FLBV8MAP,
a0FRg00000FLBV9MAP,
a0FRg00000FLBVAMA5,
a0FRg00000FLBVBMA5,
a0FRg00000FLBVCMA5,
a0FRg00000FLBVDMA5,
a0FRg00000FLBVEMA5,
a0FRg00000FLBVFMA5,
a0FRg00000FLBVGMA5,
a0FRg00000FLBVHMA5,
a0FRg00000FLBVIMA5,
a0FRg00000FLBVJMA5,
a0FRg00000FLBVKMA5,
a0FRg00000FLBVLMA5,
a0FRg00000FLBVMMA5,
a0FRg00000FLBVNMA5,
a0FRg00000FLBVOMA5,
a0FRg00000FLBVPMA5,
a0FRg00000FLBVQMA5,
a0FRg00000FLBVRMA5,
a0FRg00000FLBVSMA5,
a0FRg00000FLBVTMA5,
a0FRg00000FLBVUMA5,
a0FRg00000FLBVVMA5,
a0FRg00000FLBVWMA5,
a0FRg00000FLBVXMA5,
a0FRg00000FLBVYMA5,
a0FRg00000FLBVZMA5,
a0FRg00000FLBVaMAP,
a0FRg00000FLBVbMAP,
a0FRg00000FLBVcMAP,
a0FRg00000FLBVdMAP,
a0FRg00000FLBVeMAP,
a0FRg00000FLBVfMAP,
a0FRg00000FLBVgMAP,
a0FRg00000FLBVhMAP,
a0FRg00000FLBViMAP,
a0FRg00000FLBVjMAP,
a0FRg00000FLBVkMAP,
a0FRg00000FLBVlMAP,
a0FRg00000FLBVmMAP,
a0FRg00000FLBVnMAP,
a0FRg00000FLBVoMAP,
a0FRg00000FLBVpMAP,
a0FRg00000FLBVqMAP,
a0FRg00000FLBVrMAP,
a0FRg00000FLBVsMAP,
a0FRg00000FLBVtMAP,
a0FRg00000FLBVuMAP,
a0FRg00000FLBVvMAP,
a0FRg00000FLBVwMAP,
a0FRg00000FLBVxMAP,
a0FRg00000FLBVyMAP,
a0FRg00000FLBVzMAP,
a0FRg00000FLBW0MAP,
a0FRg00000FLBW1MAP,
a0FRg00000FLBW2MAP,
a0FRg00000FLBW3MAP,
a0FRg00000FLBW4MAP,
a0FRg00000FLBW5MAP,
a0FRg00000FLBW6MAP,
a0FRg00000FLBW7MAP,
a0FRg00000FLBW8MAP,
a0FRg00000FLBW9MAP,
a0FRg00000FLBWAMA5,
a0FRg00000FLBWBMA5,
a0FRg00000FLBWCMA5,
a0FRg00000FLBWDMA5,
a0FRg00000FLBWEMA5,
a0FRg00000FLBWFMA5,
a0FRg00000FLBWGMA5,
a0FRg00000FLBWHMA5,
a0FRg00000FLBWIMA5,
a0FRg00000FLBWJMA5,
a0FRg00000FLBWKMA5,
a0FRg00000FLBWLMA5,
a0FRg00000FLBWMMA5,
a0FRg00000FLBWNMA5,
a0FRg00000FLBWOMA5,
a0FRg00000FLBWPMA5,
a0FRg00000FLBWQMA5,
a0FRg00000FLBWRMA5,
a0FRg00000FLBWSMA5,
a0FRg00000FLBWTMA5,
a0FRg00000FLBWUMA5,
a0FRg00000FLBWVMA5,
a0FRg00000FLBWWMA5,
a0FRg00000FLBWXMA5,
a0FRg00000FLBWYMA5,
a0FRg00000FLBWZMA5,
a0FRg00000FLBWaMAP,
a0FRg00000FLBWbMAP,
a0FRg00000FLBWcMAP,
a0FRg00000FLBWdMAP,
a0FRg00000FLBWeMAP,
a0FRg00000FLBWfMAP,
a0FRg00000FLBWgMAP,
a0FRg00000FLBWhMAP,
a0FRg00000FLBWiMAP,
a0FRg00000FLBWjMAP,
a0FRg00000FLBWkMAP,
a0FRg00000FLBWlMAP,
a0FRg00000FLBWmMAP,
a0FRg00000FLBWnMAP,
a0FRg00000FLBWoMAP,
a0FRg00000FLBWpMAP,
a0FRg00000FLBWqMAP,
a0FRg00000FLBWrMAP,
a0FRg00000FLBWsMAP,
a0FRg00000FLBWtMAP,
a0FRg00000FLBWuMAP,
a0FRg00000FLBWvMAP,
a0FRg00000FLBWwMAP,
a0FRg00000FLBWxMAP,
a0FRg00000FLBWyMAP,
a0FRg00000FLBWzMAP,
a0FRg00000FLBX0MAP,
a0FRg00000FLBX1MAP,
a0FRg00000FLBX2MAP,
a0FRg00000FLBX3MAP,
a0FRg00000FLBX4MAP,
a0FRg00000FLBX5MAP,
a0FRg00000FLBX6MAP,
a0FRg00000FLBX7MAP,
a0FRg00000FLBX8MAP,
a0FRg00000FLBX9MAP,
a0FRg00000FLBXAMA5,
a0FRg00000FLBXBMA5,
a0FRg00000FLBXCMA5,
a0FRg00000FLBXDMA5,
a0FRg00000FLBXEMA5,
a0FRg00000FLBXFMA5,
a0FRg00000FLBXGMA5,
a0FRg00000FLBXHMA5,
a0FRg00000FLBXIMA5,
a0FRg00000FLBXJMA5,
a0FRg00000FLBXKMA5,
a0FRg00000FLBXLMA5,
a0FRg00000FLBXMMA5,
a0FRg00000FLBXNMA5,
a0FRg00000FLBXOMA5,
a0FRg00000FLBXPMA5,
a0FRg00000FLBXQMA5,
a0FRg00000FLBXRMA5,
a0FRg00000FLBXSMA5,
a0FRg00000FLBXTMA5,
a0FRg00000FLBXUMA5,
a0FRg00000FLBXVMA5,
a0FRg00000FLBXWMA5,
a0FRg00000FLBXXMA5,
a0FRg00000FLBXYMA5,
a0FRg00000FLBXZMA5,
a0FRg00000FLBXaMAP,
a0FRg00000FLBXbMAP,
a0FRg00000FLBXcMAP,
a0FRg00000FLBXdMAP,
a0FRg00000FLBXeMAP,
a0FRg00000FLBXfMAP,
a0FRg00000FLBXgMAP,
a0FRg00000FLBXhMAP,
a0FRg00000FLBXiMAP,
a0FRg00000FLBXjMAP,
a0FRg00000FLBXkMAP,
a0FRg00000FLBXlMAP,
a0FRg00000FLBXmMAP,
a0FRg00000FLBXnMAP,
a0FRg00000FLBXoMAP,
a0FRg00000FLBXpMAP,
a0FRg00000FLBXqMAP,
a0FRg00000FLBXrMAP,
a0FRg00000FLBXsMAP,
a0FRg00000FLBXtMAP,
a0FRg00000FLBXuMAP,
a0FRg00000FLBXvMAP,
a0FRg00000FLBXwMAP,
a0FRg00000FLBXxMAP,
a0FRg00000FLBXyMAP,
a0FRg00000FLBXzMAP,
a0FRg00000FLBY0MAP,
a0FRg00000FLBY1MAP,
a0FRg00000FLBY2MAP,
a0FRg00000FLBY3MAP,
a0FRg00000FLBY4MAP,
a0FRg00000FLBY5MAP,
a0FRg00000FLBY6MAP,
a0FRg00000FLBY7MAP,
a0FRg00000FLBY8MAP,
a0FRg00000FLBY9MAP,
a0FRg00000FLBYAMA5,
a0FRg00000FLBYBMA5,
a0FRg00000FLBYCMA5,
a0FRg00000FLBYDMA5,
a0FRg00000FLBYEMA5,
a0FRg00000FLBYFMA5,
a0FRg00000FLBYGMA5,
a0FRg00000FLBYHMA5,
a0FRg00000FLBYIMA5,
a0FRg00000FLBYJMA5,
a0FRg00000FLBYKMA5,
a0FRg00000FLBYLMA5,
a0FRg00000FLBYMMA5,
a0FRg00000FLBYNMA5,
a0FRg00000FLBYOMA5,
a0FRg00000FLBYPMA5,
a0FRg00000FLBYQMA5,
a0FRg00000FLBYRMA5,
a0FRg00000FLBYSMA5,
a0FRg00000FLBYTMA5,
a0FRg00000FLBYUMA5,
a0FRg00000FLBYVMA5,
a0FRg00000FLBYWMA5,
a0FRg00000FLBYXMA5,
a0FRg00000FLBYYMA5,
a0FRg00000FLBYZMA5,
a0FRg00000FLBYaMAP,
a0FRg00000FLBYbMAP,
a0FRg00000FLBYcMAP,
a0FRg00000FLBYdMAP,
a0FRg00000FLBYeMAP,
a0FRg00000FLBYfMAP,
a0FRg00000FLBYgMAP,
a0FRg00000FLBYhMAP,
a0FRg00000FLBYiMAP,
a0FRg00000FLBYjMAP,
a0FRg00000FLBYkMAP,
a0FRg00000FLBYlMAP,
a0FRg00000FLBYmMAP,
a0FRg00000FLBYnMAP,
a0FRg00000FLBYoMAP,
a0FRg00000FLBYpMAP,
a0FRg00000FLBYqMAP,
a0FRg00000FLBYrMAP,
a0FRg00000FLBYsMAP,
a0FRg00000FLBYtMAP,
a0FRg00000FLBYuMAP,
a0FRg00000FLBYvMAP,
a0FRg00000FLBYwMAP,
a0FRg00000FLBYxMAP,
a0FRg00000FLBYyMAP,
a0FRg00000FLBYzMAP,
a0FRg00000FLBZ0MAP,
a0FRg00000FLBZ1MAP,
a0FRg00000FLBZ2MAP,
a0FRg00000FLBZ3MAP,
a0FRg00000FLBZ4MAP,
a0FRg00000FLBZ5MAP,
a0FRg00000FLBZ6MAP,
a0FRg00000FLBZ7MAP,
a0FRg00000FLBZ8MAP,
a0FRg00000FLBZ9MAP,
a0FRg00000FLBZAMA5,
a0FRg00000FLBZBMA5,
a0FRg00000FLBZCMA5,
a0FRg00000FLBZDMA5,
a0FRg00000FLBZEMA5,
a0FRg00000FLBZFMA5,
a0FRg00000FLBZGMA5,
a0FRg00000FLBZHMA5,
a0FRg00000FLBZIMA5,
a0FRg00000FLBZJMA5,
a0FRg00000FLBZKMA5,
a0FRg00000FLBZLMA5,
a0FRg00000FLBZMMA5,
a0FRg00000FLBZNMA5,
a0FRg00000FLBZOMA5,
a0FRg00000FLBZPMA5,
a0FRg00000FLBZQMA5,
a0FRg00000FLBZRMA5,
a0FRg00000FLBZSMA5,
a0FRg00000FLBZTMA5,
a0FRg00000FLBZUMA5,
a0FRg00000FLBZVMA5,
a0FRg00000FLBZWMA5,
a0FRg00000FLBZXMA5,
a0FRg00000FLBZYMA5,
a0FRg00000FLBZZMA5,
a0FRg00000FLBZaMAP,
a0FRg00000FLBZbMAP,
a0FRg00000FLBZcMAP,
a0FRg00000FLBZdMAP,
a0FRg00000FLBZeMAP,
a0FRg00000FLBZfMAP,
a0FRg00000FLBZgMAP,
a0FRg00000FLBZhMAP,
a0FRg00000FLBZiMAP,
a0FRg00000FLBZjMAP,
a0FRg00000FLBZkMAP,
a0FRg00000FLBZlMAP,
a0FRg00000FLBZmMAP,
a0FRg00000FLBZnMAP,
a0FRg00000FLBZoMAP,
a0FRg00000FLBZpMAP,
a0FRg00000FLBZqMAP,
a0FRg00000FLBZrMAP,
a0FRg00000FLBZsMAP,
a0FRg00000FLBZtMAP,
a0FRg00000FLBZuMAP,
a0FRg00000FLBZvMAP,
a0FRg00000FLBZwMAP,
a0FRg00000FLBZxMAP,
a0FRg00000FLBZyMAP,
a0FRg00000FLBZzMAP,
a0FRg00000FLBa0MAH,
a0FRg00000FLBa1MAH,
a0FRg00000FLBa2MAH,
a0FRg00000FLBa3MAH,
a0FRg00000FLBa4MAH,
a0FRg00000FLBa5MAH,
a0FRg00000FLBa6MAH,
a0FRg00000FLBa7MAH,
a0FRg00000FLBa8MAH,
a0FRg00000FLBa9MAH,
a0FRg00000FLBaAMAX,
a0FRg00000FLBaBMAX,
a0FRg00000FLBaCMAX,
a0FRg00000FLBaDMAX,
a0FRg00000FLBaEMAX,
a0FRg00000FLBaFMAX,
a0FRg00000FLBaGMAX,
a0FRg00000FLBaHMAX,
a0FRg00000FLBaIMAX,
a0FRg00000FLBaJMAX,
a0FRg00000FLBaKMAX,
a0FRg00000FLBaLMAX,
a0FRg00000FLBaMMAX,
a0FRg00000FLBaNMAX,
a0FRg00000FLBaOMAX,
a0FRg00000FLBaPMAX,
a0FRg00000FLBaQMAX,
a0FRg00000FLBaRMAX,
a0FRg00000FLBaSMAX,
a0FRg00000FLBaTMAX,
a0FRg00000FLBaUMAX,
a0FRg00000FLBaVMAX,
a0FRg00000FLBaWMAX,
a0FRg00000FLBaXMAX,
a0FRg00000FLBaYMAX,
a0FRg00000FLBaZMAX,
a0FRg00000FLBaaMAH,
a0FRg00000FLBabMAH,
a0FRg00000FLBacMAH,
a0FRg00000FLBadMAH,
a0FRg00000FLBaeMAH,
a0FRg00000FLBafMAH,
a0FRg00000FLBagMAH,
a0FRg00000FLBahMAH,
a0FRg00000FLBaiMAH,
a0FRg00000FLBajMAH,
a0FRg00000FLBakMAH,
a0FRg00000FLBalMAH,
a0FRg00000FLBamMAH,
a0FRg00000FLBanMAH,
a0FRg00000FLBaoMAH,
a0FRg00000FLBapMAH,
a0FRg00000FLBaqMAH,
a0FRg00000FLBarMAH,
a0FRg00000FLBasMAH,
a0FRg00000FLBatMAH,
a0FRg00000FLBauMAH,
a0FRg00000FLBavMAH,
a0FRg00000FLBawMAH,
a0FRg00000FLBaxMAH,
a0FRg00000FLBayMAH,
a0FRg00000FLBazMAH,
a0FRg00000FLBb0MAH,
a0FRg00000FLBb1MAH,
a0FRg00000FLBb2MAH,
a0FRg00000FLBb3MAH,
a0FRg00000FLBb4MAH,
a0FRg00000FLBb5MAH,
a0FRg00000FLBb6MAH,
a0FRg00000FLBb7MAH,
a0FRg00000FLBb8MAH,
a0FRg00000FLBb9MAH,
a0FRg00000FLBbAMAX,
a0FRg00000FLBbBMAX,
a0FRg00000FLBbCMAX,
a0FRg00000FLBbDMAX,
a0FRg00000FLBbEMAX,
a0FRg00000FLBbFMAX,
a0FRg00000FLBbGMAX,
a0FRg00000FLBbHMAX,
a0FRg00000FLBbIMAX,
a0FRg00000FLBbJMAX,
a0FRg00000FLBbKMAX,
a0FRg00000FLBbLMAX,
a0FRg00000FLBbMMAX,
a0FRg00000FLBbNMAX,
a0FRg00000FLBbOMAX,
a0FRg00000FLBbPMAX,
a0FRg00000FLBbQMAX,
a0FRg00000FLBbRMAX,
a0FRg00000FLBbSMAX,
a0FRg00000FLBbTMAX,
a0FRg00000FLBbUMAX,
a0FRg00000FLBbVMAX,
a0FRg00000FLBbWMAX,
a0FRg00000FLBbXMAX,
a0FRg00000FLBbYMAX,
a0FRg00000FLBbZMAX,
a0FRg00000FLBbaMAH,
a0FRg00000FLBbbMAH,
a0FRg00000FLBbcMAH,
a0FRg00000FLBbdMAH,
a0FRg00000FLBbeMAH,
a0FRg00000FLBbfMAH,
a0FRg00000FLBbgMAH,
a0FRg00000FLBbhMAH,
a0FRg00000FLBbiMAH,
a0FRg00000FLBbjMAH,
a0FRg00000FLBbkMAH,
a0FRg00000FLBblMAH,
a0FRg00000FLBbmMAH,
a0FRg00000FLBbnMAH,
a0FRg00000FLBboMAH,
a0FRg00000FLBbpMAH,
a0FRg00000FLBbqMAH,
a0FRg00000FLBbrMAH,
a0FRg00000FLBbsMAH,
a0FRg00000FLBbtMAH,
a0FRg00000FLBbuMAH,
a0FRg00000FLBbvMAH,
a0FRg00000FLBbwMAH,
a0FRg00000FLBbxMAH,
a0FRg00000FLBbyMAH,
a0FRg00000FLBbzMAH,
a0FRg00000FLBc0MAH,
a0FRg00000FLBc1MAH,
a0FRg00000FLBc2MAH,
a0FRg00000FLBc3MAH,
a0FRg00000FLBc4MAH,
a0FRg00000FLBc5MAH,
a0FRg00000FLBc6MAH,
a0FRg00000FLBc7MAH,
a0FRg00000FLBc8MAH,
a0FRg00000FLBc9MAH,
a0FRg00000FLBcAMAX,
a0FRg00000FLBcBMAX,
a0FRg00000FLBcCMAX,
a0FRg00000FLBcDMAX,
a0FRg00000FLBcEMAX,
a0FRg00000FLBcFMAX,
a0FRg00000FLBcGMAX,
a0FRg00000FLBcHMAX,
a0FRg00000FLBcIMAX,
a0FRg00000FLBcJMAX,
a0FRg00000FLBcKMAX,
a0FRg00000FLBcLMAX,
a0FRg00000FLBcMMAX,
a0FRg00000FLBcNMAX,
a0FRg00000FLBcOMAX,
a0FRg00000FLBcPMAX,
a0FRg00000FLBcQMAX,
a0FRg00000FLBcRMAX,
a0FRg00000FLBcSMAX,
a0FRg00000FLBcTMAX,
a0FRg00000FLBcUMAX,
a0FRg00000FLBcVMAX,
a0FRg00000FLBcWMAX,
a0FRg00000FLBcXMAX,
a0FRg00000FLBcYMAX,
a0FRg00000FLBcZMAX,
a0FRg00000FLBcaMAH,
a0FRg00000FLBcbMAH,
a0FRg00000FLBccMAH,
a0FRg00000FLBcdMAH,
a0FRg00000FLBceMAH,
a0FRg00000FLBcfMAH,
a0FRg00000FLBcgMAH,
a0FRg00000FLBchMAH,
a0FRg00000FLBciMAH,
a0FRg00000FLBcjMAH,
a0FRg00000FLBckMAH,
a0FRg00000FLBclMAH,
a0FRg00000FLBcmMAH,
a0FRg00000FLBcnMAH,
a0FRg00000FLBcoMAH,
a0FRg00000FLBcpMAH,
a0FRg00000FLBcqMAH,
a0FRg00000FLBcrMAH,
a0FRg00000FLBcsMAH,
a0FRg00000FLBctMAH,
a0FRg00000FLBcuMAH,
a0FRg00000FLBcvMAH,
a0FRg00000FLBcwMAH,
a0FRg00000FLBcxMAH,
a0FRg00000FLBcyMAH,
a0FRg00000FLBczMAH,
a0FRg00000FLBd0MAH,
a0FRg00000FLBd1MAH,
a0FRg00000FLBd2MAH,
a0FRg00000FLBd3MAH,
a0FRg00000FLBd4MAH,
a0FRg00000FLBd5MAH,
a0FRg00000FLBd6MAH,
a0FRg00000FLBd7MAH,
a0FRg00000FLBd8MAH,
a0FRg00000FLBd9MAH,
a0FRg00000FLBdAMAX,
a0FRg00000FLBdBMAX,
a0FRg00000FLBdCMAX,
a0FRg00000FLBdDMAX,
a0FRg00000FLBdEMAX,
a0FRg00000FLBdFMAX,
a0FRg00000FLBdGMAX,
a0FRg00000FLBdHMAX,
a0FRg00000FLBdIMAX,
a0FRg00000FLBdJMAX,
a0FRg00000FLBdKMAX,
a0FRg00000FLBdLMAX,
a0FRg00000FLBdMMAX,
a0FRg00000FLBdNMAX,
a0FRg00000FLBdOMAX,
a0FRg00000FLBdPMAX,
a0FRg00000FLBdQMAX,
a0FRg00000FLBdRMAX,
a0FRg00000FLBdSMAX,
a0FRg00000FLBdTMAX,
a0FRg00000FLBdUMAX,
a0FRg00000FLBdVMAX,
a0FRg00000FLBdWMAX,
a0FRg00000FLBdXMAX,
a0FRg00000FLBdYMAX,
a0FRg00000FLBdZMAX,
a0FRg00000FLBdaMAH,
a0FRg00000FLBdbMAH,
a0FRg00000FLBdcMAH,
a0FRg00000FLBddMAH,
a0FRg00000FLBdeMAH,
a0FRg00000FLBdfMAH,
a0FRg00000FLBdgMAH,
a0FRg00000FLBdhMAH,
a0FRg00000FLBdiMAH,
a0FRg00000FLBdjMAH,
a0FRg00000FLBdkMAH,
a0FRg00000FLBdlMAH,
a0FRg00000FLBdmMAH,
a0FRg00000FLBdnMAH,
a0FRg00000FLBdoMAH,
a0FRg00000FLBdpMAH,
a0FRg00000FLBdqMAH,
a0FRg00000FLBdrMAH,
a0FRg00000FLBdsMAH,
a0FRg00000FLBdtMAH,
a0FRg00000FLBduMAH,
a0FRg00000FLBdvMAH,
a0FRg00000FLBdwMAH,
a0FRg00000FLBdxMAH,
a0FRg00000FLBdyMAH,
a0FRg00000FLBdzMAH,
a0FRg00000FLBe0MAH,
a0FRg00000FLBe1MAH,
a0FRg00000FLBe2MAH,
a0FRg00000FLBe3MAH,
a0FRg00000FLBe4MAH,
a0FRg00000FLBe5MAH,
a0FRg00000FLBe6MAH,
a0FRg00000FLBe7MAH,
a0FRg00000FLBe8MAH,
a0FRg00000FLBflMAH,
a0FRg00000FLBfmMAH,
a0FRg00000FLBfnMAH,
a0FRg00000FLBfoMAH,
a0FRg00000FLBfpMAH,
a0FRg00000FLBfqMAH,
a0FRg00000FLBfrMAH,
a0FRg00000FLBfsMAH,
a0FRg00000FLBftMAH,
a0FRg00000FLBfuMAH,
a0FRg00000FLBfvMAH,
a0FRg00000FLBfwMAH,
a0FRg00000FLBfxMAH,
a0FRg00000FLBfyMAH,
a0FRg00000FLBfzMAH,
a0FRg00000FLBg0MAH,
a0FRg00000FLBg1MAH,
a0FRg00000FLBg2MAH,
a0FRg00000FLBg3MAH,
a0FRg00000FLBg4MAH,
a0FRg00000FLBg5MAH,
a0FRg00000FLBg6MAH,
a0FRg00000FLBg7MAH,
a0FRg00000FLBg8MAH,
a0FRg00000FLBg9MAH,
a0FRg00000FLBgAMAX,
a0FRg00000FLBgBMAX,
a0FRg00000FLBgCMAX,
a0FRg00000FLBgDMAX,
a0FRg00000FLBgEMAX,
a0FRg00000FLBgFMAX,
a0FRg00000FLBgGMAX,
a0FRg00000FLBgHMAX,
a0FRg00000FLBgIMAX,
a0FRg00000FLBgJMAX,
a0FRg00000FLBgKMAX,
a0FRg00000FLBgLMAX,
a0FRg00000FLBgMMAX,
a0FRg00000FLBgNMAX,
a0FRg00000FLBgOMAX,
a0FRg00000FLBgPMAX,
a0FRg00000FLBgQMAX,
a0FRg00000FLBgRMAX,
a0FRg00000FLBgSMAX,
a0FRg00000FLBgTMAX,
a0FRg00000FLBgUMAX,
a0FRg00000FLBgVMAX,
a0FRg00000FLBgWMAX,
a0FRg00000FLBgXMAX,
a0FRg00000FLBgYMAX,
a0FRg00000FLBgZMAX,
a0FRg00000FLBgaMAH,
a0FRg00000FLBgbMAH,
a0FRg00000FLBgcMAH,
a0FRg00000FLBgdMAH,
a0FRg00000FLBgeMAH,
a0FRg00000FLBgfMAH,
a0FRg00000FLBggMAH,
a0FRg00000FLBghMAH,
a0FRg00000FLBgiMAH,
a0FRg00000FLBgjMAH,
a0FRg00000FLBgkMAH,
a0FRg00000FLBglMAH,
a0FRg00000FLBgmMAH,
a0FRg00000FLBgnMAH,
a0FRg00000FLBgoMAH,
a0FRg00000FLBgpMAH,
a0FRg00000FLBgqMAH,
a0FRg00000FLBgrMAH,
a0FRg00000FLBgsMAH,
a0FRg00000FLBgtMAH,
a0FRg00000FLBguMAH,
a0FRg00000FLBgvMAH,
a0FRg00000FLBgwMAH,
a0FRg00000FLBgxMAH,
a0FRg00000FLBgyMAH,
a0FRg00000FLBgzMAH,
a0FRg00000FLBh0MAH,
a0FRg00000FLBh1MAH,
a0FRg00000FLBh2MAH,
a0FRg00000FLBh3MAH,
a0FRg00000FLBh4MAH,
a0FRg00000FLBh5MAH,
a0FRg00000FLBh6MAH,
a0FRg00000FLBh7MAH,
a0FRg00000FLBh8MAH,
a0FRg00000FLBh9MAH,
a0FRg00000FLBhAMAX,
a0FRg00000FLBhBMAX,
a0FRg00000FLBhCMAX,
a0FRg00000FLBhDMAX,
a0FRg00000FLBhEMAX,
a0FRg00000FLBhFMAX,
a0FRg00000FLBhGMAX,
a0FRg00000FLBhHMAX,
a0FRg00000FLBhIMAX,
a0FRg00000FLBhJMAX,
a0FRg00000FLBhKMAX,
a0FRg00000FLBhLMAX,
a0FRg00000FLBhMMAX,
a0FRg00000FLBhNMAX,
a0FRg00000FLBhOMAX,
a0FRg00000FLBhPMAX,
a0FRg00000FLBhQMAX,
a0FRg00000FLBhRMAX,
a0FRg00000FLBhSMAX,
a0FRg00000FLBhTMAX,
a0FRg00000FLBhUMAX,
a0FRg00000FLBhVMAX,
a0FRg00000FLBhWMAX,
a0FRg00000FLBhXMAX,
a0FRg00000FLBhYMAX,
a0FRg00000FLBhZMAX,
a0FRg00000FLBhaMAH,
a0FRg00000FLBhbMAH,
a0FRg00000FLBhcMAH,
a0FRg00000FLBhdMAH,
a0FRg00000FLBheMAH,
a0FRg00000FLBhfMAH,
a0FRg00000FLBhgMAH,
a0FRg00000FLBhhMAH,
a0FRg00000FLBhiMAH,
a0FRg00000FLBhjMAH,
a0FRg00000FLBhkMAH,
a0FRg00000FLBhlMAH,
a0FRg00000FLBhmMAH,
a0FRg00000FLBhnMAH,
a0FRg00000FLBhoMAH,
a0FRg00000FLBhpMAH,
a0FRg00000FLBhqMAH,
a0FRg00000FLBhrMAH,
a0FRg00000FLBhsMAH,
a0FRg00000FLBhtMAH,
a0FRg00000FLBhuMAH,
a0FRg00000FLBhvMAH,
a0FRg00000FLBhwMAH,
a0FRg00000FLBhxMAH,
a0FRg00000FLBhyMAH,
a0FRg00000FLBhzMAH,
a0FRg00000FLBi0MAH,
a0FRg00000FLBi1MAH,
a0FRg00000FLBi2MAH,
a0FRg00000FLBi3MAH,
a0FRg00000FLBi4MAH,
a0FRg00000FLBi5MAH,
a0FRg00000FLBi6MAH,
a0FRg00000FLBi7MAH,
a0FRg00000FLBi8MAH,
a0FRg00000FLBi9MAH,
a0FRg00000FLBiAMAX,
a0FRg00000FLBiBMAX,
a0FRg00000FLBiCMAX,
a0FRg00000FLBiDMAX,
a0FRg00000FLBiEMAX,
a0FRg00000FLBiFMAX,
a0FRg00000FLBiGMAX,
a0FRg00000FLBiHMAX,
a0FRg00000FLBiIMAX,
a0FRg00000FLBiJMAX,
a0FRg00000FLBiKMAX,
a0FRg00000FLBiLMAX,
a0FRg00000FLBiMMAX,
a0FRg00000FLBiNMAX,
a0FRg00000FLBiOMAX,
a0FRg00000FLBiPMAX,
a0FRg00000FLBiQMAX,
a0FRg00000FLBiRMAX,
a0FRg00000FLBiSMAX,
a0FRg00000FLBiTMAX,
a0FRg00000FLBiUMAX,
a0FRg00000FLBiVMAX,
a0FRg00000FLBiWMAX,
a0FRg00000FLBiXMAX,
a0FRg00000FLBiYMAX,
a0FRg00000FLBiZMAX,
a0FRg00000FLBiaMAH,
a0FRg00000FLBibMAH,
a0FRg00000FLBicMAH,
a0FRg00000FLBidMAH,
a0FRg00000FLBieMAH,
a0FRg00000FLBifMAH,
a0FRg00000FLBigMAH,
a0FRg00000FLBihMAH,
a0FRg00000FLBiiMAH,
a0FRg00000FLBijMAH,
a0FRg00000FLBikMAH,
a0FRg00000FLBilMAH,
a0FRg00000FLBimMAH,
a0FRg00000FLBinMAH,
a0FRg00000FLBioMAH,
a0FRg00000FLBipMAH,
a0FRg00000FLBiqMAH,
a0FRg00000FLBirMAH,
a0FRg00000FLBisMAH,
a0FRg00000FLBitMAH,
a0FRg00000FLBiuMAH,
a0FRg00000FLBivMAH,
a0FRg00000FLBiwMAH,
a0FRg00000FLBixMAH,
a0FRg00000FLBiyMAH,
a0FRg00000FLBizMAH,
a0FRg00000FLBj0MAH,
a0FRg00000FLBj1MAH,
a0FRg00000FLBj2MAH,
a0FRg00000FLBj3MAH,
a0FRg00000FLBj4MAH,
a0FRg00000FLBj5MAH,
a0FRg00000FLBj6MAH,
a0FRg00000FLBj7MAH,
a0FRg00000FLBj8MAH,
a0FRg00000FLBj9MAH,
a0FRg00000FLBjAMAX,
a0FRg00000FLBjBMAX,
a0FRg00000FLBjCMAX,
a0FRg00000FLBjDMAX,
a0FRg00000FLBjEMAX,
a0FRg00000FLBjFMAX,
a0FRg00000FLBjGMAX,
a0FRg00000FLBjHMAX,
a0FRg00000FLBjIMAX,
a0FRg00000FLBjJMAX,
a0FRg00000FLBjKMAX,
a0FRg00000FLBjLMAX,
a0FRg00000FLBjMMAX,
a0FRg00000FLBjNMAX,
a0FRg00000FLBjOMAX,
a0FRg00000FLBjPMAX,
a0FRg00000FLBjQMAX,
a0FRg00000FLBjRMAX,
a0FRg00000FLBjSMAX,
a0FRg00000FLBjTMAX,
a0FRg00000FLBjUMAX,
a0FRg00000FLBjVMAX,
a0FRg00000FLBjWMAX,
a0FRg00000FLBjXMAX,
a0FRg00000FLBjYMAX,
a0FRg00000FLBjZMAX,
a0FRg00000FLBjaMAH,
a0FRg00000FLBjbMAH,
a0FRg00000FLBjcMAH,
a0FRg00000FLBjdMAH,
a0FRg00000FLBjeMAH,
a0FRg00000FLBjfMAH,
a0FRg00000FLBjgMAH,
a0FRg00000FLBr3MAH,
a0FRg00000FLBr4MAH,
a0FRg00000FLBr5MAH,
a0FRg00000FLBr6MAH,
a0FRg00000FLBr7MAH,
a0FRg00000FLBr8MAH,
a0FRg00000FLBr9MAH,
a0FRg00000FLBrAMAX,
a0FRg00000FLBrBMAX,
a0FRg00000FLBrCMAX,
a0FRg00000FLBrDMAX,
a0FRg00000FLBrEMAX,
a0FRg00000FLBrFMAX,
a0FRg00000FLBrGMAX,
a0FRg00000FLBrHMAX,
a0FRg00000FLBrIMAX,
a0FRg00000FLBrJMAX,
a0FRg00000FLBrKMAX,
a0FRg00000FLBrLMAX,
a0FRg00000FLBrMMAX,
a0FRg00000FLBrNMAX,
a0FRg00000FLBrOMAX,
a0FRg00000FLBrPMAX,
a0FRg00000FLBrQMAX,
a0FRg00000FLBrRMAX,
a0FRg00000FLBrSMAX,
a0FRg00000FLBrTMAX,
a0FRg00000FLBrUMAX,
a0FRg00000FLBrVMAX,
a0FRg00000FLBrWMAX,
a0FRg00000FLBrXMAX,
a0FRg00000FLBrYMAX,
a0FRg00000FLBrZMAX,
a0FRg00000FLBraMAH,
a0FRg00000FLBrbMAH,
a0FRg00000FLBrcMAH,
a0FRg00000FLBrdMAH,
a0FRg00000FLBreMAH,
a0FRg00000FLBrfMAH,
a0FRg00000FLBrgMAH,
a0FRg00000FLBrhMAH,
a0FRg00000FLBriMAH,
a0FRg00000FLBrjMAH,
a0FRg00000FLBrkMAH,
a0FRg00000FLBrlMAH,
a0FRg00000FLBrmMAH,
a0FRg00000FLBrnMAH,
a0FRg00000FLBroMAH,
a0FRg00000FLBrpMAH,
a0FRg00000FLBrqMAH,
a0FRg00000FLBrrMAH,
a0FRg00000FLBrsMAH,
a0FRg00000FLBrtMAH,
a0FRg00000FLBruMAH,
a0FRg00000FLBrvMAH,
a0FRg00000FLBrwMAH,
a0FRg00000FLBrxMAH,
a0FRg00000FLBryMAH,
a0FRg00000FLBrzMAH,
a0FRg00000FLBs0MAH,
a0FRg00000FLBs1MAH,
a0FRg00000FLBs2MAH,
a0FRg00000FLBs3MAH,
a0FRg00000FLBs4MAH,
a0FRg00000FLBs5MAH,
a0FRg00000FLBs6MAH,
a0FRg00000FLBs7MAH,
a0FRg00000FLBs8MAH,
a0FRg00000FLBs9MAH,
a0FRg00000FLBsAMAX,
a0FRg00000FLBsBMAX,
a0FRg00000FLBsCMAX,
a0FRg00000FLBsDMAX,
a0FRg00000FLBsEMAX,
a0FRg00000FLBsFMAX,
a0FRg00000FLBsGMAX,
a0FRg00000FLBsHMAX,
a0FRg00000FLBsIMAX,
a0FRg00000FLBsJMAX,
a0FRg00000FLBsKMAX,
a0FRg00000FLBsLMAX,
a0FRg00000FLBsMMAX,
a0FRg00000FLBsNMAX,
a0FRg00000FLBsOMAX,
a0FRg00000FLBsPMAX,
a0FRg00000FLBsQMAX,
a0FRg00000FLBsRMAX,
a0FRg00000FLBsSMAX,
a0FRg00000FLBsTMAX,
a0FRg00000FLBsUMAX,
a0FRg00000FLBsVMAX,
a0FRg00000FLBsWMAX,
a0FRg00000FLBsXMAX,
a0FRg00000FLBsYMAX,
a0FRg00000FLBsZMAX,
a0FRg00000FLBsaMAH,
a0FRg00000FLBsbMAH,
a0FRg00000FLBscMAH,
a0FRg00000FLBsdMAH,
a0FRg00000FLBseMAH,
a0FRg00000FLBsfMAH,
a0FRg00000FLBsgMAH,
a0FRg00000FLBshMAH,
a0FRg00000FLBsiMAH,
a0FRg00000FLBsjMAH,
a0FRg00000FLBskMAH,
a0FRg00000FLBslMAH,
a0FRg00000FLBsmMAH,
a0FRg00000FLBsnMAH,
a0FRg00000FLBsoMAH,
a0FRg00000FLBspMAH,
a0FRg00000FLBsqMAH,
a0FRg00000FLBsrMAH,
a0FRg00000FLBssMAH,
a0FRg00000FLBstMAH,
a0FRg00000FLBsuMAH,
a0FRg00000FLBsvMAH,
a0FRg00000FLBswMAH,
a0FRg00000FLBsxMAH,
a0FRg00000FLBsyMAH,
a0FRg00000FLBszMAH,
a0FRg00000FLBt0MAH,
a0FRg00000FLBt1MAH,
a0FRg00000FLBt2MAH,
a0FRg00000FLBt3MAH,
a0FRg00000FLBt4MAH,
a0FRg00000FLBt5MAH,
a0FRg00000FLBt6MAH,
a0FRg00000FLBt7MAH,
a0FRg00000FLBt8MAH,
a0FRg00000FLBt9MAH,
a0FRg00000FLBtAMAX,
a0FRg00000FLBtBMAX,
a0FRg00000FLBtCMAX,
a0FRg00000FLBtDMAX,
a0FRg00000FLBtEMAX,
a0FRg00000FLBtFMAX,
a0FRg00000FLBtGMAX,
a0FRg00000FLBtHMAX,
a0FRg00000FLBtIMAX,
a0FRg00000FLBtJMAX,
a0FRg00000FLBtKMAX,
a0FRg00000FLBtLMAX,
a0FRg00000FLBtMMAX,
a0FRg00000FLBtNMAX,
a0FRg00000FLBtOMAX,
a0FRg00000FLBtPMAX,
a0FRg00000FLBtQMAX,
a0FRg00000FLBtRMAX,
a0FRg00000FLBtSMAX,
a0FRg00000FLBtTMAX,
a0FRg00000FLBtUMAX,
a0FRg00000FLBtVMAX,
a0FRg00000FLBtWMAX,
a0FRg00000FLBtXMAX,
a0FRg00000FLBtYMAX,
a0FRg00000FLBtZMAX,
a0FRg00000FLBtaMAH,
a0FRg00000FLBtbMAH,
a0FRg00000FLBtcMAH,
a0FRg00000FLBtdMAH,
a0FRg00000FLBteMAH,
a0FRg00000FLBtfMAH,
a0FRg00000FLBtgMAH,
a0FRg00000FLBthMAH,
a0FRg00000FLBtiMAH,
a0FRg00000FLBtjMAH,
a0FRg00000FLBtkMAH,
a0FRg00000FLBtlMAH,
a0FRg00000FLBtmMAH,
a0FRg00000FLBtnMAH,
a0FRg00000FLBtoMAH,
a0FRg00000FLBtpMAH,
a0FRg00000FLBtqMAH,
a0FRg00000FLBtrMAH,
a0FRg00000FLBtsMAH,
a0FRg00000FLBttMAH,
a0FRg00000FLBtuMAH,
a0FRg00000FLBtvMAH,
a0FRg00000FLBtwMAH,
a0FRg00000FLBtxMAH,
a0FRg00000FLBtyMAH,
a0FRg00000FLBtzMAH,
a0FRg00000FLBu0MAH,
a0FRg00000FLBu1MAH,
a0FRg00000FLBu2MAH,
a0FRg00000FLBu3MAH,
a0FRg00000FLBu4MAH,
a0FRg00000FLBu5MAH,
a0FRg00000FLBu6MAH,
a0FRg00000FLBu7MAH,
a0FRg00000FLBu8MAH,
a0FRg00000FLBu9MAH,
a0FRg00000FLBuAMAX,
a0FRg00000FLBuBMAX,
a0FRg00000FLBuCMAX,
a0FRg00000FLBuDMAX,
a0FRg00000FLBuEMAX,
a0FRg00000FLBuFMAX,
a0FRg00000FLBuGMAX,
a0FRg00000FLBuHMAX,
a0FRg00000FLBuIMAX,
a0FRg00000FLBuJMAX,
a0FRg00000FLBuKMAX,
a0FRg00000FLBuLMAX,
a0FRg00000FLBuMMAX,
a0FRg00000FLBuNMAX,
a0FRg00000FLBuOMAX,
a0FRg00000FLBuPMAX,
a0FRg00000FLBuQMAX,
a0FRg00000FLBuRMAX,
a0FRg00000FLBuSMAX,
a0FRg00000FLBuTMAX,
a0FRg00000FLBuUMAX,
a0FRg00000FLBuVMAX,
a0FRg00000FLBuWMAX,
a0FRg00000FLBuXMAX,
a0FRg00000FLBuYMAX,
a0FRg00000FLBuZMAX,
a0FRg00000FLBuaMAH,
a0FRg00000FLBubMAH,
a0FRg00000FLBucMAH,
a0FRg00000FLBudMAH,
a0FRg00000FLBueMAH,
a0FRg00000FLBufMAH,
a0FRg00000FLBugMAH,
a0FRg00000FLBuhMAH,
a0FRg00000FLBuiMAH,
a0FRg00000FLBujMAH,
a0FRg00000FLBukMAH,
a0FRg00000FLBulMAH,
a0FRg00000FLBumMAH,
a0FRg00000FLBunMAH,
a0FRg00000FLBuoMAH,
a0FRg00000FLBupMAH,
a0FRg00000FLBuqMAH,
a0FRg00000FLBurMAH,
a0FRg00000FLBusMAH,
a0FRg00000FLButMAH,
a0FRg00000FLBuuMAH,
a0FRg00000FLBuvMAH,
a0FRg00000FLBuwMAH,
a0FRg00000FLBuxMAH,
a0FRg00000FLBuyMAH,
a0FRg00000FLBuzMAH,
a0FRg00000FLBv0MAH,
a0FRg00000FLBv1MAH,
a0FRg00000FLBv2MAH,
a0FRg00000FLBv3MAH,
a0FRg00000FLBv4MAH,
a0FRg00000FLBv5MAH,
a0FRg00000FLBv6MAH,
a0FRg00000FLBv7MAH,
a0FRg00000FLBv8MAH,
a0FRg00000FLBv9MAH,
a0FRg00000FLBvAMAX,
a0FRg00000FLBvBMAX,
a0FRg00000FLBvCMAX,
a0FRg00000FLBvDMAX,
a0FRg00000FLBvEMAX,
a0FRg00000FLBvFMAX,
a0FRg00000FLBvGMAX,
a0FRg00000FLBvHMAX,
a0FRg00000FLBvIMAX,
a0FRg00000FLBvJMAX,
a0FRg00000FLBvKMAX,
a0FRg00000FLBvLMAX,
a0FRg00000FLBvMMAX,
a0FRg00000FLBvNMAX,
a0FRg00000FLBvOMAX,
a0FRg00000FLBvPMAX,
a0FRg00000FLBvQMAX,
a0FRg00000FLBvRMAX,
a0FRg00000FLBvSMAX,
a0FRg00000FLBvTMAX,
a0FRg00000FLBvUMAX,
a0FRg00000FLBvVMAX,
a0FRg00000FLBvWMAX,
a0FRg00000FLBvXMAX,
a0FRg00000FLBvYMAX,
a0FRg00000FLBvZMAX,
a0FRg00000FLBvaMAH,
a0FRg00000FLBvbMAH,
a0FRg00000FLBvcMAH,
a0FRg00000FLBvdMAH,
a0FRg00000FLBveMAH,
a0FRg00000FLBvfMAH,
a0FRg00000FLBvgMAH,
a0FRg00000FLBvhMAH,
a0FRg00000FLBviMAH,
a0FRg00000FLBvjMAH,
a0FRg00000FLBvkMAH,
a0FRg00000FLBvlMAH,
a0FRg00000FLBvmMAH,
a0FRg00000FLBvnMAH,
a0FRg00000FLBvoMAH,
a0FRg00000FLBvpMAH,
a0FRg00000FLBvqMAH,
a0FRg00000FLBvrMAH,
a0FRg00000FLBvsMAH,
a0FRg00000FLBvtMAH,
a0FRg00000FLBvuMAH,
a0FRg00000FLBvvMAH,
a0FRg00000FLBvwMAH,
a0FRg00000FLBvxMAH,
a0FRg00000FLBvyMAH,
a0FRg00000FLBvzMAH,
a0FRg00000FLBw0MAH,
a0FRg00000FLBw1MAH,
a0FRg00000FLBw2MAH,
a0FRg00000FLBw3MAH,
a0FRg00000FLBw4MAH,
a0FRg00000FLBw5MAH,
a0FRg00000FLBw6MAH,
a0FRg00000FLBw7MAH,
a0FRg00000FLBw8MAH,
a0FRg00000FLBw9MAH,
a0FRg00000FLBwAMAX,
a0FRg00000FLBwBMAX,
a0FRg00000FLBwCMAX,
a0FRg00000FLBwDMAX,
a0FRg00000FLBwEMAX,
a0FRg00000FLBwFMAX,
a0FRg00000FLBwGMAX,
a0FRg00000FLBwHMAX,
a0FRg00000FLBwIMAX,
a0FRg00000FLBwJMAX,
a0FRg00000FLBwKMAX,
a0FRg00000FLBwLMAX,
a0FRg00000FLBwMMAX,
a0FRg00000FLBwNMAX,
a0FRg00000FLBwOMAX,
a0FRg00000FLBwPMAX,
a0FRg00000FLBwQMAX,
a0FRg00000FLBwRMAX,
a0FRg00000FLBwSMAX,
a0FRg00000FLBwTMAX,
a0FRg00000FLBwUMAX,
a0FRg00000FLBwVMAX,
a0FRg00000FLBwWMAX,
a0FRg00000FLBwXMAX,
a0FRg00000FLBwYMAX,
a0FRg00000FLBwZMAX,
a0FRg00000FLBwaMAH,
a0FRg00000FLBwbMAH,
a0FRg00000FLBwcMAH,
a0FRg00000FLBwdMAH,
a0FRg00000FLBweMAH,
a0FRg00000FLBwfMAH,
a0FRg00000FLBwgMAH,
a0FRg00000FLBwhMAH,
a0FRg00000FLBwiMAH,
a0FRg00000FLBwjMAH,
a0FRg00000FLBwkMAH,
a0FRg00000FLBwlMAH,
a0FRg00000FLBwmMAH,
a0FRg00000FLBwnMAH,
a0FRg00000FLBwoMAH,
a0FRg00000FLBwpMAH,
a0FRg00000FLBwqMAH,
a0FRg00000FLBwrMAH,
a0FRg00000FLBwsMAH,
a0FRg00000FLBwtMAH,
a0FRg00000FLBwuMAH,
a0FRg00000FLBwvMAH,
a0FRg00000FLBwwMAH,
a0FRg00000FLBwxMAH,
a0FRg00000FLBwyMAH,
a0FRg00000FLBwzMAH,
a0FRg00000FLBx0MAH,
a0FRg00000FLBx1MAH,
a0FRg00000FLBx2MAH,
a0FRg00000FLBx3MAH,
a0FRg00000FLBx4MAH,
a0FRg00000FLBx5MAH,
a0FRg00000FLBx6MAH,
a0FRg00000FLBx7MAH,
a0FRg00000FLBx8MAH,
a0FRg00000FLBx9MAH,
a0FRg00000FLBxAMAX,
a0FRg00000FLBxBMAX,
a0FRg00000FLBxCMAX,
a0FRg00000FLBxDMAX,
a0FRg00000FLBxEMAX,
a0FRg00000FLBxFMAX,
a0FRg00000FLBxGMAX,
a0FRg00000FLBxHMAX,
a0FRg00000FLBxIMAX,
a0FRg00000FLBxJMAX,
a0FRg00000FLBxKMAX,
a0FRg00000FLBxLMAX,
a0FRg00000FLBxMMAX,
a0FRg00000FLBxNMAX,
a0FRg00000FLBxOMAX,
a0FRg00000FLBxPMAX,
a0FRg00000FLBxQMAX,
a0FRg00000FLBxRMAX,
a0FRg00000FLBxSMAX,
a0FRg00000FLBxTMAX,
a0FRg00000FLBxUMAX,
a0FRg00000FLBxVMAX,
a0FRg00000FLBxWMAX,
a0FRg00000FLBxXMAX,
a0FRg00000FLBxYMAX,
a0FRg00000FLBxZMAX,
a0FRg00000FLBxaMAH,
a0FRg00000FLBxbMAH,
a0FRg00000FLBxcMAH,
a0FRg00000FLBxdMAH,
a0FRg00000FLBxeMAH,
a0FRg00000FLBxfMAH,
a0FRg00000FLBxgMAH,
a0FRg00000FLBxhMAH,
a0FRg00000FLBxiMAH,
a0FRg00000FLBxjMAH,
a0FRg00000FLBxkMAH,
a0FRg00000FLBxlMAH,
a0FRg00000FLBxmMAH,
a0FRg00000FLBxnMAH,
a0FRg00000FLBxoMAH,
a0FRg00000FLBxpMAH,
a0FRg00000FLBxqMAH,
a0FRg00000FLBxrMAH,
a0FRg00000FLBxsMAH,
a0FRg00000FLBxtMAH,
a0FRg00000FLBxuMAH,
a0FRg00000FLBxvMAH,
a0FRg00000FLBxwMAH,
a0FRg00000FLBxxMAH,
a0FRg00000FLBxyMAH,
a0FRg00000FLBxzMAH,
a0FRg00000FLBy0MAH,
a0FRg00000FLBy1MAH,
a0FRg00000FLBy2MAH,
a0FRg00000FLBy3MAH,
a0FRg00000FLBy4MAH,
a0FRg00000FLBy5MAH,
a0FRg00000FLBy6MAH,
a0FRg00000FLBy7MAH,
a0FRg00000FLBy8MAH,
a0FRg00000FLBy9MAH,
a0FRg00000FLByAMAX,
a0FRg00000FLByBMAX,
a0FRg00000FLByCMAX,
a0FRg00000FLByDMAX,
a0FRg00000FLByEMAX,
a0FRg00000FLByFMAX,
a0FRg00000FLByGMAX,
a0FRg00000FLByHMAX,
a0FRg00000FLByIMAX,
a0FRg00000FLByJMAX,
a0FRg00000FLByKMAX,
a0FRg00000FLByLMAX,
a0FRg00000FLByMMAX,
a0FRg00000FLByNMAX,
a0FRg00000FLByOMAX,
a0FRg00000FLByPMAX,
a0FRg00000FLByQMAX,
a0FRg00000FLByRMAX,
a0FRg00000FLBySMAX,
a0FRg00000FLByTMAX,
a0FRg00000FLByUMAX,
a0FRg00000FLByVMAX,
a0FRg00000FLByWMAX,
a0FRg00000FLByXMAX,
a0FRg00000FLByYMAX,
a0FRg00000FLByZMAX,
a0FRg00000FLByaMAH,
a0FRg00000FLBybMAH,
a0FRg00000FLBycMAH,
a0FRg00000FLBydMAH,
a0FRg00000FLByeMAH,
a0FRg00000FLByfMAH,
a0FRg00000FLBygMAH,
a0FRg00000FLByhMAH,
a0FRg00000FLByiMAH,
a0FRg00000FLByjMAH,
a0FRg00000FLBykMAH,
a0FRg00000FLBylMAH,
a0FRg00000FLBymMAH,
a0FRg00000FLBynMAH,
a0FRg00000FLByoMAH,
a0FRg00000FLBypMAH,
a0FRg00000FLByqMAH,
a0FRg00000FLByrMAH,
a0FRg00000FLBysMAH,
a0FRg00000FLBytMAH,
a0FRg00000FLByuMAH,
a0FRg00000FLByvMAH,
a0FRg00000FLBywMAH,
a0FRg00000FLByxMAH,
a0FRg00000FLByyMAH,
a0FRg00000FLByzMAH,
a0FRg00000FLBz0MAH,
a0FRg00000FLBz1MAH,
a0FRg00000FLBz2MAH,
a0FRg00000FLBz3MAH,
a0FRg00000FLBz4MAH,
a0FRg00000FLBz5MAH,
a0FRg00000FLBz6MAH,
a0FRg00000FLBz7MAH,
a0FRg00000FLBz8MAH,
a0FRg00000FLBz9MAH,
a0FRg00000FLBzAMAX,
a0FRg00000FLBzBMAX,
a0FRg00000FLBzCMAX,
a0FRg00000FLBzDMAX,
a0FRg00000FLBzEMAX,
a0FRg00000FLBzFMAX,
a0FRg00000FLBzGMAX,
a0FRg00000FLBzHMAX,
a0FRg00000FLBzIMAX,
a0FRg00000FLBzJMAX,
a0FRg00000FLBzKMAX,
a0FRg00000FLBzLMAX,
a0FRg00000FLBzMMAX,
a0FRg00000FLBzNMAX,
a0FRg00000FLBzOMAX,
a0FRg00000FLBzPMAX,
a0FRg00000FLBzQMAX,
a0FRg00000FLBzRMAX,
a0FRg00000FLBzSMAX,
a0FRg00000FLBzTMAX,
a0FRg00000FLBzUMAX,
a0FRg00000FLBzVMAX,
a0FRg00000FLBzWMAX,
a0FRg00000FLBzXMAX,
a0FRg00000FLBzYMAX,
a0FRg00000FLBzZMAX,
a0FRg00000FLBzaMAH,
a0FRg00000FLBzbMAH,
a0FRg00000FLBzcMAH,
a0FRg00000FLBzdMAH,
a0FRg00000FLBzeMAH,
a0FRg00000FLBzfMAH,
a0FRg00000FLBzgMAH,
a0FRg00000FLBzhMAH,
a0FRg00000FLBziMAH,
a0FRg00000FLBzjMAH,
a0FRg00000FLBzkMAH,
a0FRg00000FLBzlMAH,
a0FRg00000FLBzmMAH,
a0FRg00000FLBznMAH,
a0FRg00000FLBzoMAH,
a0FRg00000FLBzpMAH,
a0FRg00000FLBzqMAH,
a0FRg00000FLBzrMAH,
a0FRg00000FLBzsMAH,
a0FRg00000FLBztMAH,
a0FRg00000FLBzuMAH,
a0FRg00000FLBzvMAH,
a0FRg00000FLBzwMAH,
a0FRg00000FLBzxMAH,
a0FRg00000FLBzyMAH,
a0FRg00000FLBzzMAH,
a0FRg00000FLC00MAH,
a0FRg00000FLC01MAH,
a0FRg00000FLC02MAH,
a0FRg00000FLC03MAH,
a0FRg00000FLC04MAH,
a0FRg00000FLC05MAH,
a0FRg00000FLC06MAH,
a0FRg00000FLC07MAH,
a0FRg00000FLC08MAH,
a0FRg00000FLC09MAH,
a0FRg00000FLC0AMAX,
a0FRg00000FLC0BMAX,
a0FRg00000FLC0CMAX,
a0FRg00000FLC0DMAX,
a0FRg00000FLC0EMAX,
a0FRg00000FLC0FMAX,
a0FRg00000FLC0GMAX,
a0FRg00000FLC0HMAX,
a0FRg00000FLC0IMAX,
a0FRg00000FLC0JMAX,
a0FRg00000FLC0KMAX,
a0FRg00000FLC0LMAX,
a0FRg00000FLC0MMAX,
a0FRg00000FLC0NMAX,
a0FRg00000FLC0OMAX,
a0FRg00000FLC0PMAX,
a0FRg00000FLC0QMAX,
a0FRg00000FLC0RMAX,
a0FRg00000FLC0SMAX,
a0FRg00000FLC0TMAX,
a0FRg00000FLC0UMAX,
a0FRg00000FLC0VMAX,
a0FRg00000FLC0WMAX,
a0FRg00000FLC0XMAX,
a0FRg00000FLC0YMAX,
a0FRg00000FLC0ZMAX,
a0FRg00000FLC0aMAH,
a0FRg00000FLC0bMAH,
a0FRg00000FLC0cMAH,
a0FRg00000FLC0dMAH,
a0FRg00000FLC0eMAH,
a0FRg00000FLC0fMAH,
a0FRg00000FLC0gMAH,
a0FRg00000FLC0hMAH,
a0FRg00000FLC0iMAH,
a0FRg00000FLC0jMAH,
a0FRg00000FLC0kMAH,
a0FRg00000FLC0lMAH,
a0FRg00000FLC0mMAH,
a0FRg00000FLC0nMAH,
a0FRg00000FLC0oMAH,
a0FRg00000FLC0pMAH,
a0FRg00000FLC0qMAH,
a0FRg00000FLC0rMAH,
a0FRg00000FLC0sMAH,
a0FRg00000FLC0tMAH,
a0FRg00000FLC0uMAH,
a0FRg00000FLC0vMAH,
a0FRg00000FLC0wMAH,
a0FRg00000FLC0xMAH,
a0FRg00000FLC0yMAH,
a0FRg00000FLC0zMAH,
a0FRg00000FLC10MAH,
a0FRg00000FLC11MAH,
a0FRg00000FLC12MAH,
a0FRg00000FLC13MAH,
a0FRg00000FLC14MAH,
a0FRg00000FLC15MAH,
a0FRg00000FLC16MAH,
a0FRg00000FLC17MAH,
a0FRg00000FLC18MAH,
a0FRg00000FLC19MAH,
a0FRg00000FLC1AMAX,
a0FRg00000FLC1BMAX,
a0FRg00000FLC1CMAX,
a0FRg00000FLC1DMAX,
a0FRg00000FLC1EMAX,
a0FRg00000FLC1FMAX,
a0FRg00000FLC1GMAX,
a0FRg00000FLC1HMAX,
a0FRg00000FLC1IMAX,
a0FRg00000FLC1JMAX,
a0FRg00000FLC1KMAX,
a0FRg00000FLC1LMAX,
a0FRg00000FLC1MMAX,
a0FRg00000FLC1NMAX,
a0FRg00000FLC1OMAX,
a0FRg00000FLC1PMAX,
a0FRg00000FLC1QMAX,
a0FRg00000FLC1RMAX,
a0FRg00000FLC1SMAX,
a0FRg00000FLC1TMAX,
a0FRg00000FLC1UMAX,
a0FRg00000FLC1VMAX,
a0FRg00000FLC1WMAX,
a0FRg00000FLC1XMAX,
a0FRg00000FLC1YMAX,
a0FRg00000FLC1ZMAX,
a0FRg00000FLC1aMAH,
a0FRg00000FLC1bMAH,
a0FRg00000FLC1cMAH,
a0FRg00000FLC1dMAH,
a0FRg00000FLC1eMAH,
a0FRg00000FLC1fMAH,
a0FRg00000FLC1gMAH,
a0FRg00000FLC1hMAH,
a0FRg00000FLC1iMAH,
a0FRg00000FLC1jMAH,
a0FRg00000FLC1kMAH,
a0FRg00000FLC1lMAH,
a0FRg00000FLC1mMAH,
a0FRg00000FLC1nMAH,
a0FRg00000FLC1oMAH,
a0FRg00000FLC1pMAH,
a0FRg00000FLC1qMAH,
a0FRg00000FLC1rMAH,
a0FRg00000FLC1sMAH,
a0FRg00000FLC1tMAH,
a0FRg00000FLC1uMAH,
a0FRg00000FLC1vMAH,
a0FRg00000FLC1wMAH,
a0FRg00000FLC1xMAH,
a0FRg00000FLC1yMAH,
a0FRg00000FLC1zMAH,
a0FRg00000FLC20MAH,
a0FRg00000FLC21MAH,
a0FRg00000FLC22MAH,
a0FRg00000FLC23MAH,
a0FRg00000FLC24MAH,
a0FRg00000FLC25MAH,
a0FRg00000FLC26MAH,
a0FRg00000FLC27MAH,
a0FRg00000FLC28MAH,
a0FRg00000FLC29MAH,
a0FRg00000FLC2AMAX,
a0FRg00000FLC2BMAX,
a0FRg00000FLC2CMAX,
a0FRg00000FLC2DMAX,
a0FRg00000FLC2EMAX,
a0FRg00000FLC2FMAX,
a0FRg00000FLC2GMAX,
a0FRg00000FLC2HMAX,
a0FRg00000FLC2IMAX,
a0FRg00000FLC2JMAX,
a0FRg00000FLC2KMAX,
a0FRg00000FLC2LMAX,
a0FRg00000FLC2MMAX,
a0FRg00000FLC2NMAX,
a0FRg00000FLC2OMAX,
a0FRg00000FLC2PMAX,
a0FRg00000FLC2QMAX,
a0FRg00000FLC2RMAX,
a0FRg00000FLC2SMAX,
a0FRg00000FLC2TMAX,
a0FRg00000FLC2UMAX,
a0FRg00000FLC2VMAX,
a0FRg00000FLC2WMAX,
a0FRg00000FLC2XMAX,
a0FRg00000FLC2YMAX,
a0FRg00000FLC2ZMAX,
a0FRg00000FLC2aMAH,
a0FRg00000FLC2bMAH,
a0FRg00000FLC2cMAH,
a0FRg00000FLC2dMAH,
a0FRg00000FLC2eMAH,
a0FRg00000FLC2fMAH,
a0FRg00000FLC2gMAH,
a0FRg00000FLC2hMAH,
a0FRg00000FLC2iMAH,
a0FRg00000FLC2jMAH,
a0FRg00000FLC2kMAH,
a0FRg00000FLC2lMAH,
a0FRg00000FLC2mMAH,
a0FRg00000FLC2nMAH,
a0FRg00000FLC2oMAH,
a0FRg00000FLC2pMAH,
a0FRg00000FLC2qMAH,
a0FRg00000FLC2rMAH,
a0FRg00000FLC2sMAH,
a0FRg00000FLC2tMAH,
a0FRg00000FLC2uMAH,
a0FRg00000FLC2vMAH,
a0FRg00000FLC2wMAH,
a0FRg00000FLC2xMAH,
a0FRg00000FLC2yMAH,
a0FRg00000FLC2zMAH,
a0FRg00000FLC30MAH,
a0FRg00000FLC31MAH,
a0FRg00000FLC32MAH,
a0FRg00000FLC33MAH,
a0FRg00000FLC34MAH,
a0FRg00000FLC35MAH,
a0FRg00000FLC36MAH,
a0FRg00000FLC37MAH,
a0FRg00000FLC38MAH,
a0FRg00000FLC39MAH,
a0FRg00000FLC3AMAX,
a0FRg00000FLC3BMAX,
a0FRg00000FLC3CMAX,
a0FRg00000FLC3DMAX,
a0FRg00000FLC3EMAX,
a0FRg00000FLC3FMAX,
a0FRg00000FLC3GMAX,
a0FRg00000FLC3HMAX,
a0FRg00000FLC3IMAX,
a0FRg00000FLC3JMAX,
a0FRg00000FLC3KMAX,
a0FRg00000FLC3LMAX,
a0FRg00000FLC3MMAX,
a0FRg00000FLC3NMAX,
a0FRg00000FLC3OMAX,
a0FRg00000FLC3PMAX,
a0FRg00000FLC3QMAX,
a0FRg00000FLC3RMAX,
a0FRg00000FLC3SMAX,
a0FRg00000FLC3TMAX,
a0FRg00000FLC3UMAX,
a0FRg00000FLC3VMAX,
a0FRg00000FLC3WMAX,
a0FRg00000FLC3XMAX,
a0FRg00000FLC3YMAX,
a0FRg00000FLC3ZMAX,
a0FRg00000FLC3aMAH,
a0FRg00000FLC3bMAH,
a0FRg00000FLC3cMAH,
a0FRg00000FLC3dMAH,
a0FRg00000FLC3eMAH,
a0FRg00000FLC3fMAH,
a0FRg00000FLC3gMAH,
a0FRg00000FLC3hMAH,
a0FRg00000FLC3iMAH,
a0FRg00000FLC3jMAH,
a0FRg00000FLC3kMAH,
a0FRg00000FLC3lMAH,
a0FRg00000FLC3mMAH,
a0FRg00000FLC3nMAH,
a0FRg00000FLC3oMAH,
a0FRg00000FLC3pMAH,
a0FRg00000FLC3qMAH,
a0FRg00000FLC3rMAH,
a0FRg00000FLC3sMAH,
a0FRg00000FLC3tMAH,
a0FRg00000FLC3uMAH,
a0FRg00000FLC3vMAH,
a0FRg00000FLC3wMAH,
a0FRg00000FLC3xMAH,
a0FRg00000FLC3yMAH,
a0FRg00000FLC3zMAH,
a0FRg00000FLC40MAH,
a0FRg00000FLC41MAH,
a0FRg00000FLC42MAH,
a0FRg00000FLC43MAH,
a0FRg00000FLC44MAH,
a0FRg00000FLC45MAH,
a0FRg00000FLC46MAH,
a0FRg00000FLC47MAH,
a0FRg00000FLC48MAH,
a0FRg00000FLC49MAH,
a0FRg00000FLC4AMAX,
a0FRg00000FLC4BMAX,
a0FRg00000FLC4CMAX,
a0FRg00000FLC4DMAX,
a0FRg00000FLC4EMAX,
a0FRg00000FLC4FMAX,
a0FRg00000FLC4GMAX,
a0FRg00000FLC4HMAX,
a0FRg00000FLC4IMAX,
a0FRg00000FLC4JMAX,
a0FRg00000FLC4KMAX,
a0FRg00000FLC4LMAX,
a0FRg00000FLC4MMAX,
a0FRg00000FLC4NMAX,
a0FRg00000FLC4OMAX,
a0FRg00000FLC4PMAX,
a0FRg00000FLC4QMAX,
a0FRg00000FLC4RMAX,
a0FRg00000FLC4SMAX,
a0FRg00000FLC4TMAX,
a0FRg00000FLC4UMAX,
a0FRg00000FLC4VMAX,
a0FRg00000FLC4WMAX,
a0FRg00000FLC4XMAX,
a0FRg00000FLC4YMAX,
a0FRg00000FLC4ZMAX,
a0FRg00000FLC4aMAH,
a0FRg00000FLC4bMAH,
a0FRg00000FLC4cMAH,
a0FRg00000FLC4dMAH,
a0FRg00000FLC4eMAH,
a0FRg00000FLC4fMAH,
a0FRg00000FLC4gMAH,
a0FRg00000FLC4hMAH,
a0FRg00000FLC4iMAH,
a0FRg00000FLC4jMAH,
a0FRg00000FLC4kMAH,
a0FRg00000FLC4lMAH,
a0FRg00000FLC4mMAH,
a0FRg00000FLC4nMAH,
a0FRg00000FLC4oMAH,
a0FRg00000FLC4pMAH,
a0FRg00000FLC4qMAH,
a0FRg00000FLC4rMAH,
a0FRg00000FLC4sMAH,
a0FRg00000FLC4tMAH,
a0FRg00000FLC4uMAH,
a0FRg00000FLC4vMAH,
a0FRg00000FLC4wMAH,
a0FRg00000FLC4xMAH,
a0FRg00000FLC4yMAH,
a0FRg00000FLC4zMAH,
a0FRg00000FLC50MAH,
a0FRg00000FLC51MAH,
a0FRg00000FLC52MAH,
a0FRg00000FLC53MAH,
a0FRg00000FLC54MAH,
a0FRg00000FLC55MAH,
a0FRg00000FLC56MAH,
a0FRg00000FLC57MAH,
a0FRg00000FLC58MAH,
a0FRg00000FLC59MAH,
a0FRg00000FLC5AMAX,
a0FRg00000FLC5BMAX,
a0FRg00000FLC5CMAX,
a0FRg00000FLC5DMAX,
a0FRg00000FLC5EMAX,
a0FRg00000FLC5FMAX,
a0FRg00000FLC5GMAX,
a0FRg00000FLC5HMAX,
a0FRg00000FLC5IMAX,
a0FRg00000FLC5JMAX,
a0FRg00000FLC5KMAX,
a0FRg00000FLC5LMAX,
a0FRg00000FLC5MMAX,
a0FRg00000FLC5NMAX,
a0FRg00000FLC5OMAX,
a0FRg00000FLC5PMAX,
a0FRg00000FLC5QMAX,
a0FRg00000FLC5RMAX,
a0FRg00000FLC5SMAX,
a0FRg00000FLC5TMAX,
a0FRg00000FLC5UMAX,
a0FRg00000FLC5VMAX,
a0FRg00000FLC5WMAX,
a0FRg00000FLC5XMAX,
a0FRg00000FLC5YMAX,
a0FRg00000FLC5ZMAX,
a0FRg00000FLC5aMAH,
a0FRg00000FLC5bMAH,
a0FRg00000FLC5cMAH,
a0FRg00000FLC5dMAH,
a0FRg00000FLC5eMAH,
a0FRg00000FLC5fMAH,
a0FRg00000FLC5gMAH,
a0FRg00000FLC5hMAH,
a0FRg00000FLC5iMAH,
a0FRg00000FLC5jMAH,
a0FRg00000FLC5kMAH,
a0FRg00000FLC5lMAH,
a0FRg00000FLC5mMAH,
a0FRg00000FLC5nMAH,
a0FRg00000FLC5oMAH,
a0FRg00000FLC5pMAH,
a0FRg00000FLC5qMAH,
a0FRg00000FLC5rMAH,
a0FRg00000FLC5sMAH,
a0FRg00000FLC5tMAH,
a0FRg00000FLC5uMAH,
a0FRg00000FLC5vMAH,
a0FRg00000FLC5wMAH,
a0FRg00000FLC5xMAH,
a0FRg00000FLC5yMAH,
a0FRg00000FLC5zMAH,
a0FRg00000FLC60MAH,
a0FRg00000FLC61MAH,
a0FRg00000FLC62MAH,
a0FRg00000FLC63MAH,
a0FRg00000FLC64MAH,
a0FRg00000FLC65MAH,
a0FRg00000FLC66MAH,
a0FRg00000FLC67MAH,
a0FRg00000FLC68MAH,
a0FRg00000FLC69MAH,
a0FRg00000FLC6AMAX,
a0FRg00000FLC6BMAX,
a0FRg00000FLC6CMAX,
a0FRg00000FLC6DMAX,
a0FRg00000FLC6EMAX,
a0FRg00000FLC6FMAX,
a0FRg00000FLC6GMAX,
a0FRg00000FLC6HMAX,
a0FRg00000FLC6IMAX,
a0FRg00000FLC6JMAX,
a0FRg00000FLC6KMAX,
a0FRg00000FLC6LMAX,
a0FRg00000FLC6MMAX,
a0FRg00000FLC6NMAX,
a0FRg00000FLC6OMAX,
a0FRg00000FLC6PMAX,
a0FRg00000FLC6QMAX,
a0FRg00000FLC6RMAX,
a0FRg00000FLC6SMAX,
a0FRg00000FLC6TMAX,
a0FRg00000FLC6UMAX,
a0FRg00000FLC6VMAX,
a0FRg00000FLC6WMAX,
a0FRg00000FLC6XMAX,
a0FRg00000FLC6YMAX,
a0FRg00000FLC6ZMAX,
a0FRg00000FLC6aMAH,
a0FRg00000FLC6bMAH,
a0FRg00000FLC6cMAH,
a0FRg00000FLC6dMAH,
a0FRg00000FLC6eMAH,
a0FRg00000FLC6fMAH,
a0FRg00000FLC6gMAH,
a0FRg00000FLC6hMAH,
a0FRg00000FLC6iMAH,
a0FRg00000FLC6jMAH,
a0FRg00000FLC6kMAH,
a0FRg00000FLC6lMAH,
a0FRg00000FLC6mMAH,
a0FRg00000FLC6nMAH,
a0FRg00000FLC6oMAH,
a0FRg00000FLC6pMAH,
a0FRg00000FLC6qMAH,
a0FRg00000FLC6rMAH,
a0FRg00000FLC6sMAH,
a0FRg00000FLC6tMAH,
a0FRg00000FLC6uMAH,
a0FRg00000FLC6vMAH,
a0FRg00000FLC6wMAH,
a0FRg00000FLC6xMAH,
a0FRg00000FLC6yMAH,
a0FRg00000FLC6zMAH,
a0FRg00000FLC70MAH,
a0FRg00000FLC71MAH,
a0FRg00000FLC72MAH,
a0FRg00000FLC73MAH,
a0FRg00000FLC74MAH,
a0FRg00000FLC75MAH,
a0FRg00000FLC76MAH,
a0FRg00000FLC77MAH,
a0FRg00000FLC78MAH,
a0FRg00000FLC79MAH,
a0FRg00000FLC7AMAX,
a0FRg00000FLC7BMAX,
a0FRg00000FLC7CMAX,
a0FRg00000FLC7DMAX,
a0FRg00000FLC7EMAX,
a0FRg00000FLC7FMAX,
a0FRg00000FLC7GMAX,
a0FRg00000FLC7HMAX,
a0FRg00000FLC7IMAX,
a0FRg00000FLC7JMAX,
a0FRg00000FLC7KMAX,
a0FRg00000FLC7LMAX,
a0FRg00000FLC7MMAX,
a0FRg00000FLC7NMAX,
a0FRg00000FLC7OMAX,
a0FRg00000FLC7PMAX,
a0FRg00000FLC7QMAX,
a0FRg00000FLC7RMAX,
a0FRg00000FLC7SMAX,
a0FRg00000FLC7TMAX,
a0FRg00000FLC7UMAX,
a0FRg00000FLC7VMAX,
a0FRg00000FLC7WMAX,
a0FRg00000FLC7XMAX,
a0FRg00000FLC7YMAX,
a0FRg00000FLC7ZMAX,
a0FRg00000FLC7aMAH,
a0FRg00000FLC7bMAH,
a0FRg00000FLC7cMAH,
a0FRg00000FLC7dMAH,
a0FRg00000FLC7eMAH,
a0FRg00000FLC7fMAH,
a0FRg00000FLC7gMAH,
a0FRg00000FLC7hMAH,
a0FRg00000FLC7iMAH,
a0FRg00000FLC7jMAH,
a0FRg00000FLC7kMAH,
a0FRg00000FLC7lMAH,
a0FRg00000FLC7mMAH,
a0FRg00000FLC7nMAH,
a0FRg00000FLC7oMAH,
a0FRg00000FLC7pMAH,
a0FRg00000FLC7qMAH,
a0FRg00000FLC7rMAH,
a0FRg00000FLC7sMAH,
a0FRg00000FLC7tMAH,
a0FRg00000FLC7uMAH,
a0FRg00000FLC7vMAH,
a0FRg00000FLC7wMAH,
a0FRg00000FLC7xMAH,
a0FRg00000FLC7yMAH,
a0FRg00000FLC7zMAH,
a0FRg00000FLC80MAH,
a0FRg00000FLC81MAH,
a0FRg00000FLC82MAH,
a0FRg00000FLC83MAH,
a0FRg00000FLC84MAH,
a0FRg00000FLC85MAH,
a0FRg00000FLC86MAH,
a0FRg00000FLC87MAH,
a0FRg00000FLC88MAH,
a0FRg00000FLC89MAH,
a0FRg00000FLC8AMAX,
a0FRg00000FLC8BMAX,
a0FRg00000FLC8CMAX,
a0FRg00000FLC8DMAX,
a0FRg00000FLC8EMAX,
a0FRg00000FLC8FMAX,
a0FRg00000FLC8GMAX,
a0FRg00000FLC8HMAX,
a0FRg00000FLC8IMAX,
a0FRg00000FLC8JMAX,
a0FRg00000FLC8KMAX,
a0FRg00000FLC8LMAX,
a0FRg00000FLC8MMAX,
a0FRg00000FLC8NMAX,
a0FRg00000FLC8OMAX,
a0FRg00000FLC8PMAX,
a0FRg00000FLC8QMAX,
a0FRg00000FLC8RMAX,
a0FRg00000FLC8SMAX,
a0FRg00000FLC8TMAX,
a0FRg00000FLC8UMAX,
a0FRg00000FLC8VMAX,
a0FRg00000FLC8WMAX,
a0FRg00000FLC8XMAX,
a0FRg00000FLC8YMAX,
a0FRg00000FLC8ZMAX,
a0FRg00000FLC8aMAH,
a0FRg00000FLC8bMAH,
a0FRg00000FLC8cMAH,
a0FRg00000FLC8dMAH,
a0FRg00000FLC8eMAH,
a0FRg00000FLC8fMAH,
a0FRg00000FLC8gMAH,
a0FRg00000FLC8hMAH,
a0FRg00000FLC8iMAH,
a0FRg00000FLC8jMAH,
a0FRg00000FLC8kMAH,
a0FRg00000FLC8lMAH,
a0FRg00000FLC8mMAH,
a0FRg00000FLC8nMAH,
a0FRg00000FLC8oMAH,
a0FRg00000FLC8pMAH,
a0FRg00000FLC8qMAH,
a0FRg00000FLC8rMAH,
a0FRg00000FLC8sMAH,
a0FRg00000FLC8tMAH,
a0FRg00000FLC8uMAH,
a0FRg00000FLC8vMAH,
a0FRg00000FLC8wMAH,
a0FRg00000FLC8xMAH,
a0FRg00000FLC8yMAH,
a0FRg00000FLC8zMAH,
a0FRg00000FLC90MAH,
a0FRg00000FLC91MAH,
a0FRg00000FLC92MAH,
a0FRg00000FLC93MAH,
a0FRg00000FLC94MAH,
a0FRg00000FLC95MAH,
a0FRg00000FLC96MAH,
a0FRg00000FLC97MAH,
a0FRg00000FLC98MAH,
a0FRg00000FLC99MAH,
a0FRg00000FLC9AMAX,
a0FRg00000FLC9BMAX,
a0FRg00000FLC9CMAX,
a0FRg00000FLC9DMAX,
a0FRg00000FLC9EMAX,
a0FRg00000FLC9FMAX,
a0FRg00000FLC9GMAX,
a0FRg00000FLC9HMAX,
a0FRg00000FLC9IMAX,
a0FRg00000FLC9JMAX,
a0FRg00000FLC9KMAX,
a0FRg00000FLCLhMAP,
a0FRg00000FLCLiMAP,
a0FRg00000FLCLjMAP,
a0FRg00000FLCLkMAP,
a0FRg00000FLCLlMAP,
a0FRg00000FLCLmMAP,
a0FRg00000FLCLnMAP,
a0FRg00000FLCLoMAP,
a0FRg00000FLCLpMAP,
a0FRg00000FLCLqMAP,
a0FRg00000FLCLrMAP,
a0FRg00000FLCLsMAP,
a0FRg00000FLCLtMAP,
a0FRg00000FLCLuMAP,
a0FRg00000FLCLvMAP,
a0FRg00000FLCLwMAP,
a0FRg00000FLCLxMAP,
a0FRg00000FLCLyMAP,
a0FRg00000FLCLzMAP,
a0FRg00000FLCM0MAP,
a0FRg00000FLCM1MAP,
a0FRg00000FLCM2MAP,
a0FRg00000FLCM3MAP,
a0FRg00000FLCM4MAP,
a0FRg00000FLCM5MAP,
a0FRg00000FLCM6MAP,
a0FRg00000FLCM7MAP,
a0FRg00000FLCM8MAP,
a0FRg00000FLCM9MAP,
a0FRg00000FLCMAMA5,
a0FRg00000FLCMBMA5,
a0FRg00000FLCMCMA5,
a0FRg00000FLCMDMA5,
a0FRg00000FLCMEMA5,
a0FRg00000FLCMFMA5,
a0FRg00000FLCMGMA5,
a0FRg00000FLCMHMA5,
a0FRg00000FLCMIMA5,
a0FRg00000FLCMJMA5,
a0FRg00000FLCMKMA5,
a0FRg00000FLCMLMA5,
a0FRg00000FLCMMMA5,
a0FRg00000FLCMNMA5,
a0FRg00000FLCMOMA5,
a0FRg00000FLCMPMA5,
a0FRg00000FLCMQMA5,
a0FRg00000FLCMRMA5,
a0FRg00000FLCMSMA5,
a0FRg00000FLCMTMA5,
a0FRg00000FLCMUMA5,
a0FRg00000FLCMVMA5,
a0FRg00000FLCMWMA5,
a0FRg00000FLCMXMA5,
a0FRg00000FLCMYMA5,
a0FRg00000FLCMZMA5,
a0FRg00000FLCMaMAP,
a0FRg00000FLCMbMAP,
a0FRg00000FLCMcMAP,
a0FRg00000FLCMdMAP,
a0FRg00000FLCMeMAP,
a0FRg00000FLCMfMAP,
a0FRg00000FLCMgMAP,
a0FRg00000FLCMhMAP,
a0FRg00000FLCMiMAP,
a0FRg00000FLCMjMAP,
a0FRg00000FLCMkMAP,
a0FRg00000FLCMlMAP,
a0FRg00000FLCMmMAP,
a0FRg00000FLCMnMAP,
a0FRg00000FLCMoMAP,
a0FRg00000FLCMpMAP,
a0FRg00000FLCMqMAP,
a0FRg00000FLCMrMAP,
a0FRg00000FLCMsMAP,
a0FRg00000FLCMtMAP,
a0FRg00000FLCMuMAP,
a0FRg00000FLCMvMAP,
a0FRg00000FLCMwMAP,
a0FRg00000FLCMxMAP,
a0FRg00000FLCMyMAP,
a0FRg00000FLCMzMAP,
a0FRg00000FLCN0MAP,
a0FRg00000FLCN1MAP,
a0FRg00000FLCN2MAP,
a0FRg00000FLCN3MAP,
a0FRg00000FLCN4MAP,
a0FRg00000FLCN5MAP,
a0FRg00000FLCN6MAP,
a0FRg00000FLCN7MAP,
a0FRg00000FLCN8MAP,
a0FRg00000FLCN9MAP,
a0FRg00000FLCNAMA5,
a0FRg00000FLCNBMA5,
a0FRg00000FLCNCMA5,
a0FRg00000FLCNDMA5,
a0FRg00000FLCNEMA5,
a0FRg00000FLCNFMA5,
a0FRg00000FLCNGMA5,
a0FRg00000FLCNHMA5,
a0FRg00000FLCNIMA5,
a0FRg00000FLCNJMA5,
a0FRg00000FLCNKMA5,
a0FRg00000FLCNLMA5,
a0FRg00000FLCNMMA5,
a0FRg00000FLCNNMA5,
a0FRg00000FLCNOMA5,
a0FRg00000FLCNPMA5,
a0FRg00000FLCNQMA5,
a0FRg00000FLCNRMA5,
a0FRg00000FLCNSMA5,
a0FRg00000FLCNTMA5,
a0FRg00000FLCNUMA5,
a0FRg00000FLCNVMA5,
a0FRg00000FLCNWMA5,
a0FRg00000FLCNXMA5,
a0FRg00000FLCNYMA5,
a0FRg00000FLCNZMA5,
a0FRg00000FLCNaMAP,
a0FRg00000FLCNbMAP,
a0FRg00000FLCNcMAP,
a0FRg00000FLCNdMAP,
a0FRg00000FLCNeMAP,
a0FRg00000FLCNfMAP,
a0FRg00000FLCNgMAP,
a0FRg00000FLCNhMAP,
a0FRg00000FLCNiMAP,
a0FRg00000FLCNjMAP,
a0FRg00000FLCNkMAP,
a0FRg00000FLCNlMAP,
a0FRg00000FLCNmMAP,
a0FRg00000FLCNnMAP,
a0FRg00000FLCNoMAP,
a0FRg00000FLCNpMAP,
a0FRg00000FLCNqMAP,
a0FRg00000FLCNrMAP,
a0FRg00000FLCNsMAP,
a0FRg00000FLCNtMAP,
a0FRg00000FLCNuMAP,
a0FRg00000FLCNvMAP,
a0FRg00000FLCNwMAP,
a0FRg00000FLCdRMAX,
a0FRg00000FLCdSMAX,
a0FRg00000FLCdTMAX,
a0FRg00000FLCdUMAX,
a0FRg00000FLCdVMAX,
a0FRg00000FLCdWMAX,
a0FRg00000FLCdXMAX,
a0FRg00000FLCdYMAX,
a0FRg00000FLCdZMAX,
a0FRg00000FLCdaMAH,
a0FRg00000FLCdbMAH,
a0FRg00000FLCdcMAH,
a0FRg00000FLCddMAH,
a0FRg00000FLCdeMAH,
a0FRg00000FLCdfMAH,
a0FRg00000FLCdgMAH,
a0FRg00000FLCdhMAH,
a0FRg00000FLCdiMAH,
a0FRg00000FLCdjMAH,
a0FRg00000FLCdkMAH,
a0FRg00000FLCdlMAH,
a0FRg00000FLCdmMAH,
a0FRg00000FLCdnMAH,
a0FRg00000FLCdoMAH,
a0FRg00000FLCdpMAH,
a0FRg00000FLCdqMAH,
a0FRg00000FLCdrMAH,
a0FRg00000FLCdsMAH,
a0FRg00000FLCdtMAH,
a0FRg00000FLCduMAH,
a0FRg00000FLCdvMAH,
a0FRg00000FLCdwMAH,
a0FRg00000FLCdxMAH,
a0FRg00000FLCdyMAH,
a0FRg00000FLCdzMAH,
a0FRg00000FLCe0MAH,
a0FRg00000FLCe1MAH,
a0FRg00000FLCe2MAH,
a0FRg00000FLCe3MAH,
a0FRg00000FLCe4MAH,
a0FRg00000FLCe5MAH,
a0FRg00000FLCe6MAH,
a0FRg00000FLCe7MAH,
a0FRg00000FLCe8MAH,
a0FRg00000FLCe9MAH,
a0FRg00000FLCeAMAX,
a0FRg00000FLCeBMAX,
a0FRg00000FLCeCMAX,
a0FRg00000FLCeDMAX,
a0FRg00000FLCeEMAX,
a0FRg00000FLCeFMAX,
a0FRg00000FLCeGMAX,
a0FRg00000FLCeHMAX,
a0FRg00000FLCeIMAX,
a0FRg00000FLCeJMAX,
a0FRg00000FLCeKMAX,
a0FRg00000FLCeLMAX,
a0FRg00000FLCeMMAX,
a0FRg00000FLCeNMAX,
a0FRg00000FLCeOMAX,
a0FRg00000FLCePMAX,
a0FRg00000FLCeQMAX,
a0FRg00000FLCeRMAX,
a0FRg00000FLCeSMAX,
a0FRg00000FLCeTMAX,
a0FRg00000FLCeUMAX,
a0FRg00000FLCeVMAX,
a0FRg00000FLCeWMAX,
a0FRg00000FLCeXMAX,
a0FRg00000FLCeYMAX,
a0FRg00000FLCeZMAX,
a0FRg00000FLCeaMAH,
a0FRg00000FLCebMAH,
a0FRg00000FLCecMAH,
a0FRg00000FLCedMAH,
a0FRg00000FLCeeMAH,
a0FRg00000FLCefMAH,
a0FRg00000FLCegMAH,
a0FRg00000FLCehMAH,
a0FRg00000FLCeiMAH,
a0FRg00000FLCejMAH,
a0FRg00000FLCekMAH,
a0FRg00000FLCelMAH,
a0FRg00000FLCemMAH,
a0FRg00000FLCenMAH,
a0FRg00000FLCeoMAH,
a0FRg00000FLCepMAH,
a0FRg00000FLCeqMAH,
a0FRg00000FLCerMAH,
a0FRg00000FLCesMAH,
a0FRg00000FLCetMAH,
a0FRg00000FLCeuMAH,
a0FRg00000FLCevMAH,
a0FRg00000FLCewMAH,
a0FRg00000FLCexMAH,
a0FRg00000FLCeyMAH,
a0FRg00000FLCezMAH,
a0FRg00000FLCf0MAH,
a0FRg00000FLCf1MAH,
a0FRg00000FLCf2MAH,
a0FRg00000FLCf3MAH,
a0FRg00000FLCf4MAH,
a0FRg00000FLCf5MAH,
a0FRg00000FLCf6MAH,
a0FRg00000FLCf7MAH,
a0FRg00000FLCf8MAH,
a0FRg00000FLCf9MAH,
a0FRg00000FLCfAMAX,
a0FRg00000FLCfBMAX,
a0FRg00000FLCfCMAX,
a0FRg00000FLCfDMAX,
a0FRg00000FLCfEMAX,
a0FRg00000FLCfFMAX,
a0FRg00000FLCfGMAX,
a0FRg00000FLCfHMAX,
a0FRg00000FLCfIMAX,
a0FRg00000FLCfJMAX,
a0FRg00000FLCfKMAX,
a0FRg00000FLCfLMAX,
a0FRg00000FLCfMMAX,
a0FRg00000FLCfNMAX,
a0FRg00000FLCfOMAX,
a0FRg00000FLCfPMAX,
a0FRg00000FLCfQMAX,
a0FRg00000FLCfRMAX,
a0FRg00000FLCfSMAX,
a0FRg00000FLCfTMAX,
a0FRg00000FLCfUMAX,
a0FRg00000FLCfVMAX,
a0FRg00000FLCfWMAX,
a0FRg00000FLCfXMAX,
a0FRg00000FLCfYMAX,
a0FRg00000FLCfZMAX,
a0FRg00000FLCfaMAH,
a0FRg00000FLCfbMAH,
a0FRg00000FLCfcMAH,
a0FRg00000FLCfdMAH,
a0FRg00000FLCfeMAH,
a0FRg00000FLCffMAH,
a0FRg00000FLCfgMAH,
a0FRg00000FLCfhMAH,
a0FRg00000FLCfiMAH,
a0FRg00000FLCfjMAH,
a0FRg00000FLCfkMAH,
a0FRg00000FLCflMAH,
a0FRg00000FLCfmMAH,
a0FRg00000FLCfnMAH,
a0FRg00000FLCfoMAH,
a0FRg00000FLCfpMAH,
a0FRg00000FLCfqMAH,
a0FRg00000FLCfrMAH,
a0FRg00000FLCfsMAH,
a0FRg00000FLCftMAH,
a0FRg00000FLCfuMAH,
a0FRg00000FLCfvMAH,
a0FRg00000FLCfwMAH,
a0FRg00000FLCfxMAH,
a0FRg00000FLCfyMAH,
a0FRg00000FLCfzMAH,
a0FRg00000FLCg0MAH,
a0FRg00000FLCg1MAH,
a0FRg00000FLCg2MAH,
a0FRg00000FLCg3MAH,
a0FRg00000FLCg4MAH,
a0FRg00000FLCg5MAH,
a0FRg00000FLCg6MAH,
a0FRg00000FLCg7MAH,
a0FRg00000FLCg8MAH,
a0FRg00000FLCg9MAH,
a0FRg00000FLCgAMAX,
a0FRg00000FLCgBMAX,
a0FRg00000FLCgCMAX,
a0FRg00000FLCgDMAX,
a0FRg00000FLCgEMAX,
a0FRg00000FLCgFMAX,
a0FRg00000FLCgGMAX,
a0FRg00000FLCgHMAX,
a0FRg00000FLCgIMAX,
a0FRg00000FLCgJMAX,
a0FRg00000FLCgKMAX,
a0FRg00000FLCgLMAX,
a0FRg00000FLCgMMAX,
a0FRg00000FLCgNMAX,
a0FRg00000FLCgOMAX,
a0FRg00000FLCgPMAX,
a0FRg00000FLCgQMAX,
a0FRg00000FLCgRMAX,
a0FRg00000FLCgSMAX,
a0FRg00000FLCgTMAX,
a0FRg00000FLCgUMAX,
a0FRg00000FLCgVMAX,
a0FRg00000FLCgWMAX,
a0FRg00000FLCgXMAX,
a0FRg00000FLCgYMAX,
a0FRg00000FLCgZMAX,
a0FRg00000FLCgaMAH,
a0FRg00000FLCgbMAH,
a0FRg00000FLCgcMAH,
a0FRg00000FLCgdMAH,
a0FRg00000FLCgeMAH,
a0FRg00000FLCgfMAH,
a0FRg00000FLCggMAH,
a0FRg00000FLCghMAH,
a0FRg00000FLCgiMAH,
a0FRg00000FLCgjMAH,
a0FRg00000FLCgkMAH,
a0FRg00000FLCglMAH,
a0FRg00000FLCgmMAH,
a0FRg00000FLCgnMAH,
a0FRg00000FLCgoMAH,
a0FRg00000FLCgpMAH,
a0FRg00000FLCgqMAH,
a0FRg00000FLCgrMAH,
a0FRg00000FLCgsMAH,
a0FRg00000FLCgtMAH,
a0FRg00000FLCguMAH,
a0FRg00000FLCgvMAH,
a0FRg00000FLCgwMAH,
a0FRg00000FLCgxMAH,
a0FRg00000FLCgyMAH,
a0FRg00000FLCgzMAH,
a0FRg00000FLCh0MAH,
a0FRg00000FLCh1MAH,
a0FRg00000FLCh2MAH,
a0FRg00000FLCh3MAH,
a0FRg00000FLCh4MAH,
a0FRg00000FLCh5MAH,
a0FRg00000FLCh6MAH,
a0FRg00000FLCh7MAH,
a0FRg00000FLCh8MAH,
a0FRg00000FLCh9MAH,
a0FRg00000FLChAMAX,
a0FRg00000FLChBMAX,
a0FRg00000FLChCMAX,
a0FRg00000FLChDMAX,
a0FRg00000FLChEMAX,
a0FRg00000FLChFMAX,
a0FRg00000FLChGMAX,
a0FRg00000FLChHMAX,
a0FRg00000FLChIMAX,
a0FRg00000FLChJMAX,
a0FRg00000FLChKMAX,
a0FRg00000FLChLMAX,
a0FRg00000FLChMMAX,
a0FRg00000FLChNMAX,
a0FRg00000FLChOMAX,
a0FRg00000FLChPMAX,
a0FRg00000FLChQMAX,
a0FRg00000FLChRMAX,
a0FRg00000FLChSMAX,
a0FRg00000FLChTMAX,
a0FRg00000FLChUMAX,
a0FRg00000FLChVMAX,
a0FRg00000FLChWMAX,
a0FRg00000FLChXMAX,
a0FRg00000FLChYMAX,
a0FRg00000FLChZMAX,
a0FRg00000FLChaMAH,
a0FRg00000FLChbMAH,
a0FRg00000FLChcMAH,
a0FRg00000FLChdMAH,
a0FRg00000FLCheMAH,
a0FRg00000FLChfMAH,
a0FRg00000FLChgMAH,
a0FRg00000FLChhMAH,
a0FRg00000FLChiMAH,
a0FRg00000FLChjMAH,
a0FRg00000FLChkMAH,
a0FRg00000FLChlMAH,
a0FRg00000FLChmMAH,
a0FRg00000FLChnMAH,
a0FRg00000FLChoMAH,
a0FRg00000FLChpMAH,
a0FRg00000FLChqMAH,
a0FRg00000FLChrMAH,
a0FRg00000FLChsMAH,
a0FRg00000FLChtMAH,
a0FRg00000FLChuMAH,
a0FRg00000FLChvMAH,
a0FRg00000FLChwMAH,
a0FRg00000FLChxMAH,
a0FRg00000FLChyMAH,
a0FRg00000FLChzMAH,
a0FRg00000FLCi0MAH,
a0FRg00000FLCi1MAH,
a0FRg00000FLCi2MAH,
a0FRg00000FLCi3MAH,
a0FRg00000FLCi4MAH,
a0FRg00000FLCi5MAH,
a0FRg00000FLCi6MAH,
a0FRg00000FLCi7MAH,
a0FRg00000FLCi8MAH,
a0FRg00000FLCi9MAH,
a0FRg00000FLCiAMAX,
a0FRg00000FLCiBMAX,
a0FRg00000FLCiCMAX,
a0FRg00000FLCiDMAX,
a0FRg00000FLCiEMAX,
a0FRg00000FLCiFMAX,
a0FRg00000FLCiGMAX,
a0FRg00000FLCiHMAX,
a0FRg00000FLCiIMAX,
a0FRg00000FLCiJMAX,
a0FRg00000FLCiKMAX,
a0FRg00000FLCiLMAX,
a0FRg00000FLCiMMAX,
a0FRg00000FLCiNMAX,
a0FRg00000FLCiOMAX,
a0FRg00000FLCiPMAX,
a0FRg00000FLCiQMAX,
a0FRg00000FLCiRMAX,
a0FRg00000FLCiSMAX,
a0FRg00000FLCiTMAX,
a0FRg00000FLCiUMAX,
a0FRg00000FLCiVMAX,
a0FRg00000FLCiWMAX,
a0FRg00000FLCiXMAX,
a0FRg00000FLCiYMAX,
a0FRg00000FLCiZMAX,
a0FRg00000FLCiaMAH,
a0FRg00000FLCibMAH,
a0FRg00000FLCicMAH,
a0FRg00000FLCidMAH,
a0FRg00000FLCieMAH,
a0FRg00000FLCifMAH,
a0FRg00000FLCigMAH,
a0FRg00000FLCihMAH,
a0FRg00000FLCiiMAH,
a0FRg00000FLCijMAH,
a0FRg00000FLCikMAH,
a0FRg00000FLCilMAH,
a0FRg00000FLCimMAH,
a0FRg00000FLCinMAH,
a0FRg00000FLCioMAH,
a0FRg00000FLCipMAH,
a0FRg00000FLCiqMAH,
a0FRg00000FLCirMAH,
a0FRg00000FLCisMAH,
a0FRg00000FLCitMAH,
a0FRg00000FLCiuMAH,
a0FRg00000FLCivMAH,
a0FRg00000FLCiwMAH,
a0FRg00000FLCixMAH,
a0FRg00000FLCiyMAH,
a0FRg00000FLCizMAH,
a0FRg00000FLCj0MAH,
a0FRg00000FLCj1MAH,
a0FRg00000FLCj2MAH,
a0FRg00000FLCj3MAH,
a0FRg00000FLCj4MAH,
a0FRg00000FLCj5MAH,
a0FRg00000FLCj6MAH,
a0FRg00000FLCj7MAH,
a0FRg00000FLCj8MAH,
a0FRg00000FLCj9MAH,
a0FRg00000FLCjAMAX,
a0FRg00000FLCjBMAX,
a0FRg00000FLCjCMAX,
a0FRg00000FLCjDMAX,
a0FRg00000FLCjEMAX,
a0FRg00000FLCjFMAX,
a0FRg00000FLCjGMAX,
a0FRg00000FLCjHMAX,
a0FRg00000FLCjIMAX,
a0FRg00000FLCjJMAX,
a0FRg00000FLCjKMAX,
a0FRg00000FLCjLMAX,
a0FRg00000FLCjMMAX,
a0FRg00000FLCjNMAX,
a0FRg00000FLCjOMAX,
a0FRg00000FLCjPMAX,
a0FRg00000FLCjQMAX,
a0FRg00000FLCjRMAX,
a0FRg00000FLCjSMAX,
a0FRg00000FLCjTMAX,
a0FRg00000FLCjUMAX,
a0FRg00000FLCjVMAX,
a0FRg00000FLCjWMAX,
a0FRg00000FLCjXMAX,
a0FRg00000FLCjYMAX,
a0FRg00000FLCjZMAX,
a0FRg00000FLCjaMAH,
a0FRg00000FLCjbMAH,
a0FRg00000FLCjcMAH,
a0FRg00000FLCjdMAH,
a0FRg00000FLCjeMAH,
a0FRg00000FLCjfMAH,
a0FRg00000FLCjgMAH,
a0FRg00000FLCjhMAH,
a0FRg00000FLCjiMAH,
a0FRg00000FLCjjMAH,
a0FRg00000FLCjkMAH,
a0FRg00000FLCjlMAH,
a0FRg00000FLCjmMAH,
a0FRg00000FLCjnMAH,
a0FRg00000FLCjoMAH,
a0FRg00000FLCjpMAH,
a0FRg00000FLCjqMAH,
a0FRg00000FLCjrMAH,
a0FRg00000FLCjsMAH,
a0FRg00000FLClVMAX,
a0FRg00000FLClWMAX,
a0FRg00000FLClXMAX,
a0FRg00000FLClYMAX,
a0FRg00000FLClZMAX,
a0FRg00000FLClaMAH,
a0FRg00000FLClbMAH,
a0FRg00000FLClcMAH,
a0FRg00000FLCldMAH,
a0FRg00000FLCleMAH,
a0FRg00000FLClfMAH,
a0FRg00000FLClgMAH,
a0FRg00000FLClhMAH,
a0FRg00000FLCliMAH,
a0FRg00000FLCljMAH,
a0FRg00000FLClkMAH,
a0FRg00000FLCllMAH,
a0FRg00000FLClmMAH,
a0FRg00000FLClnMAH,
a0FRg00000FLCloMAH,
a0FRg00000FLClpMAH,
a0FRg00000FLClqMAH,
a0FRg00000FLClrMAH,
a0FRg00000FLClsMAH,
a0FRg00000FLCltMAH,
a0FRg00000FLCluMAH,
a0FRg00000FLClvMAH,
a0FRg00000FLClwMAH,
a0FRg00000FLClxMAH,
a0FRg00000FLClyMAH,
a0FRg00000FLClzMAH,
a0FRg00000FLCm0MAH,
a0FRg00000FLCm1MAH,
a0FRg00000FLCm2MAH,
a0FRg00000FLCm3MAH,
a0FRg00000FLCm4MAH,
a0FRg00000FLCm5MAH,
a0FRg00000FLCm6MAH,
a0FRg00000FLCm7MAH,
a0FRg00000FLCm8MAH,
a0FRg00000FLCm9MAH,
a0FRg00000FLCmAMAX,
a0FRg00000FLCmBMAX,
a0FRg00000FLCmCMAX,
a0FRg00000FLCmDMAX,
a0FRg00000FLCmEMAX,
a0FRg00000FLCmFMAX,
a0FRg00000FLCmGMAX,
a0FRg00000FLCmHMAX,
a0FRg00000FLCmIMAX,
a0FRg00000FLCmJMAX,
a0FRg00000FLCmKMAX,
a0FRg00000FLCmLMAX,
a0FRg00000FLCmMMAX,
a0FRg00000FLCmNMAX,
a0FRg00000FLCmOMAX,
a0FRg00000FLCmPMAX,
a0FRg00000FLCmQMAX,
a0FRg00000FLCmRMAX,
a0FRg00000FLCmSMAX,
a0FRg00000FLCmTMAX,
a0FRg00000FLCmUMAX,
a0FRg00000FLCmVMAX,
a0FRg00000FLCmWMAX,
a0FRg00000FLCmXMAX,
a0FRg00000FLCmYMAX,
a0FRg00000FLCmZMAX,
a0FRg00000FLCmaMAH,
a0FRg00000FLCmbMAH,
a0FRg00000FLCmcMAH,
a0FRg00000FLCmdMAH,
a0FRg00000FLCmeMAH,
a0FRg00000FLCmfMAH,
a0FRg00000FLCmgMAH,
a0FRg00000FLCmhMAH,
a0FRg00000FLCmiMAH,
a0FRg00000FLCmjMAH,
a0FRg00000FLCmkMAH,
a0FRg00000FLCmlMAH,
a0FRg00000FLCmmMAH,
a0FRg00000FLCmnMAH,
a0FRg00000FLCmoMAH,
a0FRg00000FLCmpMAH,
a0FRg00000FLCmqMAH,
a0FRg00000FLCmrMAH,
a0FRg00000FLCmsMAH,
a0FRg00000FLCmtMAH,
a0FRg00000FLCmuMAH,
a0FRg00000FLCmvMAH,
a0FRg00000FLCmwMAH,
a0FRg00000FLCmxMAH,
a0FRg00000FLCmyMAH,
a0FRg00000FLCmzMAH,
a0FRg00000FLCn0MAH,
a0FRg00000FLCn1MAH,
a0FRg00000FLCn2MAH,
a0FRg00000FLCn3MAH,
a0FRg00000FLCn4MAH,
a0FRg00000FLCn5MAH,
a0FRg00000FLCn6MAH,
a0FRg00000FLD9hMAH,
a0FRg00000FLD9iMAH,
a0FRg00000FLD9jMAH,
a0FRg00000FLD9kMAH,
a0FRg00000FLD9lMAH,
a0FRg00000FLD9mMAH,
a0FRg00000FLD9nMAH,
a0FRg00000FLD9oMAH,
a0FRg00000FLD9pMAH,
a0FRg00000FLD9qMAH,
a0FRg00000FLD9rMAH,
a0FRg00000FLD9sMAH,
a0FRg00000FLD9tMAH,
a0FRg00000FLD9uMAH,
a0FRg00000FLD9vMAH,
a0FRg00000FLD9wMAH,
a0FRg00000FLD9xMAH,
a0FRg00000FLD9yMAH,
a0FRg00000FLD9zMAH,
a0FRg00000FLDA0MAP,
a0FRg00000FLDA1MAP,
a0FRg00000FLDA2MAP,
a0FRg00000FLDA3MAP,
a0FRg00000FLDA4MAP,
a0FRg00000FLDA5MAP,
a0FRg00000FLDA6MAP,
a0FRg00000FLDA7MAP,
a0FRg00000FLDA8MAP,
a0FRg00000FLDA9MAP,
a0FRg00000FLDAAMA5,
a0FRg00000FLDABMA5,
a0FRg00000FLDACMA5,
a0FRg00000FLDADMA5,
a0FRg00000FLDAEMA5,
a0FRg00000FLDAFMA5,
a0FRg00000FLDAGMA5,
a0FRg00000FLDAHMA5,
a0FRg00000FLDAIMA5,
a0FRg00000FLDAJMA5,
a0FRg00000FLDAKMA5,
a0FRg00000FLDALMA5,
a0FRg00000FLDAMMA5,
a0FRg00000FLDANMA5,
a0FRg00000FLDAOMA5,
a0FRg00000FLDAPMA5,
a0FRg00000FLDAQMA5,
a0FRg00000FLDARMA5,
a0FRg00000FLDASMA5,
a0FRg00000FLDATMA5,
a0FRg00000FLDAUMA5,
a0FRg00000FLDAVMA5,
a0FRg00000FLDAWMA5,
a0FRg00000FLDAXMA5,
a0FRg00000FLDAYMA5,
a0FRg00000FLDAZMA5,
a0FRg00000FLDAaMAP,
a0FRg00000FLDAbMAP,
a0FRg00000FLDAcMAP,
a0FRg00000FLDAdMAP,
a0FRg00000FLDAeMAP,
a0FRg00000FLDAfMAP,
a0FRg00000FLDAgMAP,
a0FRg00000FLDAhMAP,
a0FRg00000FLDAiMAP,
a0FRg00000FLDAjMAP,
a0FRg00000FLDAkMAP,
a0FRg00000FLDAlMAP,
a0FRg00000FLDAmMAP,
a0FRg00000FLDAnMAP,
a0FRg00000FLDAoMAP,
a0FRg00000FLDApMAP,
a0FRg00000FLDAqMAP,
a0FRg00000FLDArMAP,
a0FRg00000FLDAsMAP,
a0FRg00000FLDAtMAP,
a0FRg00000FLDAuMAP,
a0FRg00000FLDAvMAP,
a0FRg00000FLDAwMAP,
a0FRg00000FLDAxMAP,
a0FRg00000FLDAyMAP,
a0FRg00000FLDAzMAP,
a0FRg00000FLDB0MAP,
a0FRg00000FLDB1MAP,
a0FRg00000FLDB2MAP,
a0FRg00000FLDB3MAP,
a0FRg00000FLDB4MAP,
a0FRg00000FLDB5MAP,
a0FRg00000FLDB6MAP,
a0FRg00000FLDB7MAP,
a0FRg00000FLDB8MAP,
a0FRg00000FLDB9MAP,
a0FRg00000FLDBAMA5,
a0FRg00000FLDBBMA5,
a0FRg00000FLDBCMA5,
a0FRg00000FLDBDMA5,
a0FRg00000FLDBEMA5,
a0FRg00000FLDBFMA5,
a0FRg00000FLDBGMA5,
a0FRg00000FLDBHMA5,
a0FRg00000FLDBIMA5,
a0FRg00000FLDBJMA5,
a0FRg00000FLDBKMA5,
a0FRg00000FLDBLMA5,
a0FRg00000FLDBMMA5,
a0FRg00000FLDBNMA5,
a0FRg00000FLDBOMA5,
a0FRg00000FLDBPMA5,
a0FRg00000FLDBQMA5,
a0FRg00000FLDBRMA5,
a0FRg00000FLDBSMA5,
a0FRg00000FLDBTMA5,
a0FRg00000FLDBUMA5,
a0FRg00000FLDBVMA5,
a0FRg00000FLDBWMA5,
a0FRg00000FLDBXMA5,
a0FRg00000FLDBYMA5,
a0FRg00000FLDBZMA5,
a0FRg00000FLDBaMAP,
a0FRg00000FLDBbMAP,
a0FRg00000FLDBcMAP,
a0FRg00000FLDBdMAP,
a0FRg00000FLDBeMAP,
a0FRg00000FLDBfMAP,
a0FRg00000FLDBgMAP,
a0FRg00000FLDBhMAP,
a0FRg00000FLDBiMAP,
a0FRg00000FLDBjMAP,
a0FRg00000FLDBkMAP,
a0FRg00000FLDBlMAP,
a0FRg00000FLDBmMAP,
a0FRg00000FLDBnMAP,
a0FRg00000FLDBoMAP,
a0FRg00000FLDBpMAP,
a0FRg00000FLDBqMAP,
a0FRg00000FLDBrMAP,
a0FRg00000FLDBsMAP,
a0FRg00000FLDBtMAP,
a0FRg00000FLDBuMAP,
a0FRg00000FLDBvMAP,
a0FRg00000FLDBwMAP,
a0FRg00000FLDBxMAP,
a0FRg00000FLDByMAP,
a0FRg00000FLDBzMAP,
a0FRg00000FLDC0MAP,
a0FRg00000FLDC1MAP,
a0FRg00000FLDC2MAP,
a0FRg00000FLDC3MAP,
a0FRg00000FLDC4MAP,
a0FRg00000FLDC5MAP,
a0FRg00000FLDC6MAP,
a0FRg00000FLDC7MAP,
a0FRg00000FLDC8MAP,
a0FRg00000FLDC9MAP,
a0FRg00000FLDCAMA5,
a0FRg00000FLDCBMA5,
a0FRg00000FLDCCMA5,
a0FRg00000FLDCDMA5,
a0FRg00000FLDCEMA5,
a0FRg00000FLDCFMA5,
a0FRg00000FLDCGMA5,
a0FRg00000FLDCHMA5,
a0FRg00000FLDCIMA5,
a0FRg00000FLDCJMA5,
a0FRg00000FLDCKMA5,
a0FRg00000FLDCLMA5,
a0FRg00000FLDCMMA5,
a0FRg00000FLDCNMA5,
a0FRg00000FLDCOMA5,
a0FRg00000FLDCPMA5,
a0FRg00000FLDCQMA5,
a0FRg00000FLDCRMA5,
a0FRg00000FLDCSMA5,
a0FRg00000FLDCTMA5,
a0FRg00000FLDCUMA5,
a0FRg00000FLDCVMA5,
a0FRg00000FLDCWMA5,
a0FRg00000FLDCXMA5,
a0FRg00000FLDCYMA5,
a0FRg00000FLDCZMA5,
a0FRg00000FLDCaMAP,
a0FRg00000FLDCbMAP,
a0FRg00000FLDCcMAP,
a0FRg00000FLDCdMAP,
a0FRg00000FLDCeMAP,
a0FRg00000FLDCfMAP,
a0FRg00000FLDCgMAP,
a0FRg00000FLDChMAP,
a0FRg00000FLDCiMAP,
a0FRg00000FLDCjMAP,
a0FRg00000FLDCkMAP,
a0FRg00000FLDClMAP,
a0FRg00000FLDCmMAP,
a0FRg00000FLDCnMAP,
a0FRg00000FLDCoMAP,
a0FRg00000FLDCpMAP,
a0FRg00000FLDCqMAP,
a0FRg00000FLDCrMAP,
a0FRg00000FLDCsMAP,
a0FRg00000FLDCtMAP,
a0FRg00000FLDCuMAP,
a0FRg00000FLDCvMAP,
a0FRg00000FLDCwMAP,
a0FRg00000FLDCxMAP,
a0FRg00000FLDCyMAP,
a0FRg00000FLDCzMAP,
a0FRg00000FLDD0MAP,
a0FRg00000FLDD1MAP,
a0FRg00000FLDD2MAP,
a0FRg00000FLDD3MAP,
a0FRg00000FLDD4MAP,
a0FRg00000FLDD5MAP,
a0FRg00000FLDD6MAP,
a0FRg00000FLDD7MAP,
a0FRg00000FLDD8MAP,
a0FRg00000FLDD9MAP,
a0FRg00000FLDDAMA5,
a0FRg00000FLDDBMA5,
a0FRg00000FLDDCMA5,
a0FRg00000FLDDDMA5,
a0FRg00000FLDDEMA5,
a0FRg00000FLDDFMA5,
a0FRg00000FLDDGMA5,
a0FRg00000FLDDHMA5,
a0FRg00000FLDDIMA5,
a0FRg00000FLDDJMA5,
a0FRg00000FLDDKMA5,
a0FRg00000FLDDLMA5,
a0FRg00000FLDDMMA5,
a0FRg00000FLDDNMA5,
a0FRg00000FLDDOMA5,
a0FRg00000FLDDPMA5,
a0FRg00000FLDDQMA5,
a0FRg00000FLDDRMA5,
a0FRg00000FLDDSMA5,
a0FRg00000FLDDTMA5,
a0FRg00000FLDDUMA5,
a0FRg00000FLDDVMA5,
a0FRg00000FLDDWMA5,
a0FRg00000FLDDXMA5,
a0FRg00000FLDDYMA5,
a0FRg00000FLDDZMA5,
a0FRg00000FLDDaMAP,
a0FRg00000FLDDbMAP,
a0FRg00000FLDDcMAP,
a0FRg00000FLDDdMAP,
a0FRg00000FLDDeMAP,
a0FRg00000FLDDfMAP,
a0FRg00000FLDDgMAP,
a0FRg00000FLDDhMAP,
a0FRg00000FLDDiMAP,
a0FRg00000FLDDjMAP,
a0FRg00000FLDDkMAP,
a0FRg00000FLDDlMAP,
a0FRg00000FLDDmMAP,
a0FRg00000FLDDnMAP,
a0FRg00000FLDDoMAP,
a0FRg00000FLDDpMAP,
a0FRg00000FLDDqMAP,
a0FRg00000FLDDrMAP,
a0FRg00000FLDDsMAP,
a0FRg00000FLDDtMAP,
a0FRg00000FLDDuMAP,
a0FRg00000FLDDvMAP,
a0FRg00000FLDDwMAP,
a0FRg00000FLDDxMAP,
a0FRg00000FLDDyMAP,
a0FRg00000FLDDzMAP,
a0FRg00000FLDE0MAP,
a0FRg00000FLDE1MAP,
a0FRg00000FLDE2MAP,
a0FRg00000FLDE3MAP,
a0FRg00000FLDE4MAP,
a0FRg00000FLDE5MAP,
a0FRg00000FLDE6MAP,
a0FRg00000FLDE7MAP,
a0FRg00000FLDE8MAP,
a0FRg00000FLDE9MAP,
a0FRg00000FLDEAMA5,
a0FRg00000FLDEBMA5,
a0FRg00000FLDECMA5,
a0FRg00000FLDEDMA5,
a0FRg00000FLDEEMA5,
a0FRg00000FLDEFMA5,
a0FRg00000FLDEGMA5,
a0FRg00000FLDEHMA5,
a0FRg00000FLDEIMA5,
a0FRg00000FLDEJMA5,
a0FRg00000FLDEKMA5,
a0FRg00000FLDELMA5,
a0FRg00000FLDEMMA5,
a0FRg00000FLDENMA5,
a0FRg00000FLDEOMA5,
a0FRg00000FLDEPMA5,
a0FRg00000FLDEQMA5,
a0FRg00000FLDERMA5,
a0FRg00000FLDESMA5,
a0FRg00000FLDETMA5,
a0FRg00000FLDEUMA5,
a0FRg00000FLDEVMA5,
a0FRg00000FLDEWMA5,
a0FRg00000FLDEXMA5,
a0FRg00000FLDEYMA5,
a0FRg00000FLDEZMA5,
a0FRg00000FLDEaMAP,
a0FRg00000FLDEbMAP,
a0FRg00000FLDEcMAP,
a0FRg00000FLDEdMAP,
a0FRg00000FLDEeMAP,
a0FRg00000FLDEfMAP,
a0FRg00000FLDEgMAP,
a0FRg00000FLDEhMAP,
a0FRg00000FLDEiMAP,
a0FRg00000FLDEjMAP,
a0FRg00000FLDEkMAP,
a0FRg00000FLDElMAP,
a0FRg00000FLDEmMAP,
a0FRg00000FLDEnMAP,
a0FRg00000FLDEoMAP,
a0FRg00000FLDEpMAP,
a0FRg00000FLDEqMAP,
a0FRg00000FLDErMAP,
a0FRg00000FLDEsMAP,
a0FRg00000FLDEtMAP,
a0FRg00000FLDEuMAP,
a0FRg00000FLDEvMAP,
a0FRg00000FLDEwMAP,
a0FRg00000FLDExMAP,
a0FRg00000FLDEyMAP,
a0FRg00000FLDEzMAP,
a0FRg00000FLDF0MAP,
a0FRg00000FLDF1MAP,
a0FRg00000FLDF2MAP,
a0FRg00000FLDF3MAP,
a0FRg00000FLDF4MAP,
a0FRg00000FLDF5MAP,
a0FRg00000FLDF6MAP,
a0FRg00000FLDF7MAP,
a0FRg00000FLDF8MAP,
a0FRg00000FLDF9MAP,
a0FRg00000FLDFAMA5,
a0FRg00000FLDFBMA5,
a0FRg00000FLDFCMA5,
a0FRg00000FLDFDMA5,
a0FRg00000FLDFEMA5,
a0FRg00000FLDFFMA5,
a0FRg00000FLDFGMA5,
a0FRg00000FLDFHMA5,
a0FRg00000FLDFIMA5,
a0FRg00000FLDFJMA5,
a0FRg00000FLDFKMA5,
a0FRg00000FLDFLMA5,
a0FRg00000FLDFMMA5,
a0FRg00000FLDFNMA5,
a0FRg00000FLDFOMA5,
a0FRg00000FLDFPMA5,
a0FRg00000FLDFQMA5,
a0FRg00000FLDFRMA5,
a0FRg00000FLDFSMA5,
a0FRg00000FLDFTMA5,
a0FRg00000FLDFUMA5,
a0FRg00000FLDFVMA5,
a0FRg00000FLDFWMA5,
a0FRg00000FLDFXMA5,
a0FRg00000FLDFYMA5,
a0FRg00000FLDFZMA5,
a0FRg00000FLDFaMAP,
a0FRg00000FLDFbMAP,
a0FRg00000FLDFcMAP,
a0FRg00000FLDFdMAP,
a0FRg00000FLDFeMAP,
a0FRg00000FLDFfMAP,
a0FRg00000FLDFgMAP,
a0FRg00000FLDFhMAP,
a0FRg00000FLDFiMAP,
a0FRg00000FLDFjMAP,
a0FRg00000FLDFkMAP,
a0FRg00000FLDFlMAP,
a0FRg00000FLDFmMAP,
a0FRg00000FLDFnMAP,
a0FRg00000FLDFoMAP,
a0FRg00000FLDFpMAP,
a0FRg00000FLDFqMAP,
a0FRg00000FLDFrMAP,
a0FRg00000FLDFsMAP,
a0FRg00000FLDFtMAP,
a0FRg00000FLDFuMAP,
a0FRg00000FLDFvMAP,
a0FRg00000FLDFwMAP,
a0FRg00000FLDFxMAP,
a0FRg00000FLDFyMAP,
a0FRg00000FLDFzMAP,
a0FRg00000FLDG0MAP,
a0FRg00000FLDG1MAP,
a0FRg00000FLDG2MAP,
a0FRg00000FLDG3MAP,
a0FRg00000FLDG4MAP,
a0FRg00000FLDG5MAP,
a0FRg00000FLDG6MAP,
a0FRg00000FLDG7MAP,
a0FRg00000FLDG8MAP,
a0FRg00000FLDG9MAP,
a0FRg00000FLDGAMA5,
a0FRg00000FLDGBMA5,
a0FRg00000FLDGCMA5,
a0FRg00000FLDGDMA5,
a0FRg00000FLDGEMA5,
a0FRg00000FLDGFMA5,
a0FRg00000FLDGGMA5,
a0FRg00000FLDGHMA5,
a0FRg00000FLDGIMA5,
a0FRg00000FLDGJMA5,
a0FRg00000FLDGKMA5,
a0FRg00000FLDGLMA5,
a0FRg00000FLDGMMA5,
a0FRg00000FLDGNMA5,
a0FRg00000FLDGOMA5,
a0FRg00000FLDGPMA5,
a0FRg00000FLDGQMA5,
a0FRg00000FLDGRMA5,
a0FRg00000FLDGSMA5,
a0FRg00000FLDGTMA5,
a0FRg00000FLDGUMA5,
a0FRg00000FLDGVMA5,
a0FRg00000FLDGWMA5,
a0FRg00000FLDGXMA5,
a0FRg00000FLDGYMA5,
a0FRg00000FLDGZMA5,
a0FRg00000FLDGaMAP,
a0FRg00000FLDGbMAP,
a0FRg00000FLDGcMAP,
a0FRg00000FLDGdMAP,
a0FRg00000FLDGeMAP,
a0FRg00000FLDGfMAP,
a0FRg00000FLDGgMAP,
a0FRg00000FLDGhMAP,
a0FRg00000FLDGiMAP,
a0FRg00000FLDGjMAP,
a0FRg00000FLDGkMAP,
a0FRg00000FLDGlMAP,
a0FRg00000FLDGmMAP,
a0FRg00000FLDGnMAP,
a0FRg00000FLDGoMAP,
a0FRg00000FLDGpMAP,
a0FRg00000FLDGqMAP,
a0FRg00000FLDGrMAP,
a0FRg00000FLDGsMAP,
a0FRg00000FLDGtMAP,
a0FRg00000FLDGuMAP,
a0FRg00000FLDGvMAP,
a0FRg00000FLDGwMAP,
a0FRg00000FLDGxMAP,
a0FRg00000FLDGyMAP,
a0FRg00000FLDGzMAP,
a0FRg00000FLDH0MAP,
a0FRg00000FLDH1MAP,
a0FRg00000FLDH2MAP,
a0FRg00000FLDH3MAP,
a0FRg00000FLDH4MAP,
a0FRg00000FLDH5MAP,
a0FRg00000FLDH6MAP,
a0FRg00000FLDH7MAP,
a0FRg00000FLDH8MAP,
a0FRg00000FLDH9MAP,
a0FRg00000FLDHAMA5,
a0FRg00000FLDHBMA5,
a0FRg00000FLDHCMA5,
a0FRg00000FLDHDMA5,
a0FRg00000FLDHEMA5,
a0FRg00000FLDHFMA5,
a0FRg00000FLDHGMA5,
a0FRg00000FLDHHMA5,
a0FRg00000FLDHIMA5,
a0FRg00000FLDHJMA5,
a0FRg00000FLDHKMA5,
a0FRg00000FLDHLMA5,
a0FRg00000FLDHMMA5,
a0FRg00000FLDHNMA5,
a0FRg00000FLDHOMA5,
a0FRg00000FLDHPMA5,
a0FRg00000FLDHQMA5,
a0FRg00000FLDHRMA5,
a0FRg00000FLDHSMA5,
a0FRg00000FLDHTMA5,
a0FRg00000FLDHUMA5,
a0FRg00000FLDHVMA5,
a0FRg00000FLDHWMA5,
a0FRg00000FLDHXMA5,
a0FRg00000FLDHYMA5,
a0FRg00000FLDHZMA5,
a0FRg00000FLDHaMAP,
a0FRg00000FLDHbMAP,
a0FRg00000FLDHcMAP,
a0FRg00000FLDHdMAP,
a0FRg00000FLDHeMAP,
a0FRg00000FLDHfMAP,
a0FRg00000FLDHgMAP,
a0FRg00000FLDHhMAP,
a0FRg00000FLDHiMAP,
a0FRg00000FLDHjMAP,
a0FRg00000FLDHkMAP,
a0FRg00000FLDHlMAP,
a0FRg00000FLDHmMAP,
a0FRg00000FLDHnMAP,
a0FRg00000FLDHoMAP,
a0FRg00000FLDHpMAP,
a0FRg00000FLDHqMAP,
a0FRg00000FLDHrMAP,
a0FRg00000FLDHsMAP,
a0FRg00000FLDHtMAP,
a0FRg00000FLDHuMAP,
a0FRg00000FLDHvMAP,
a0FRg00000FLDHwMAP,
a0FRg00000FLDHxMAP,
a0FRg00000FLDHyMAP,
a0FRg00000FLDHzMAP,
a0FRg00000FLDI0MAP,
a0FRg00000FLDI1MAP,
a0FRg00000FLDI2MAP,
a0FRg00000FLDI3MAP,
a0FRg00000FLDI4MAP,
a0FRg00000FLDI5MAP,
a0FRg00000FLDI6MAP,
a0FRg00000FLDI7MAP,
a0FRg00000FLDI8MAP,
a0FRg00000FLDI9MAP,
a0FRg00000FLDIAMA5,
a0FRg00000FLDIBMA5,
a0FRg00000FLDICMA5,
a0FRg00000FLDIDMA5,
a0FRg00000FLDIEMA5,
a0FRg00000FLDIFMA5,
a0FRg00000FLDIGMA5,
a0FRg00000FLDIHMA5,
a0FRg00000FLDIIMA5,
a0FRg00000FLDIJMA5,
a0FRg00000FLDIKMA5,
a0FRg00000FLDILMA5,
a0FRg00000FLDIMMA5,
a0FRg00000FLDINMA5,
a0FRg00000FLDIOMA5,
a0FRg00000FLDIPMA5,
a0FRg00000FLDIQMA5,
a0FRg00000FLDIRMA5,
a0FRg00000FLDISMA5,
a0FRg00000FLDITMA5,
a0FRg00000FLDIUMA5,
a0FRg00000FLDIVMA5,
a0FRg00000FLDIWMA5,
a0FRg00000FLDIXMA5,
a0FRg00000FLDIYMA5,
a0FRg00000FLDIZMA5,
a0FRg00000FLDIaMAP,
a0FRg00000FLDIbMAP,
a0FRg00000FLDIcMAP,
a0FRg00000FLDIdMAP,
a0FRg00000FLDIeMAP,
a0FRg00000FLDIfMAP,
a0FRg00000FLDIgMAP,
a0FRg00000FLDIhMAP,
a0FRg00000FLDIiMAP,
a0FRg00000FLDIjMAP,
a0FRg00000FLDIkMAP,
a0FRg00000FLDIlMAP,
a0FRg00000FLDImMAP,
a0FRg00000FLDInMAP,
a0FRg00000FLDIoMAP,
a0FRg00000FLDIpMAP,
a0FRg00000FLDIqMAP,
a0FRg00000FLDIrMAP,
a0FRg00000FLDIsMAP,
a0FRg00000FLDItMAP,
a0FRg00000FLDIuMAP,
a0FRg00000FLDIvMAP,
a0FRg00000FLDIwMAP,
a0FRg00000FLDIxMAP,
a0FRg00000FLDIyMAP,
a0FRg00000FLDIzMAP,
a0FRg00000FLDJ0MAP,
a0FRg00000FLDJ1MAP,
a0FRg00000FLDJ2MAP,
a0FRg00000FLDJ3MAP,
a0FRg00000FLDJ4MAP,
a0FRg00000FLDJ5MAP,
a0FRg00000FLDJ6MAP,
a0FRg00000FLDJ7MAP,
a0FRg00000FLDJ8MAP,
a0FRg00000FLDJ9MAP,
a0FRg00000FLDJAMA5,
a0FRg00000FLDJBMA5,
a0FRg00000FLDJCMA5,
a0FRg00000FLDJDMA5,
a0FRg00000FLDJEMA5,
a0FRg00000FLDJFMA5,
a0FRg00000FLDJGMA5,
a0FRg00000FLDJHMA5,
a0FRg00000FLDJIMA5,
a0FRg00000FLDJJMA5,
a0FRg00000FLDJKMA5,
a0FRg00000FLDJLMA5,
a0FRg00000FLDJMMA5,
a0FRg00000FNUb3MAH,
a0FRg00000FNUb4MAH,
a0FRg00000FNUb5MAH,
a0FRg00000FNUb6MAH,
a0FRg00000FNUb7MAH,
a0FRg00000FNUb8MAH,
a0FRg00000FNUb9MAH,
a0FRg00000FNUbAMAX,
a0FRg00000FNUbBMAX,
a0FRg00000FNUbCMAX,
a0FRg00000FNUbDMAX,
a0FRg00000FNUbEMAX,
a0FRg00000FNUbFMAX,
a0FRg00000FNUbGMAX,
a0FRg00000FNUbHMAX,
a0FRg00000FNUbIMAX,
a0FRg00000FNUbJMAX,
a0FRg00000FNUbKMAX,
a0FRg00000FNUbLMAX,
a0FRg00000FNUbMMAX,
a0FRg00000FNUbNMAX,
a0FRg00000FNUbOMAX,
a0FRg00000FNUcfMAH,
a0FRg00000FNUcgMAH,
a0FRg00000FNUchMAH,
a0FRg00000FNUciMAH,
a0FRg00000FNUcjMAH,
a0FRg00000FNUckMAH,
a0FRg00000FNUclMAH,
a0FRg00000FNUcmMAH,
a0FRg00000FNUcnMAH,
a0FRg00000FNUcoMAH,
a0FRg00000FNUcpMAH,
a0FRg00000FNUcqMAH,
a0FRg00000FNUcrMAH,
a0FRg00000FNUcsMAH,
a0FRg00000FNUctMAH,
a0FRg00000FNUcuMAH,
a0FRg00000FNUcvMAH,
a0FRg00000FNUcwMAH,
a0FRg00000FNUcxMAH,
a0FRg00000FNUcyMAH,
a0FRg00000FNUczMAH,
a0FRg00000FNUd0MAH,
a0FRg00000FNUeHMAX,
a0FRg00000FNUeIMAX,
a0FRg00000FNUeJMAX,
a0FRg00000FNUeKMAX,
a0FRg00000FNUeLMAX,
a0FRg00000FNUeMMAX,
a0FRg00000FNUeNMAX,
a0FRg00000FNUeOMAX,
a0FRg00000FNUePMAX,
a0FRg00000FNUeQMAX,
a0FRg00000FNUeRMAX,
a0FRg00000FNUeSMAX,
a0FRg00000FNUeTMAX,
a0FRg00000FNUeUMAX,
a0FRg00000FNUeVMAX,
a0FRg00000FNUeWMAX,
a0FRg00000FNUeXMAX,
a0FRg00000FNUeYMAX,
a0FRg00000FNUeZMAX,
a0FRg00000FNUeaMAH,
a0FRg00000FNUebMAH,
a0FRg00000FNUecMAH,
a0FRg00000FNUhVMAX,
a0FRg00000FNUhWMAX,
a0FRg00000FNUhXMAX,
a0FRg00000FNUhYMAX,
a0FRg00000FNUhZMAX,
a0FRg00000FNUhaMAH,
a0FRg00000FNUhbMAH,
a0FRg00000FNUhcMAH,
a0FRg00000FNUhdMAH,
a0FRg00000FNUheMAH,
a0FRg00000FNUhfMAH,
a0FRg00000FNUhgMAH,
a0FRg00000FNUhhMAH,
a0FRg00000FNUhiMAH,
a0FRg00000FNUhjMAH,
a0FRg00000FNUhkMAH,
a0FRg00000FNUhlMAH,
a0FRg00000FNUhmMAH,
a0FRg00000FNUhnMAH,
a0FRg00000FNUhoMAH,
a0FRg00000FNUhpMAH,
a0FRg00000FNUhqMAH,
a0FRg00000FNUj7MAH,
a0FRg00000FNUj8MAH,
a0FRg00000FNUj9MAH,
a0FRg00000FNUjAMAX,
a0FRg00000FNUjBMAX,
a0FRg00000FNUjCMAX,
a0FRg00000FNUjDMAX,
a0FRg00000FNUjEMAX,
a0FRg00000FNUjFMAX,
a0FRg00000FNUjGMAX,
a0FRg00000FNUjHMAX,
a0FRg00000FNUjIMAX,
a0FRg00000FNUjJMAX,
a0FRg00000FNUjKMAX,
a0FRg00000FNUjLMAX,
a0FRg00000FNUjMMAX,
a0FRg00000FNUjNMAX,
a0FRg00000FNUjOMAX,
a0FRg00000FNUjPMAX,
a0FRg00000FNUjQMAX,
a0FRg00000FNUjRMAX,
a0FRg00000FNUjSMAX,
a0FRg00000FNUkjMAH,
a0FRg00000FNUkkMAH,
a0FRg00000FNUklMAH,
a0FRg00000FNUkmMAH,
a0FRg00000FNUknMAH,
a0FRg00000FNUkoMAH,
a0FRg00000FNUkpMAH,
a0FRg00000FNUkqMAH,
a0FRg00000FNUkrMAH,
a0FRg00000FNUksMAH,
a0FRg00000FNUktMAH,
a0FRg00000FNUkuMAH,
a0FRg00000FNUkvMAH,
a0FRg00000FNUkwMAH,
a0FRg00000FNUkxMAH,
a0FRg00000FNUkyMAH,
a0FRg00000FNUkzMAH,
a0FRg00000FNUl0MAH,
a0FRg00000FNUl1MAH,
a0FRg00000FNUl2MAH,
a0FRg00000FNUl3MAH,
a0FRg00000FNUl4MAH,
a0FRg00000FNUmLMAX,
a0FRg00000FNUmMMAX,
a0FRg00000FNUmNMAX,
a0FRg00000FNUmOMAX,
a0FRg00000FNUmPMAX,
a0FRg00000FNUmQMAX,
a0FRg00000FNUmRMAX,
a0FRg00000FNUmSMAX,
a0FRg00000FNUmTMAX,
a0FRg00000FNUmUMAX,
a0FRg00000FNUmVMAX,
a0FRg00000FNUmWMAX,
a0FRg00000FNUmXMAX,
a0FRg00000FNUmYMAX,
a0FRg00000FNUmZMAX,
a0FRg00000FNUmaMAH,
a0FRg00000FNUmbMAH,
a0FRg00000FNUmcMAH,
a0FRg00000FNUmdMAH,
a0FRg00000FNUmeMAH,
a0FRg00000FNUmfMAH,
a0FRg00000FNUmgMAH,
a0FRg00000FNUpZMAX,
a0FRg00000FNUpaMAH,
a0FRg00000FNUpbMAH,
a0FRg00000FNUpcMAH,
a0FRg00000FNUpdMAH,
a0FRg00000FNUpeMAH,
a0FRg00000FNUpfMAH,
a0FRg00000FNUpgMAH,
a0FRg00000FNUphMAH,
a0FRg00000FNUpiMAH,
a0FRg00000FNUpjMAH,
a0FRg00000FNUpkMAH,
a0FRg00000FNUplMAH,
a0FRg00000FNUpmMAH,
a0FRg00000FNUpnMAH,
a0FRg00000FNUpoMAH,
a0FRg00000FNUppMAH,
a0FRg00000FNUpqMAH,
a0FRg00000FNUprMAH,
a0FRg00000FNUpsMAH,
a0FRg00000FNUptMAH,
a0FRg00000FNUpuMAH,
a0FRg00000FNUrBMAX,
a0FRg00000FNUrCMAX,
a0FRg00000FNUrDMAX,
a0FRg00000FNUrEMAX,
a0FRg00000FNUrFMAX,
a0FRg00000FNUrGMAX,
a0FRg00000FNUrHMAX,
a0FRg00000FNUrIMAX,
a0FRg00000FNUrJMAX,
a0FRg00000FNUrKMAX,
a0FRg00000FNUrLMAX,
a0FRg00000FNUrMMAX,
a0FRg00000FNUrNMAX,
a0FRg00000FNUrOMAX,
a0FRg00000FNUrPMAX,
a0FRg00000FNUrQMAX,
a0FRg00000FNUrRMAX,
a0FRg00000FNUrSMAX,
a0FRg00000FNUrTMAX,
a0FRg00000FNUrUMAX,
a0FRg00000FNUrVMAX,
a0FRg00000FNUrWMAX,
a0FRg00000FNUsnMAH,
a0FRg00000FNUsoMAH,
a0FRg00000FNUspMAH,
a0FRg00000FNUsqMAH,
a0FRg00000FNUsrMAH,
a0FRg00000FNUssMAH,
a0FRg00000FNUstMAH,
a0FRg00000FNUsuMAH,
a0FRg00000FNUsvMAH,
a0FRg00000FNUswMAH,
a0FRg00000FNUsxMAH,
a0FRg00000FNUsyMAH,
a0FRg00000FNUszMAH,
a0FRg00000FNUt0MAH,
a0FRg00000FNUt1MAH,
a0FRg00000FNUt2MAH,
a0FRg00000FNUt3MAH,
a0FRg00000FNUt4MAH,
a0FRg00000FNUt5MAH,
a0FRg00000FNUt6MAH,
a0FRg00000FNUt7MAH,
a0FRg00000FNUt8MAH,
a0FRg00000FNUuPMAX,
a0FRg00000FNUuQMAX,
a0FRg00000FNUuRMAX,
a0FRg00000FNUuSMAX,
a0FRg00000FNUuTMAX,
a0FRg00000FNUuUMAX,
a0FRg00000FNUuVMAX,
a0FRg00000FNUuWMAX,
a0FRg00000FNUuXMAX,
a0FRg00000FNUuYMAX,
a0FRg00000FNUuZMAX,
a0FRg00000FNUuaMAH,
a0FRg00000FNUubMAH,
a0FRg00000FNUucMAH,
a0FRg00000FNUudMAH,
a0FRg00000FNUueMAH,
a0FRg00000FNUufMAH,
a0FRg00000FNUugMAH,
a0FRg00000FNUuhMAH,
a0FRg00000FNUuiMAH,
a0FRg00000FNUujMAH,
a0FRg00000FNUukMAH,
a0FRg00000FNUw1MAH,
a0FRg00000FNUw2MAH,
a0FRg00000FNUw3MAH,
a0FRg00000FNUw4MAH,
a0FRg00000FNUw5MAH,
a0FRg00000FNUw6MAH,
a0FRg00000FNUw7MAH,
a0FRg00000FNUw8MAH,
a0FRg00000FNUw9MAH,
a0FRg00000FNUwAMAX,
a0FRg00000FNUwBMAX,
a0FRg00000FNUwCMAX,
a0FRg00000FNUwDMAX,
a0FRg00000FNUwEMAX,
a0FRg00000FNUwFMAX,
a0FRg00000FNUwGMAX,
a0FRg00000FNUwHMAX,
a0FRg00000FNUwIMAX,
a0FRg00000FNUwJMAX,
a0FRg00000FNUwKMAX,
a0FRg00000FNUwLMAX,
a0FRg00000FNUwMMAX,
a0FRg00000FNUxdMAH,
a0FRg00000FNUxeMAH,
a0FRg00000FNUxfMAH,
a0FRg00000FNUxgMAH,
a0FRg00000FNUxhMAH,
a0FRg00000FNUxiMAH,
a0FRg00000FNUxjMAH,
a0FRg00000FNUxkMAH,
a0FRg00000FNUxlMAH,
a0FRg00000FNUxmMAH,
a0FRg00000FNUxnMAH,
a0FRg00000FNUxoMAH,
a0FRg00000FNUxpMAH,
a0FRg00000FNUxqMAH,
a0FRg00000FNUxrMAH,
a0FRg00000FNUxsMAH,
a0FRg00000FNUxtMAH,
a0FRg00000FNUxuMAH,
a0FRg00000FNUxvMAH,
a0FRg00000FNUxwMAH,
a0FRg00000FNUxxMAH,
a0FRg00000FNUxyMAH,
a0FRg00000FNUzFMAX,
a0FRg00000FNUzGMAX,
a0FRg00000FNUzHMAX,
a0FRg00000FNUzIMAX,
a0FRg00000FNUzJMAX,
a0FRg00000FNUzKMAX,
a0FRg00000FNUzLMAX,
a0FRg00000FNUzMMAX,
a0FRg00000FNUzNMAX,
a0FRg00000FNUzOMAX,
a0FRg00000FNUzPMAX,
a0FRg00000FNUzQMAX,
a0FRg00000FNUzRMAX,
a0FRg00000FNUzSMAX,
a0FRg00000FNUzTMAX,
a0FRg00000FNUzUMAX,
a0FRg00000FNUzVMAX,
a0FRg00000FNUzWMAX,
a0FRg00000FNUzXMAX,
a0FRg00000FNUzYMAX,
a0FRg00000FNUzZMAX,
a0FRg00000FNUzaMAH,
a0FRg00000FNV0rMAH,
a0FRg00000FNV0sMAH,
a0FRg00000FNV0tMAH,
a0FRg00000FNV0uMAH,
a0FRg00000FNV0vMAH,
a0FRg00000FNV0wMAH,
a0FRg00000FNV0xMAH,
a0FRg00000FNV0yMAH,
a0FRg00000FNV0zMAH,
a0FRg00000FNV10MAH,
a0FRg00000FNV11MAH,
a0FRg00000FNV12MAH,
a0FRg00000FNV13MAH,
a0FRg00000FNV14MAH,
a0FRg00000FNV15MAH,
a0FRg00000FNV16MAH,
a0FRg00000FNV17MAH,
a0FRg00000FNV18MAH,
a0FRg00000FNV19MAH,
a0FRg00000FNV1AMAX,
a0FRg00000FNV1BMAX,
a0FRg00000FNV1CMAX,
a0FRg00000FNV2TMAX,
a0FRg00000FNV2UMAX,
a0FRg00000FNV2VMAX,
a0FRg00000FNV2WMAX,
a0FRg00000FNV2XMAX,
a0FRg00000FNV2YMAX,
a0FRg00000FNV2ZMAX,
a0FRg00000FNV2aMAH,
a0FRg00000FNV2bMAH,
a0FRg00000FNV2cMAH,
a0FRg00000FNV2dMAH,
a0FRg00000FNV2eMAH,
a0FRg00000FNV2fMAH,
a0FRg00000FNV2gMAH,
a0FRg00000FNV2hMAH,
a0FRg00000FNV2iMAH,
a0FRg00000FNV2jMAH,
a0FRg00000FNV2kMAH,
a0FRg00000FNV2lMAH,
a0FRg00000FNV2mMAH,
a0FRg00000FNV2nMAH,
a0FRg00000FNV2oMAH,
a0FRg00000FNV45MAH,
a0FRg00000FNV46MAH,
a0FRg00000FNV47MAH,
a0FRg00000FNV48MAH,
a0FRg00000FNV49MAH,
a0FRg00000FNV4AMAX,
a0FRg00000FNV4BMAX,
a0FRg00000FNV4CMAX,
a0FRg00000FNV4DMAX,
a0FRg00000FNV4EMAX,
a0FRg00000FNV4FMAX,
a0FRg00000FNV4GMAX,
a0FRg00000FNV4HMAX,
a0FRg00000FNV4IMAX,
a0FRg00000FNV4JMAX,
a0FRg00000FNV4KMAX,
a0FRg00000FNV4LMAX,
a0FRg00000FNV4MMAX,
a0FRg00000FNV4NMAX,
a0FRg00000FNV4OMAX,
a0FRg00000FNV4PMAX,
a0FRg00000FNV4QMAX,
a0FRg00000FNV5hMAH,
a0FRg00000FNV5iMAH,
a0FRg00000FNV5jMAH,
a0FRg00000FNV5kMAH,
a0FRg00000FNV5lMAH,
a0FRg00000FNV5mMAH,
a0FRg00000FNV5nMAH,
a0FRg00000FNV5oMAH,
a0FRg00000FNV5pMAH,
a0FRg00000FNV5qMAH,
a0FRg00000FNV5rMAH,
a0FRg00000FNV5sMAH,
a0FRg00000FNV5tMAH,
a0FRg00000FNV5uMAH,
a0FRg00000FNV5vMAH,
a0FRg00000FNV5wMAH,
a0FRg00000FNV5xMAH,
a0FRg00000FNV5yMAH,
a0FRg00000FNV5zMAH,
a0FRg00000FNV60MAH,
a0FRg00000FNV61MAH,
a0FRg00000FNV62MAH,
a0FRg00000FNV7JMAX,
a0FRg00000FNV7KMAX,
a0FRg00000FNV7LMAX,
a0FRg00000FNV7MMAX,
a0FRg00000FNV7NMAX,
a0FRg00000FNV7OMAX,
a0FRg00000FNV7PMAX,
a0FRg00000FNV7QMAX,
a0FRg00000FNV7RMAX,
a0FRg00000FNV7SMAX,
a0FRg00000FNV7TMAX,
a0FRg00000FNV7UMAX,
a0FRg00000FNV7VMAX,
a0FRg00000FNV7WMAX,
a0FRg00000FNV7XMAX,
a0FRg00000FNV7YMAX,
a0FRg00000FNV7ZMAX,
a0FRg00000FNV7aMAH,
a0FRg00000FNV7bMAH,
a0FRg00000FNV7cMAH,
a0FRg00000FNV7dMAH,
a0FRg00000FNV7eMAH,
a0FRg00000FNV8vMAH,
a0FRg00000FNV8wMAH,
a0FRg00000FNV8xMAH,
a0FRg00000FNV8yMAH,
a0FRg00000FNV8zMAH,
a0FRg00000FNV90MAH,
a0FRg00000FNV91MAH,
a0FRg00000FNV92MAH,
a0FRg00000FNV93MAH,
a0FRg00000FNV94MAH,
a0FRg00000FNV95MAH,
a0FRg00000FNV96MAH,
a0FRg00000FNV97MAH,
a0FRg00000FNV98MAH,
a0FRg00000FNV99MAH,
a0FRg00000FNV9AMAX,
a0FRg00000FNV9BMAX,
a0FRg00000FNV9CMAX,
a0FRg00000FNV9DMAX,
a0FRg00000FNV9EMAX,
a0FRg00000FNV9FMAX,
a0FRg00000FNV9GMAX,
a0FRg00000FNVDlMAP,
a0FRg00000FNVDmMAP,
a0FRg00000FNVDnMAP,35000
a0FRg00000FNVDoMAP,
a0FRg00000FNVDpMAP,
a0FRg00000FNVDqMAP,
a0FRg00000FNVDrMAP,
a0FRg00000FNVDsMAP,
a0FRg00000FNVDtMAP,
a0FRg00000FNVDuMAP,
a0FRg00000FNVDvMAP,
a0FRg00000FNVDwMAP,
a0FRg00000FNVDxMAP,
a0FRg00000FNVDyMAP,
a0FRg00000FNVDzMAP,
a0FRg00000FNVE0MAP,
a0FRg00000FNVE1MAP,
a0FRg00000FNVE2MAP,
a0FRg00000FNVE3MAP,
a0FRg00000FNVE4MAP,
a0FRg00000FNVE5MAP,
a0FRg00000FNVE6MAP,
a0FRg00000FNVFNMA5,
a0FRg00000FNVFOMA5,
a0FRg00000FNVFPMA5,
a0FRg00000FNVFQMA5,
a0FRg00000FNVFRMA5,
a0FRg00000FNVFSMA5,
a0FRg00000FNVFTMA5,
a0FRg00000FNVFUMA5,
a0FRg00000FNVFVMA5,
a0FRg00000FNVFWMA5,
a0FRg00000FNVFXMA5,
a0FRg00000FNVFYMA5,
a0FRg00000FNVFZMA5,
a0FRg00000FNVFaMAP,
a0FRg00000FNVFbMAP,
a0FRg00000FNVFcMAP,
a0FRg00000FNVFdMAP,
a0FRg00000FNVFeMAP,
a0FRg00000FNVFfMAP,
a0FRg00000FNVFgMAP,
a0FRg00000FNVFhMAP,
a0FRg00000FNVFiMAP,
a0FRg00000FNVGzMAP,
a0FRg00000FNVH0MAP,
a0FRg00000FNVH1MAP,37000
a0FRg00000FNVH2MAP,
a0FRg00000FNVH3MAP,
a0FRg00000FNVH4MAP,
a0FRg00000FNVH5MAP,
a0FRg00000FNVH6MAP,
a0FRg00000FNVH7MAP,
a0FRg00000FNVH8MAP,
a0FRg00000FNVH9MAP,
a0FRg00000FNVHAMA5,
a0FRg00000FNVHBMA5,
a0FRg00000FNVHCMA5,
a0FRg00000FNVHDMA5,
a0FRg00000FNVHEMA5,
a0FRg00000FNVHFMA5,
a0FRg00000FNVHGMA5,
a0FRg00000FNVHHMA5,
a0FRg00000FNVHIMA5,
a0FRg00000FNVHJMA5,
a0FRg00000FNVHKMA5,
a0FRg00000FNVIbMAP,
a0FRg00000FNVIcMAP,
a0FRg00000FNVIdMAP,
a0FRg00000FNVIeMAP,
a0FRg00000FNVIfMAP,
a0FRg00000FNVIgMAP,
a0FRg00000FNVIhMAP,
a0FRg00000FNVIiMAP,
a0FRg00000FNVIjMAP,
a0FRg00000FNVIkMAP,
a0FRg00000FNVIlMAP,
a0FRg00000FNVImMAP,
a0FRg00000FNVInMAP,
a0FRg00000FNVIoMAP,
a0FRg00000FNVIpMAP,
a0FRg00000FNVIqMAP,
a0FRg00000FNVIrMAP,
a0FRg00000FNVIsMAP,
a0FRg00000FNVItMAP,
a0FRg00000FNVIuMAP,
a0FRg00000FNVIvMAP,
a0FRg00000FNVIwMAP,
a0FRg00000FNVKDMA5,
a0FRg00000FNVKEMA5,
a0FRg00000FNVKFMA5,
a0FRg00000FNVKGMA5,
a0FRg00000FNVKHMA5,
a0FRg00000FNVKIMA5,
a0FRg00000FNVKJMA5,
a0FRg00000FNVKKMA5,
a0FRg00000FNVKLMA5,
a0FRg00000FNVKMMA5,
a0FRg00000FNVKNMA5,
a0FRg00000FNVKOMA5,
a0FRg00000FNVKPMA5,
a0FRg00000FNVKQMA5,
a0FRg00000FNVKRMA5,
a0FRg00000FNVKSMA5,
a0FRg00000FNVKTMA5,
a0FRg00000FNVKUMA5,
a0FRg00000FNVKVMA5,
a0FRg00000FNVKWMA5,
a0FRg00000FNVKXMA5,
a0FRg00000FNVKYMA5,
a0FRg00000FNVLpMAP,
a0FRg00000FNVLqMAP,
a0FRg00000FNVLrMAP,
a0FRg00000FNVLsMAP,
a0FRg00000FNVLtMAP,
a0FRg00000FNVLuMAP,
a0FRg00000FNVLvMAP,
a0FRg00000FNVLwMAP,
a0FRg00000FNVLxMAP,
a0FRg00000FNVLyMAP,
a0FRg00000FNVLzMAP,
a0FRg00000FNVM0MAP,
a0FRg00000FNVM1MAP,
a0FRg00000FNVM2MAP,
a0FRg00000FNVM3MAP,
a0FRg00000FNVM4MAP,
a0FRg00000FNVM5MAP,
a0FRg00000FNVM6MAP,
a0FRg00000FNVM7MAP,
a0FRg00000FNVM8MAP,
a0FRg00000FNVM9MAP,
a0FRg00000FNVMAMA5,
a0FRg00000FNVNRMA5,
a0FRg00000FNVNSMA5,
a0FRg00000FNVNTMA5,
a0FRg00000FNVNUMA5,
a0FRg00000FNVNVMA5,
a0FRg00000FNVNWMA5,
a0FRg00000FNVNXMA5,
a0FRg00000FNVNYMA5,
a0FRg00000FNVNZMA5,
a0FRg00000FNVNaMAP,
a0FRg00000FNVNbMAP,
a0FRg00000FNVNcMAP,
a0FRg00000FNVNdMAP,
a0FRg00000FNVNeMAP,
a0FRg00000FNVNfMAP,
a0FRg00000FNVNgMAP,
a0FRg00000FNVNhMAP,
a0FRg00000FNVNiMAP,
a0FRg00000FNVNjMAP,
a0FRg00000FNVNkMAP,
a0FRg00000FNVNlMAP,
a0FRg00000FNVNmMAP,
a0FRg00000FNVP3MAP,
a0FRg00000FNVP4MAP,
a0FRg00000FNVP5MAP,
a0FRg00000FNVP6MAP,
a0FRg00000FNVP7MAP,
a0FRg00000FNVP8MAP,
a0FRg00000FNVP9MAP,
a0FRg00000FNVPAMA5,
a0FRg00000FNVPBMA5,
a0FRg00000FNVPCMA5,
a0FRg00000FNVPDMA5,
a0FRg00000FNVPEMA5,
a0FRg00000FNVPFMA5,
a0FRg00000FNVPGMA5,
a0FRg00000FNVPHMA5,
a0FRg00000FNVPIMA5,
a0FRg00000FNVPJMA5,
a0FRg00000FNVPKMA5,
a0FRg00000FNVPLMA5,
a0FRg00000FNVPMMA5,
a0FRg00000FNVPNMA5,
a0FRg00000FNVPOMA5,
a0FRg00000FOOerMAH,
a0FRg00000FOOesMAH,
a0FRg00000FOOetMAH,
a0FRg00000FOOeuMAH,
a0FRg00000FOOevMAH,
a0FRg00000FOOewMAH,
a0FRg00000FOOexMAH,
a0FRg00000FOOgTMAX,
a0FRg00000FOOgUMAX,
a0FRg00000FOOgVMAX,
a0FRg00000FOOgWMAX,
a0FRg00000FOOgXMAX,
a0FRg00000FOOgYMAX,
a0FRg00000FOOgZMAX,
a0FRg00000FOOi5MAH,
a0FRg00000FOOi6MAH,
a0FRg00000FOOi7MAH,
a0FRg00000FOOi8MAH,
a0FRg00000FOOi9MAH,
a0FRg00000FOOiAMAX,
a0FRg00000FOOiBMAX,
a0FRg00000FOPMPMA5,
a0FRg00000FOPMQMA5,
a0FRg00000FOPMRMA5,
a0FRg00000FOPMSMA5,
a0FRg00000FOPMTMA5,
a0FRg00000FOPMUMA5,
a0FRg00000FOPMVMA5,
a0FRg00000FOPMWMA5,
a0FRg00000FOPMXMA5,
a0FRg00000FOPMYMA5,
a0FRg00000FOPMZMA5,
a0FRg00000FOPMaMAP,
a0FRg00000FOPMbMAP,
a0FRg00000FOPMcMAP,
a0FRg00000FOPMdMAP,
a0FRg00000FOPMeMAP,
a0FRg00000FOPMfMAP,
a0FRg00000FOPMgMAP,
a0FRg00000FOPMhMAP,
a0FRg00000FOPMiMAP,
a0FRg00000FOPMjMAP,
a0FRg00000FOPMkMAP,
a0FRg00000FOQjtMAH,30054.68
a0FRg00000FOQjuMAH,
a0FRg00000FOQjvMAH,
a0FRg00000FOQjwMAH,
a0FRg00000FOQjxMAH,
a0FRg00000FOQjyMAH,
a0FRg00000FOQjzMAH,
a0FRg00000FP8L7MAL,
a0FRg00000FP8L8MAL,
a0FRg00000FP8L9MAL,
a0FRg00000FP8LAMA1,
a0FRg00000FP8LBMA1,
a0FRg00000FP8LCMA1,
a0FRg00000FP8LDMA1,
a0FRg00000FP8LEMA1,
a0FRg00000FP8LFMA1,
a0FRg00000FP8LGMA1,
a0FRg00000FP8LHMA1,
a0FRg00000FP8LIMA1,
a0FRg00000FP8LJMA1,
a0FRg00000FP8LKMA1,
a0FRg00000FP8LLMA1,
a0FRg00000FP8LMMA1,
a0FRg00000FP8LNMA1,
a0FRg00000FP8LOMA1,
a0FRg00000FP8LPMA1,
a0FRg00000FP8LQMA1,
a0FRg00000FP8LRMA1,
a0FRg00000FP8LSMA1,
a0FRg00000FPsW1MAL,
a0FRg00000FPsW2MAL,
a0FRg00000FPsW3MAL,
a0FRg00000FPsW4MAL,
a0FRg00000FPsW5MAL,
a0FRg00000FPsW6MAL,
a0FRg00000FPsW7MAL,
a0FRg00000FPsXdMAL,
a0FRg00000FPsXeMAL,
a0FRg00000FPsXfMAL,
a0FRg00000FPsXgMAL,
a0FRg00000FPsXhMAL,
a0FRg00000FPsXiMAL,
a0FRg00000FPsXjMAL,
a0FRg00000FUn14MAD,
a0FRg00000FUn15MAD,
a0FRg00000FUn16MAD,
a0FRg00000FUn17MAD,
a0FRg00000FUn18MAD,
a0FRg00000FUn19MAD,
a0FRg00000FUn1AMAT,
a0FRg00000FUn1BMAT,
a0FRg00000FUn1CMAT,
a0FRg00000FUn1DMAT,
a0FRg00000FUn1EMAT,
a0FRg00000FUn1FMAT,
a0FRg00000FUn1GMAT,
a0FRg00000FUn1HMAT,
a0FRg00000FUn1IMAT,
a0FRg00000FUn1JMAT,
a0FRg00000FUn1KMAT,
a0FRg00000FUn1LMAT,
a0FRg00000FUn1MMAT,
a0FRg00000FUn1NMAT,
a0FRg00000FUn1OMAT,
a0FRg00000FUn1PMAT,
a0FRg00000FUn1QMAT,
a0FRg00000FUn1RMAT,
a0FRg00000FUn1SMAT,
a0FRg00000FUn1TMAT,
a0FRg00000FUn1UMAT,
a0FRg00000FUn1VMAT,
a0FRg00000FUn1WMAT,
a0FRg00000FUn1XMAT,
a0FRg00000FUn1YMAT,
a0FRg00000FUn1ZMAT,
a0FRg00000FUn1aMAD,
a0FRg00000FUn1bMAD,
a0FRg00000FUn1cMAD,
a0FRg00000FUn2QMAT,
a0FRg00000FUn2RMAT,
a0FRg00000FUn2SMAT,
a0FRg00000FUn2TMAT,
a0FRg00000FUn2UMAT,
a0FRg00000FUn2VMAT,
a0FRg00000FUn2WMAT,
a0FRg00000FUn2XMAT,
a0FRg00000FUn2YMAT,
a0FRg00000FUn2ZMAT,
a0FRg00000FUn2aMAD,
a0FRg00000FUn2bMAD,
a0FRg00000FUn2cMAD,
a0FRg00000FUn2dMAD,
a0FRg00000FUn2eMAD,
a0FRg00000FUo1xMAD,
a0FRg00000FUo1yMAD,
a0FRg00000FUo1zMAD,
a0FRg00000FUo20MAD,
a0FRg00000FUo21MAD,
a0FRg00000FUo22MAD,
a0FRg00000FUo23MAD,
a0FRg00000FUo24MAD,
a0FRg00000FUo25MAD,
a0FRg00000FUo26MAD,
a0FRg00000FUo27MAD,
a0FRg00000FUo28MAD,
a0FRg00000FUo29MAD,
a0FRg00000FUo2cMAD,
a0FRg00000FUo2dMAD,
a0FRg00000FUo2eMAD,
a0FRg00000FUo2fMAD,
a0FRg00000FUo2gMAD,
a0FRg00000FUo2hMAD,
a0FRg00000FUo2iMAD,
a0FRg00000FUo2jMAD,
a0FRg00000FUo2kMAD,
a0FRg00000FUo2lMAD,
a0FRg00000FUo2mMAD,
a0FRg00000FUo2nMAD,
a0FRg00000FUo2oMAD,
a0FRg00000FUo2pMAD,
a0FRg00000FUo2qMAD,
a0FRg00000FUo2rMAD,
a0FRg00000FUo2sMAD,
a0FRg00000FUo2tMAD,
a0FRg00000FUo2uMAD,
a0FRg00000FUo2vMAD,
a0FRg00000FUo2wMAD,
a0FRg00000FUo4CMAT,
a0FRg00000FUo4DMAT,
a0FRg00000FUo4EMAT,
a0FRg00000FUo4FMAT,
a0FRg00000FUo4GMAT,
a0FRg00000FUo4HMAT,
a0FRg00000FUo4IMAT,
a0FRg00000FUo4JMAT,
a0FRg00000FUo4KMAT,
a0FRg00000FUo4LMAT,
a0FRg00000FUo4MMAT,
a0FRg00000FUo4NMAT,
a0FRg00000FUo4OMAT,
a0FRg00000FUo4PMAT,
a0FRg00000FUo4QMAT,
a0FRg00000FUo4RMAT,
a0FRg00000FUo4SMAT,
a0FRg00000FUo4TMAT,
a0FRg00000FUo4UMAT,
a0FRg00000FUo4VMAT,
a0FRg00000FUo4WMAT,
a0FRg00000FUo4XMAT,
a0FRg00000FUo4YMAT,
a0FRg00000FUo4ZMAT,
a0FRg00000FUo4aMAD,
a0FRg00000FUo4bMAD,
a0FRg00000FUo4cMAD,
a0FRg00000FUo4dMAD,
a0FRg00000FUo4eMAD,
a0FRg00000FUo4fMAD,
a0FRg00000FUo4gMAD,
a0FRg00000FUo4hMAD,
a0FRg00000FUo4iMAD,
a0FRg00000FUo4jMAD,
a0FRg00000FUo4kMAD,
a0FRg00000FUo4lMAD,
a0FRg00000FUo4mMAD,
a0FRg00000FUo4nMAD,
a0FRg00000FUo4oMAD,
a0FRg00000FUo4pMAD,
a0FRg00000FUo4qMAD,
a0FRg00000FUo4rMAD,
a0FRg00000FUo4sMAD,
a0FRg00000FUo4tMAD,
a0FRg00000FUo4uMAD,
a0FRg00000FUo4vMAD,
a0FRg00000FUo4wMAD,
a0FRg00000FUo4xMAD,
a0FRg00000FUo4yMAD,
a0FRg00000FUo4zMAD,
a0FRg00000FUo50MAD,
a0FRg00000FUo51MAD,
a0FRg00000FUo52MAD,
a0FRg00000FUo53MAD,
a0FRg00000FUo54MAD,
a0FRg00000FUo55MAD,
a0FRg00000FUo56MAD,
a0FRg00000FUo57MAD,
a0FRg00000FUo58MAD,
a0FRg00000FUo59MAD,
a0FRg00000FUo5AMAT,
a0FRg00000FUo5BMAT,
a0FRg00000FUo5CMAT,
a0FRg00000FUo5DMAT,
a0FRg00000FUo5EMAT,
a0FRg00000FUo5FMAT,
a0FRg00000FUo5GMAT,
a0FRg00000FUo5HMAT,
a0FRg00000FUo5IMAT,
a0FRg00000FUo5JMAT,
a0FRg00000FUo5KMAT,
a0FRg00000FUo5LMAT,
a0FRg00000FUo5MMAT,
a0FRg00000FUo5NMAT,
a0FRg00000FUo5OMAT,
a0FRg00000FUo5PMAT,
a0FRg00000FUo5QMAT,
a0FRg00000FUo5RMAT,
a0FRg00000FUo5SMAT,
a0FRg00000FUo5TMAT,
a0FRg00000FUo5UMAT,
a0FRg00000FUo5VMAT,
a0FRg00000FUo5WMAT,
a0FRg00000FUo5XMAT,
a0FRg00000FUo5YMAT,
a0FRg00000FUo5ZMAT,
a0FRg00000FUo5aMAD,
a0FRg00000FUo5bMAD,
a0FRg00000FUo5cMAD,
a0FRg00000FUo5dMAD,
a0FRg00000FUo5eMAD,
a0FRg00000FUo5mMAD,
a0FRg00000FUo5nMAD,
a0FRg00000FUo5oMAD,
a0FRg00000FUo5pMAD,
a0FRg00000FUo5qMAD,
a0FRg00000FUo5rMAD,
a0FRg00000FUo5sMAD,
a0FRg00000FUo5tMAD,
a0FRg00000FUo5uMAD,
a0FRg00000FUo5vMAD,
a0FRg00000FUo5wMAD,
a0FRg00000FUo5xMAD,
a0FRg00000FUo5yMAD,
a0FRg00000FUo5zMAD,
a0FRg00000FUo78MAD,
a0FRg00000FUo79MAD,
a0FRg00000FUo7AMAT,
a0FRg00000FUo7BMAT,
a0FRg00000FUo7CMAT,
a0FRg00000FUo7DMAT,
a0FRg00000FUo7EMAT,
a0FRg00000FUo7FMAT,
a0FRg00000FUo7GMAT,
a0FRg00000FUo7HMAT,
a0FRg00000FUo7IMAT,
a0FRg00000FUo7JMAT,
a0FRg00000FUo7KMAT,
a0FRg00000FUo7LMAT,
a0FRg00000FUo7MMAT,
a0FRg00000FUo7NMAT,
a0FRg00000FUo7OMAT,
a0FRg00000FUo7PMAT,
a0FRg00000FUo7QMAT,
a0FRg00000FUo7RMAT,
a0FRg00000FUo7SMAT,
a0FRg00000FUo7aMAD,
a0FRg00000FUo7bMAD,
a0FRg00000FUo7cMAD,
a0FRg00000FUo7dMAD,
a0FRg00000FUo7eMAD,
a0FRg00000FUo7fMAD,
a0FRg00000FUo7gMAD,
a0FRg00000FUo7hMAD,
a0FRg00000FUo7iMAD,
a0FRg00000FUo7jMAD,
a0FRg00000FUo7kMAD,
a0FRg00000FUo7lMAD,
a0FRg00000FUo7mMAD,
a0FRg00000FUo7nMAD,
a0FRg00000FUo7oMAD,
a0FRg00000FUo7pMAD,
a0FRg00000FUo7qMAD,
a0FRg00000FUo7rMAD,
a0FRg00000FUo7sMAD,
a0FRg00000FUo7tMAD,
a0FRg00000FUo7uMAD,
a0FRg00000FUo7vMAD,
a0FRg00000FUo7wMAD,
a0FRg00000FUo7xMAD,
a0FRg00000FUo7yMAD,
a0FRg00000FUo7zMAD,
a0FRg00000FUo80MAD,
a0FRg00000FUo81MAD,
a0FRg00000FUo82MAD,
a0FRg00000FUo83MAD,
a0FRg00000FUo84MAD,
a0FRg00000FUo85MAD,
a0FRg00000FUo86MAD,
a0FRg00000FUo87MAD,
a0FRg00000FUo88MAD,
a0FRg00000FUo89MAD,
a0FRg00000FUo8AMAT,
a0FRg00000FUo8BMAT,
a0FRg00000FUo8CMAT,
a0FRg00000FUo8DMAT,
a0FRg00000FUo8EMAT,
a0FRg00000FUo8FMAT,
a0FRg00000FUo8GMAT,
a0FRg00000FUo8HMAT,
a0FRg00000FUo8IMAT,
a0FRg00000FUo8JMAT,
a0FRg00000FUo8KMAT,
a0FRg00000FUo8LMAT,
a0FRg00000FUo8MMAT,
a0FRg00000FUo8NMAT,
a0FRg00000FUo8OMAT,
a0FRg00000FUo8PMAT,
a0FRg00000FUo8QMAT,
a0FRg00000FUo8RMAT,
a0FRg00000FUo8SMAT,
a0FRg00000FUo8TMAT,
a0FRg00000FUo8UMAT,
a0FRg00000FUo8VMAT,
a0FRg00000FUo8WMAT,
a0FRg00000FUo8XMAT,
a0FRg00000FUo8YMAT,
a0FRg00000FUo8ZMAT,
a0FRg00000FUo8aMAD,
a0FRg00000FUo8bMAD,
a0FRg00000FUo8cMAD,
a0FRg00000FUo8dMAD,
a0FRg00000FUo8eMAD,
a0FRg00000FUo8fMAD,
a0FRg00000FUo8gMAD,
a0FRg00000FUo8hMAD,
a0FRg00000FUo8iMAD,
a0FRg00000FUo8jMAD,
a0FRg00000FUo8kMAD,
a0FRg00000FUo8lMAD,
a0FRg00000FUo8mMAD,
a0FRg00000FUo8nMAD,
a0FRg00000FUo8oMAD,
a0FRg00000FUo8pMAD,
a0FRg00000FUo8qMAD,
a0FRg00000FUo8rMAD,
a0FRg00000FUo8sMAD,
a0FRg00000FUo8tMAD,
a0FRg00000FUo8uMAD,
a0FRg00000FUo8vMAD,
a0FRg00000FVfavMAD,
a0FRg00000FVfawMAD,
a0FRg00000FVfaxMAD,
a0FRg00000FVfayMAD,
a0FRg00000FVfazMAD,
a0FRg00000FVfb0MAD,
a0FRg00000FVfb1MAD,
a0FRg00000FVfb2MAD,
a0FRg00000FVfb3MAD,
a0FRg00000FVfb4MAD,
a0FRg00000FVfb5MAD,
a0FRg00000FVfb6MAD,
a0FRg00000FVfb7MAD,
a0FRg00000FVfb8MAD,
a0FRg00000FVfb9MAD,
a0FRg00000FVfbAMAT,
a0FRg00000FVfbBMAT,
a0FRg00000FVfbCMAT,
a0FRg00000FVfbDMAT,
a0FRg00000FVfbEMAT,
a0FRg00000FVfbFMAT,
a0FRg00000FVfbGMAT,
a0FRg00000FVfcXMAT,
a0FRg00000FVfcYMAT,
a0FRg00000FVfcZMAT,
a0FRg00000FVfcaMAD,
a0FRg00000FVfcbMAD,
a0FRg00000FVfccMAD,
a0FRg00000FVfcdMAD,
a0FRg00000FVfceMAD,
a0FRg00000FVfcfMAD,
a0FRg00000FVfcgMAD,
a0FRg00000FVfchMAD,
a0FRg00000FVfciMAD,
a0FRg00000FVfcjMAD,
a0FRg00000FVfckMAD,
a0FRg00000FVfclMAD,
a0FRg00000FVfcmMAD,
a0FRg00000FVfcnMAD,
a0FRg00000FVfcoMAD,
a0FRg00000FVfcpMAD,
a0FRg00000FVfcqMAD,
a0FRg00000FVfcrMAD,
a0FRg00000FVfcsMAD,
a0FRg00000FVfe9MAD,
a0FRg00000FVfeAMAT,
a0FRg00000FVfeBMAT,
a0FRg00000FVfeCMAT,
a0FRg00000FVfeDMAT,
a0FRg00000FVfeEMAT,
a0FRg00000FVfeFMAT,
a0FRg00000FVfeGMAT,
a0FRg00000FVfeHMAT,
a0FRg00000FVfeIMAT,
a0FRg00000FVfeJMAT,
a0FRg00000FVfeKMAT,
a0FRg00000FVfeLMAT,
a0FRg00000FVfeMMAT,
a0FRg00000FVfeNMAT,
a0FRg00000FVfeOMAT,
a0FRg00000FVfePMAT,
a0FRg00000FVfeQMAT,
a0FRg00000FVfeRMAT,
a0FRg00000FVfeSMAT,
a0FRg00000FVfeTMAT,
a0FRg00000FVfeUMAT,
a0FRg00000FVfeVMAT,
a0FRg00000FVfeWMAT,
a0FRg00000FVfeXMAT,
a0FRg00000FVfeYMAT,
a0FRg00000FVfeZMAT,
a0FRg00000FVfeaMAD,
a0FRg00000FVfebMAD,
a0FRg00000FVfecMAD,
a0FRg00000FVfedMAD,
a0FRg00000FVfeeMAD,
a0FRg00000FVfefMAD,
a0FRg00000FVfegMAD,
a0FRg00000FVfehMAD,
a0FRg00000FVfeiMAD,
a0FRg00000FVfejMAD,
a0FRg00000FVfekMAD,
a0FRg00000FVfelMAD,
a0FRg00000FVfemMAD,
a0FRg00000FVfenMAD,
a0FRg00000FVfeoMAD,
a0FRg00000FVfepMAD,
a0FRg00000FVfeqMAD,
a0FRg00000FVfflMAD,
a0FRg00000FVffmMAD,
a0FRg00000FVffnMAD,
a0FRg00000FVffoMAD,
a0FRg00000FVffpMAD,
a0FRg00000FVffqMAD,
a0FRg00000FVffrMAD,
a0FRg00000FVffsMAD,
a0FRg00000FVfftMAD,
a0FRg00000FVffuMAD,
a0FRg00000FVffvMAD,
a0FRg00000FVffwMAD,
a0FRg00000FVffxMAD,
a0FRg00000FVffyMAD,
a0FRg00000FVffzMAD,
a0FRg00000FVfg0MAD,
a0FRg00000FVfg1MAD,
a0FRg00000FVfg2MAD,
a0FRg00000FVfg3MAD,
a0FRg00000FVfg4MAD,
a0FRg00000FVfg5MAD,
a0FRg00000FVfg6MAD,
a0FRg00000FVfhNMAT,
a0FRg00000FVfhOMAT,
a0FRg00000FVfhPMAT,
a0FRg00000FVfhQMAT,
a0FRg00000FVfhRMAT,
a0FRg00000FVfhSMAT,
a0FRg00000FVfhTMAT,
a0FRg00000FVfhUMAT,
a0FRg00000FVfhVMAT,
a0FRg00000FVfhWMAT,
a0FRg00000FVfhXMAT,
a0FRg00000FVfhYMAT,
a0FRg00000FVfhZMAT,
a0FRg00000FVfhaMAD,
a0FRg00000FVfhbMAD,
a0FRg00000FVfhcMAD,
a0FRg00000FVfhdMAD,
a0FRg00000FVfheMAD,
a0FRg00000FVfhfMAD,
a0FRg00000FVfhgMAD,
a0FRg00000FVfhhMAD,
a0FRg00000FVfhiMAD,
a0FRg00000FVfizMAD,
a0FRg00000FVfj0MAD,
a0FRg00000FVfj1MAD,
a0FRg00000FVfj2MAD,
a0FRg00000FVfj3MAD,
a0FRg00000FVfj4MAD,
a0FRg00000FVfj5MAD,
a0FRg00000FVfj6MAD,
a0FRg00000FVfj7MAD,
a0FRg00000FVfj8MAD,
a0FRg00000FVfj9MAD,
a0FRg00000FVfjAMAT,
a0FRg00000FVfjBMAT,
a0FRg00000FVfjCMAT,
a0FRg00000FVfjDMAT,
a0FRg00000FVfjEMAT,
a0FRg00000FVfjFMAT,
a0FRg00000FVfjGMAT,
a0FRg00000FVfjHMAT,
a0FRg00000FVfjIMAT,
a0FRg00000FVfjJMAT,
a0FRg00000FVfjKMAT,
a0FRg00000FVfkbMAD,
a0FRg00000FVfkcMAD,
a0FRg00000FVfkdMAD,
a0FRg00000FVfkeMAD,
a0FRg00000FVfkfMAD,
a0FRg00000FVfkgMAD,
a0FRg00000FVfkhMAD,
a0FRg00000FVfkiMAD,
a0FRg00000FVfkjMAD,
a0FRg00000FVfkkMAD,
a0FRg00000FVfklMAD,
a0FRg00000FVfkmMAD,
a0FRg00000FVfknMAD,
a0FRg00000FVfkoMAD,
a0FRg00000FVfkpMAD,
a0FRg00000FVfkqMAD,
a0FRg00000FVfkrMAD,
a0FRg00000FVfksMAD,
a0FRg00000FVfktMAD,
a0FRg00000FVfkuMAD,
a0FRg00000FVfkvMAD,
a0FRg00000FVfkwMAD,
a0FRg00000FVfmDMAT,
a0FRg00000FVfmEMAT,
a0FRg00000FVfmFMAT,
a0FRg00000FVfmGMAT,
a0FRg00000FVfmHMAT,
a0FRg00000FVfmIMAT,
a0FRg00000FVfmJMAT,
a0FRg00000FVfmKMAT,
a0FRg00000FVfmLMAT,
a0FRg00000FVfmMMAT,
a0FRg00000FVfmNMAT,
a0FRg00000FVfmOMAT,
a0FRg00000FVfmPMAT,
a0FRg00000FVfmQMAT,
a0FRg00000FVfmRMAT,
a0FRg00000FVfmSMAT,
a0FRg00000FVfmTMAT,
a0FRg00000FVfmUMAT,
a0FRg00000FVfmVMAT,
a0FRg00000FVfmWMAT,
a0FRg00000FVfmXMAT,
a0FRg00000FVfmYMAT,
a0FRg00000FVfnpMAD,
a0FRg00000FVfnqMAD,
a0FRg00000FVfnrMAD,
a0FRg00000FVfnsMAD,
a0FRg00000FVfntMAD,
a0FRg00000FVfnuMAD,
a0FRg00000FVfnvMAD,
a0FRg00000FVfnwMAD,
a0FRg00000FVfnxMAD,
a0FRg00000FVfnyMAD,
a0FRg00000FVfnzMAD,
a0FRg00000FVfo0MAD,
a0FRg00000FVfo1MAD,
a0FRg00000FVfo2MAD,
a0FRg00000FVfo3MAD,
a0FRg00000FVfo4MAD,
a0FRg00000FVfo5MAD,
a0FRg00000FVfo6MAD,
a0FRg00000FVfo7MAD,
a0FRg00000FVfo8MAD,
a0FRg00000FVfo9MAD,
a0FRg00000FVfoAMAT,
a0FRg00000FVfpRMAT,
a0FRg00000FVfpSMAT,
a0FRg00000FVfpTMAT,
a0FRg00000FVfpUMAT,
a0FRg00000FVfpVMAT,
a0FRg00000FVfpWMAT,
a0FRg00000FVfpXMAT,
a0FRg00000FVfpYMAT,
a0FRg00000FVfpZMAT,
a0FRg00000FVfpaMAD,
a0FRg00000FVfpbMAD,
a0FRg00000FVfpcMAD,
a0FRg00000FVfpdMAD,
a0FRg00000FVfpeMAD,
a0FRg00000FVfpfMAD,
a0FRg00000FVfpgMAD,
a0FRg00000FVfphMAD,
a0FRg00000FVfpiMAD,
a0FRg00000FVfpjMAD,
a0FRg00000FVfpkMAD,
a0FRg00000FVfplMAD,
a0FRg00000FVfpmMAD,
a0FRg00000FVfr3MAD,
a0FRg00000FVfr4MAD,
a0FRg00000FVfr5MAD,
a0FRg00000FVfr6MAD,
a0FRg00000FVfr7MAD,
a0FRg00000FVfr8MAD,
a0FRg00000FVfr9MAD,
a0FRg00000FVfrAMAT,
a0FRg00000FVfrBMAT,
a0FRg00000FVfrCMAT,
a0FRg00000FVfrDMAT,
a0FRg00000FVfrEMAT,
a0FRg00000FVfrFMAT,
a0FRg00000FVfrGMAT,
a0FRg00000FVfrHMAT,
a0FRg00000FVfrIMAT,
a0FRg00000FVfrJMAT,
a0FRg00000FVfrKMAT,
a0FRg00000FVfrLMAT,
a0FRg00000FVfrMMAT,
a0FRg00000FVfrNMAT,
a0FRg00000FVfrOMAT,
a0FRg00000FVfsfMAD,
a0FRg00000FVfsgMAD,
a0FRg00000FVfshMAD,
a0FRg00000FVfsiMAD,
a0FRg00000FVfsjMAD,
a0FRg00000FVfskMAD,
a0FRg00000FVfslMAD,
a0FRg00000FVfsmMAD,
a0FRg00000FVfsnMAD,
a0FRg00000FVfsoMAD,
a0FRg00000FVfspMAD,
a0FRg00000FVfsqMAD,
a0FRg00000FVfsrMAD,
a0FRg00000FVfssMAD,
a0FRg00000FVfstMAD,
a0FRg00000FVfsuMAD,
a0FRg00000FVfsvMAD,
a0FRg00000FVfswMAD,
a0FRg00000FVfsxMAD,
a0FRg00000FVfsyMAD,
a0FRg00000FVfszMAD,
a0FRg00000FVft0MAD,
a0FRg00000FVnF8MAL,
a0FRg00000FVnF9MAL,
a0FRg00000FVnFAMA1,
a0FRg00000FVnFBMA1,
a0FRg00000FVnFCMA1,
a0FRg00000FVnFDMA1,
a0FRg00000FVnFEMA1,
a0FRg00000FVnFFMA1,
a0FRg00000FVnFGMA1,
a0FRg00000FVnFHMA1,
a0FRg00000FVnFIMA1,
a0FRg00000FVnFJMA1,
a0FRg00000FVnFKMA1,
a0FRg00000FVnFLMA1,
a0FRg00000FVnFMMA1,
a0FRg00000FVnFNMA1,
a0FRg00000FVnFOMA1,
a0FRg00000FVnFPMA1,
a0FRg00000FVnFQMA1,
a0FRg00000FVnFRMA1,
a0FRg00000FVnFSMA1,
a0FRg00000FVnFTMA1,
a0FRg00000FVnFUMA1,
a0FRg00000FVnFVMA1,
a0FRg00000FVnFWMA1,
a0FRg00000FVnFXMA1,
a0FRg00000FVnFYMA1,
a0FRg00000FVnFZMA1,
a0FRg00000FVnFaMAL,
a0FRg00000FVnFbMAL,
a0FRg00000FVnFcMAL,
a0FRg00000FVnFdMAL,
a0FRg00000FVnFeMAL,
a0FRg00000FVnFfMAL,
a0FRg00000FVnFgMAL,
a0FRg00000FVnFhMAL,
a0FRg00000FVnFiMAL,
a0FRg00000FVnFjMAL,
a0FRg00000FVnFkMAL,
a0FRg00000FVnFlMAL,
a0FRg00000FVnFmMAL,
a0FRg00000FVnFnMAL,
a0FRg00000FVnFoMAL,
a0FRg00000FVnFpMAL,
a0FRg00000FVnFqMAL,
a0FRg00000FVnFrMAL,
a0FRg00000FVnFsMAL,
a0FRg00000FVnFtMAL,
a0FRg00000FVnFuMAL,
a0FRg00000FVnFvMAL,
a0FRg00000FVnFwMAL,
a0FRg00000FVnFxMAL,
a0FRg00000FVnFyMAL,
a0FRg00000FVnFzMAL,
a0FRg00000FVnG0MAL,
a0FRg00000FVnG1MAL,
a0FRg00000FVnG2MAL,
a0FRg00000FVnG3MAL,
a0FRg00000FVnG4MAL,
a0FRg00000FVnG5MAL,
a0FRg00000FVnG6MAL,
a0FRg00000FVnG7MAL,
a0FRg00000FVnG8MAL,
a0FRg00000FVnG9MAL,
a0FRg00000FVnGAMA1,
a0FRg00000FVnGBMA1,
a0FRg00000FVnGCMA1,
a0FRg00000FVnGDMA1,
a0FRg00000FVnGEMA1,
a0FRg00000FVnGFMA1,
a0FRg00000FVnGGMA1,
a0FRg00000FVnGHMA1,
a0FRg00000FVnGIMA1,
a0FRg00000FVnGJMA1,
a0FRg00000FVnGKMA1,
a0FRg00000FVnGLMA1,
a0FRg00000FVnGMMA1,
a0FRg00000FVnGNMA1,
a0FRg00000FVnGOMA1,
a0FRg00000FVnGPMA1,
a0FRg00000FVnGQMA1,
a0FRg00000FVnGRMA1,
a0FRg00000FVnGSMA1,
a0FRg00000FVnGTMA1,
a0FRg00000FVnGUMA1,
a0FRg00000FVnGVMA1,
a0FRg00000FVnGWMA1,
a0FRg00000FVnGXMA1,
a0FRg00000FVnGYMA1,
a0FRg00000FVnGZMA1,
a0FRg00000FVnGaMAL,
a0FRg00000FVnGbMAL,
a0FRg00000FVnGcMAL,
a0FRg00000FVnGdMAL,
a0FRg00000FVnGeMAL,
a0FRg00000FVnGfMAL,
a0FRg00000FVnGgMAL,
a0FRg00000FVnGhMAL,
a0FRg00000FVnGiMAL,
a0FRg00000FVnLZMA1,
a0FRg00000FVnLaMAL,
a0FRg00000FVnLbMAL,
a0FRg00000FVnLcMAL,
a0FRg00000FVnLdMAL,
a0FRg00000FVnLeMAL,
a0FRg00000FVnLfMAL,
a0FRg00000FVnLgMAL,
a0FRg00000FVnLhMAL,
a0FRg00000FVnLiMAL,
a0FRg00000FVnLjMAL,
a0FRg00000FVnLkMAL,
a0FRg00000FVnLlMAL,
a0FRg00000FVnLmMAL,
a0FRg00000FVnLnMAL,
a0FRg00000FVnLoMAL,
a0FRg00000FVnLpMAL,
a0FRg00000FVnLqMAL,
a0FRg00000FVnLrMAL,
a0FRg00000FVnLsMAL,
a0FRg00000FVnLtMAL,
a0FRg00000FVnLuMAL,
a0FRg00000FVnLvMAL,
a0FRg00000FVnLwMAL,
a0FRg00000FVnLxMAL,
a0FRg00000FVnLyMAL,
a0FRg00000FVnLzMAL,
a0FRg00000FVnM0MAL,
a0FRg00000FVnM1MAL,
a0FRg00000FVnM2MAL,
a0FRg00000FVnM3MAL,
a0FRg00000FVnM4MAL,
a0FRg00000FVnM5MAL,
a0FRg00000FVnM6MAL,
a0FRg00000FVnM7MAL,
a0FRg00000FVnM8MAL,
a0FRg00000FVnM9MAL,
a0FRg00000FVnMAMA1,
a0FRg00000FVnMBMA1,
a0FRg00000FVnMCMA1,
a0FRg00000FVnMDMA1,
a0FRg00000FVnMEMA1,
a0FRg00000FVnMFMA1,
a0FRg00000FVnMGMA1,
a0FRg00000FVnMHMA1,
a0FRg00000FVnMIMA1,
a0FRg00000FVnMJMA1,
a0FRg00000FVnMKMA1,
a0FRg00000FVnMLMA1,
a0FRg00000FVnMMMA1,
a0FRg00000FVnMNMA1,
a0FRg00000FVnMOMA1,
a0FRg00000FVnMPMA1,
a0FRg00000FVnMQMA1,
a0FRg00000FVnMRMA1,
a0FRg00000FVnMSMA1,
a0FRg00000FVnMTMA1,
a0FRg00000FVnMUMA1,
a0FRg00000FVnMVMA1,
a0FRg00000FVnMWMA1,
a0FRg00000FVnMXMA1,
a0FRg00000FVnMYMA1,
a0FRg00000FVnMZMA1,
a0FRg00000FVnMaMAL,
a0FRg00000FVnMbMAL,
a0FRg00000FVnMcMAL,
a0FRg00000FVnMdMAL,
a0FRg00000FVnMeMAL,
a0FRg00000FVnMfMAL,
a0FRg00000FVnMgMAL,
a0FRg00000FVnMhMAL,
a0FRg00000FVnMiMAL,
a0FRg00000FVnMjMAL,
a0FRg00000FVnMkMAL,
a0FRg00000FVnMlMAL,
a0FRg00000FVnMmMAL,
a0FRg00000FVnMnMAL,
a0FRg00000FVnMoMAL,
a0FRg00000FVnMpMAL,
a0FRg00000FVnMqMAL,
a0FRg00000FVnMrMAL,
a0FRg00000FVnMsMAL,
a0FRg00000FVnMtMAL,
a0FRg00000FVnMuMAL,
a0FRg00000FVnMvMAL,
a0FRg00000FVnMwMAL,
a0FRg00000FVnMxMAL,
a0FRg00000FVnMyMAL,
a0FRg00000FVnMzMAL,
a0FRg00000FVnN0MAL,
a0FRg00000FVnN1MAL,
a0FRg00000FVnN2MAL,
a0FRg00000FVnN3MAL,
a0FRg00000FVnN4MAL,
a0FRg00000FVnN5MAL,
a0FRg00000FVnN6MAL,
a0FRg00000FVnN7MAL,
a0FRg00000FVnN8MAL,
a0FRg00000FVnN9MAL,
a0FRg00000FVnNAMA1,
a0FRg00000FVnNBMA1,
a0FRg00000FVnNCMA1,
a0FRg00000FVnNDMA1,
a0FRg00000FVnNEMA1,
a0FRg00000FVnNFMA1,
a0FRg00000FVnNGMA1,
a0FRg00000FVnNHMA1,
a0FRg00000FVnNIMA1,
a0FRg00000FVnNJMA1,
a0FRg00000FVnNKMA1,
a0FRg00000FVnNLMA1,
a0FRg00000FVnNMMA1,
a0FRg00000FVnevMAD,
a0FRg00000FVnewMAD,
a0FRg00000FVnexMAD,
a0FRg00000FVneyMAD,
a0FRg00000FVnezMAD,
a0FRg00000FVnf0MAD,
a0FRg00000FVnf1MAD,
a0FRg00000FVnf2MAD,
a0FRg00000FVnf3MAD,
a0FRg00000FVnf4MAD,
a0FRg00000FVnf5MAD,
a0FRg00000FVnf6MAD,
a0FRg00000FVnf7MAD,
a0FRg00000FVnf8MAD,
a0FRg00000FVnf9MAD,
a0FRg00000FVnfAMAT,
a0FRg00000FVnfBMAT,
a0FRg00000FVnfCMAT,
a0FRg00000FVnfDMAT,
a0FRg00000FVnfEMAT,
a0FRg00000FVnfFMAT,
a0FRg00000FVnfGMAT,
a0FRg00000FVnfHMAT,
a0FRg00000FVnfIMAT,
a0FRg00000FVnfJMAT,
a0FRg00000FVnfKMAT,
a0FRg00000FVnfLMAT,
a0FRg00000FWsUTMA1,
a0FRg00000FWsUUMA1,
a0FRg00000FWsUVMA1,
a0FRg00000FWsUWMA1,
a0FRg00000FWsUXMA1,
a0FRg00000FWsUYMA1,
a0FRg00000FWsUZMA1,
a0FRg00000FWsUaMAL,
a0FRg00000FWsUbMAL,
a0FRg00000FWsUcMAL,
a0FRg00000FWsUdMAL,
a0FRg00000FWsUeMAL,
a0FRg00000FWsUfMAL,
a0FRg00000FWsUgMAL,
a0FRg00000FWsUhMAL,
a0FRg00000FWsUiMAL,
a0FRg00000FWsUjMAL,
a0FRg00000FWsUkMAL,
a0FRg00000FWsUlMAL,
a0FRg00000FWsUmMAL,
a0FRg00000FWsUnMAL,
a0FRg00000FWsUoMAL,
a0FRg00000FWsUpMAL,
a0FRg00000FWsUqMAL,
a0FRg00000FWsUrMAL,
a0FRg00000FWsUsMAL,
a0FRg00000FWsUtMAL,
a0FRg00000FWsUuMAL,
a0FRg00000FWsUvMAL,
a0FRg00000FWsUwMAL,
a0FRg00000FWsUxMAL,
a0FRg00000FWsUyMAL,
a0FRg00000FWsUzMAL,
a0FRg00000FWsV0MAL,
a0FRg00000FWsV1MAL,
a0FRg00000FWsV2MAL,
a0FRg00000FWsV3MAL,
a0FRg00000FWsV4MAL,
a0FRg00000FWsV5MAL,
a0FRg00000FWsV6MAL,
a0FRg00000FWsV7MAL,
a0FRg00000FWsV8MAL,
a0FRg00000FWsV9MAL,
a0FRg00000FWsVAMA1,
a0FRg00000FWsVBMA1,
a0FRg00000FWsVCMA1,
a0FRg00000FWsVDMA1,
a0FRg00000FWsVEMA1,
a0FRg00000FWsVFMA1,
a0FRg00000FWsVGMA1,
a0FRg00000FWsVHMA1,
a0FRg00000FWsVIMA1,
a0FRg00000FWsVJMA1,
a0FRg00000FWsVKMA1,
a0FRg00000FWsVLMA1,
a0FRg00000FWsVMMA1,
a0FRg00000FWsVNMA1,
a0FRg00000FWsVOMA1,
a0FRg00000FWsVPMA1,
a0FRg00000FWsVQMA1,
a0FRg00000FWsVRMA1,
a0FRg00000FWsVSMA1,
a0FRg00000FWsVTMA1,
a0FRg00000FWsVUMA1,
a0FRg00000FWsVVMA1,
a0FRg00000FWsVWMA1,
a0FRg00000FWsVXMA1,
a0FRg00000FWsVYMA1,
a0FRg00000FWsVZMA1,
a0FRg00000FWsVaMAL,
a0FRg00000FWsVbMAL,
a0FRg00000FWsVcMAL,
a0FRg00000FWsVdMAL,
a0FRg00000FWsVeMAL,
a0FRg00000FWsVfMAL,
a0FRg00000FWsVgMAL,
a0FRg00000FWsVhMAL,
a0FRg00000FWsViMAL,
a0FRg00000FWsVjMAL,
a0FRg00000FWsVkMAL,
a0FRg00000FWsVlMAL,
a0FRg00000FWsVmMAL,
a0FRg00000FWsVnMAL,
a0FRg00000FWsVoMAL,
a0FRg00000FWsVpMAL,
a0FRg00000FWsVqMAL,
a0FRg00000FWsVrMAL,
a0FRg00000FWsVsMAL,
a0FRg00000FWsVtMAL,
a0FRg00000FWsVuMAL,
a0FRg00000FWsVvMAL,
a0FRg00000FWsVwMAL,
a0FRg00000FWsVxMAL,
a0FRg00000FWsVyMAL,
a0FRg00000FWsVzMAL,
a0FRg00000FWsW0MAL,
a0FRg00000FWsW1MAL,
a0FRg00000FWsW2MAL,
a0FRg00000FWsW3MAL,
a0FRg00000FWsW4MAL,
a0FRg00000FWsW5MAL,
a0FRg00000FWsW6MAL,
a0FRg00000FWsW7MAL,
a0FRg00000FWsW8MAL,
a0FRg00000FWsW9MAL,
a0FRg00000FWsWAMA1,
a0FRg00000FWsWBMA1,
a0FRg00000FWsWCMA1,
a0FRg00000FWsWDMA1,
a0FRg00000FWsWEMA1,
a0FRg00000FWsWFMA1,
a0FRg00000FWsWGMA1,
a0FRg00000FWsWHMA1,
a0FRg00000FWsWIMA1,
a0FRg00000FWsWJMA1,
a0FRg00000FWsWKMA1,
a0FRg00000FWsWLMA1,
a0FRg00000FWsWMMA1,
a0FRg00000FWsWNMA1,
a0FRg00000FWsWOMA1,
a0FRg00000FWsWPMA1,
a0FRg00000FWsWQMA1,
a0FRg00000FWsWRMA1,
a0FRg00000FWsWSMA1,
a0FRg00000FWsWTMA1,
a0FRg00000FWsWUMA1,
a0FRg00000FWsWVMA1,
a0FRg00000FWsWWMA1,
a0FRg00000FWsWXMA1,
a0FRg00000FWsWYMA1,
a0FRg00000FWsWZMA1,
a0FRg00000FWsWaMAL,
a0FRg00000FWsWbMAL,
a0FRg00000FWsWcMAL,
a0FRg00000FWsWdMAL,
a0FRg00000FWsWeMAL,
a0FRg00000FWsWfMAL,
a0FRg00000FWsWgMAL,
a0FRg00000FWsWhMAL,
a0FRg00000FWsWiMAL,
a0FRg00000FWsWjMAL,
a0FRg00000FWsWkMAL,
a0FRg00000FWsWlMAL,
a0FRg00000FWsWmMAL,
a0FRg00000FWsWnMAL,
a0FRg00000FWsWoMAL,
a0FRg00000FWsWpMAL,
a0FRg00000FWsWqMAL,
a0FRg00000FWsWrMAL,
a0FRg00000FWsWsMAL,
a0FRg00000FWsWtMAL,
a0FRg00000FWsWuMAL,
a0FRg00000FWsWvMAL,
a0FRg00000FWsWwMAL,
a0FRg00000FWsWxMAL,
a0FRg00000FWsWyMAL,
a0FRg00000FWsWzMAL,
a0FRg00000FWsX0MAL,
a0FRg00000FWsX1MAL,
a0FRg00000FWsX2MAL,
a0FRg00000FWsX3MAL,
a0FRg00000FWsX4MAL,
a0FRg00000FWsX5MAL,
a0FRg00000FWsX6MAL,
a0FRg00000FWsX7MAL,
a0FRg00000FWsX8MAL,
a0FRg00000FWsX9MAL,
a0FRg00000FWsXAMA1,
a0FRg00000FWsXBMA1,
a0FRg00000FWsXCMA1,
a0FRg00000FWsXDMA1,
a0FRg00000FWsXEMA1,
a0FRg00000FWsXFMA1,
a0FRg00000FWsXGMA1,
a0FRg00000FWsXHMA1,
a0FRg00000FWsXIMA1,
a0FRg00000FWsXJMA1,
a0FRg00000FWsXKMA1,
a0FRg00000FWsXLMA1,
a0FRg00000FWsXMMA1,
a0FRg00000FWsXNMA1,
a0FRg00000FWsXOMA1,
a0FRg00000FWsXPMA1,
a0FRg00000FWsXQMA1,
a0FRg00000FWsXRMA1,
a0FRg00000FWsXSMA1,
a0FRg00000FWsXTMA1,
a0FRg00000FWsXUMA1,
a0FRg00000FWsXVMA1,
a0FRg00000FWsXWMA1,
a0FRg00000FWsXXMA1,
a0FRg00000FWsXYMA1,
a0FRg00000FWsXZMA1,
a0FRg00000FWsXaMAL,
a0FRg00000FWsXbMAL,
a0FRg00000FWsXcMAL,
a0FRg00000FWsXdMAL,
a0FRg00000FWsXeMAL,
a0FRg00000FWsXfMAL,
a0FRg00000FWsXgMAL,
a0FRg00000FWsXhMAL,
a0FRg00000FWsXiMAL,
a0FRg00000FWsXjMAL,
a0FRg00000FWsXkMAL,
a0FRg00000FWsXlMAL,
a0FRg00000FWsXmMAL,
a0FRg00000FWsXnMAL,
a0FRg00000FWsXoMAL,
a0FRg00000FWsXpMAL,
a0FRg00000FWsXqMAL,
a0FRg00000FWsXrMAL,
a0FRg00000FWsXsMAL,
a0FRg00000FWsXtMAL,
a0FRg00000FWsXuMAL,
a0FRg00000FWsXvMAL,
a0FRg00000FWsXwMAL,
a0FRg00000FWsXxMAL,
a0FRg00000FWsXyMAL,
a0FRg00000FWsXzMAL,
a0FRg00000FWsY0MAL,
a0FRg00000FWsY1MAL,
a0FRg00000FWsY2MAL,
a0FRg00000FWsY3MAL,
a0FRg00000FWsY4MAL,
a0FRg00000FWsY5MAL,
a0FRg00000FWsY6MAL,
a0FRg00000FWsY7MAL,
a0FRg00000FWsY8MAL,
a0FRg00000FWsY9MAL,
a0FRg00000FWsYAMA1,
a0FRg00000FWsYBMA1,
a0FRg00000FWsYCMA1,
a0FRg00000FWsYDMA1,
a0FRg00000FWsYEMA1,
a0FRg00000FWsYFMA1,
a0FRg00000FWsYGMA1,
a0FRg00000FWsYHMA1,
a0FRg00000FWsYIMA1,
a0FRg00000FWsYJMA1,
a0FRg00000FWsYKMA1,
a0FRg00000FWsYLMA1,
a0FRg00000FWsYMMA1,
a0FRg00000FWsYNMA1,
a0FRg00000FWsYOMA1,
a0FRg00000FWsYPMA1,
a0FRg00000FWsYQMA1,
a0FRg00000FWsYRMA1,
a0FRg00000FWsYSMA1,
a0FRg00000FWsYTMA1,
a0FRg00000FWsYUMA1,
a0FRg00000FWsYVMA1,
a0FRg00000FWsYWMA1,
a0FRg00000FWsYXMA1,
a0FRg00000FWsYYMA1,
a0FRg00000FWsYZMA1,
a0FRg00000FWsYaMAL,
a0FRg00000FWsYbMAL,
a0FRg00000FWsYcMAL,
a0FRg00000FWsYdMAL,
a0FRg00000FWsYeMAL,
a0FRg00000FWsYfMAL,
a0FRg00000FWsYgMAL,
a0FRg00000FWsYhMAL,
a0FRg00000FWsYiMAL,
a0FRg00000FWsYjMAL,
a0FRg00000FWsYkMAL,
a0FRg00000FWsYlMAL,
a0FRg00000FWsYmMAL,
a0FRg00000FWsYnMAL,
a0FRg00000FWsYoMAL,
a0FRg00000FWsYpMAL,
a0FRg00000FWsYqMAL,
a0FRg00000FWsYrMAL,
a0FRg00000FWsYsMAL,
a0FRg00000FWsYtMAL,
a0FRg00000FWsYuMAL,
a0FRg00000FWsYvMAL,
a0FRg00000FWsYwMAL,
a0FRg00000FWsYxMAL,
a0FRg00000FWsYyMAL,
a0FRg00000FWsYzMAL,
a0FRg00000FWsZ0MAL,
a0FRg00000FWsZ1MAL,
a0FRg00000FWsZ2MAL,
a0FRg00000FWsZ3MAL,
a0FRg00000FWsZ4MAL,
a0FRg00000FWsZ5MAL,
a0FRg00000FWsZ6MAL,
a0FRg00000FWsZ7MAL,
a0FRg00000FWsZ8MAL,
a0FRg00000FWsZ9MAL,
a0FRg00000FWsZAMA1,
a0FRg00000FWsZBMA1,
a0FRg00000FWsZCMA1,
a0FRg00000FWsZDMA1,
a0FRg00000FWsZEMA1,
a0FRg00000FWsZFMA1,
a0FRg00000FWsZGMA1,
a0FRg00000FWsZHMA1,
a0FRg00000FWsZIMA1,
a0FRg00000FWsZJMA1,
a0FRg00000FWsZKMA1,
a0FRg00000FWsZLMA1,
a0FRg00000FWsZMMA1,
a0FRg00000FWsZNMA1,
a0FRg00000FWsZOMA1,
a0FRg00000FWsZPMA1,
a0FRg00000FWsZQMA1,
a0FRg00000FWsZRMA1,
a0FRg00000FWsZSMA1,
a0FRg00000FWsZTMA1,
a0FRg00000FWsZUMA1,
a0FRg00000FWsZVMA1,
a0FRg00000FWsZWMA1,
a0FRg00000FWsZXMA1,
a0FRg00000FWsZYMA1,
a0FRg00000FWsZZMA1,
a0FRg00000FWsZaMAL,
a0FRg00000FWsZbMAL,
a0FRg00000FWsZcMAL,
a0FRg00000FWsZdMAL,
a0FRg00000FWsZeMAL,
a0FRg00000FWsZfMAL,
a0FRg00000FWsZgMAL,
a0FRg00000FWsZhMAL,
a0FRg00000FWsZiMAL,
a0FRg00000FWsZjMAL,
a0FRg00000FWsZkMAL,
a0FRg00000FWsZlMAL,
a0FRg00000FWsZmMAL,
a0FRg00000FWsZnMAL,
a0FRg00000FWsZoMAL,
a0FRg00000FWsZpMAL,
a0FRg00000FWsZqMAL,
a0FRg00000FWsZrMAL,
a0FRg00000FWsZsMAL,
a0FRg00000FWsZtMAL,
a0FRg00000FWsZuMAL,
a0FRg00000FWsZvMAL,
a0FRg00000FWsZwMAL,
a0FRg00000FWsZxMAL,
a0FRg00000FWsZyMAL,
a0FRg00000FWsZzMAL,
a0FRg00000FWsa0MAD,
a0FRg00000FWsa1MAD,
a0FRg00000FWsa2MAD,
a0FRg00000FWsa3MAD,
a0FRg00000FWsa4MAD,
a0FRg00000FWsa5MAD,
a0FRg00000FWsa6MAD,
a0FRg00000FWsa7MAD,
a0FRg00000FWsa8MAD,
a0FRg00000FWsa9MAD,
a0FRg00000FWsaAMAT,
a0FRg00000FWsaBMAT,
a0FRg00000FWsaCMAT,
a0FRg00000FWsaDMAT,
a0FRg00000FWsaEMAT,
a0FRg00000FWsaFMAT,
a0FRg00000FWsaGMAT,
a0FRg00000FWsaHMAT,
a0FRg00000FWsaIMAT,
a0FRg00000FWsaJMAT,
a0FRg00000FWsaKMAT,
a0FRg00000FWsaLMAT,
a0FRg00000FWsaMMAT,
a0FRg00000FWsaNMAT,
a0FRg00000FWsaOMAT,
a0FRg00000FWsaPMAT,
a0FRg00000FWsaQMAT,
a0FRg00000FWsaRMAT,
a0FRg00000FWsaSMAT,
a0FRg00000FWsaTMAT,
a0FRg00000FWsaUMAT,
a0FRg00000FWsaVMAT,
a0FRg00000FWsaWMAT,
a0FRg00000FWsaXMAT,
a0FRg00000FWsaYMAT,
a0FRg00000FWsaZMAT,
a0FRg00000FWsaaMAD,
a0FRg00000FWsabMAD,
a0FRg00000FWsacMAD,
a0FRg00000FWsadMAD,
a0FRg00000FWsaeMAD,
a0FRg00000FWsafMAD,
a0FRg00000FWsagMAD,
a0FRg00000FWsahMAD,
a0FRg00000FWsaiMAD,
a0FRg00000FWsajMAD,
a0FRg00000FWsakMAD,
a0FRg00000FWsalMAD,
a0FRg00000FWsamMAD,
a0FRg00000FWsanMAD,
a0FRg00000FWsaoMAD,
a0FRg00000FWsapMAD,
a0FRg00000FWsaqMAD,
a0FRg00000FWsarMAD,
a0FRg00000FWsasMAD,
a0FRg00000FWsatMAD,
a0FRg00000FWsauMAD,
a0FRg00000FWsavMAD,
a0FRg00000FWsawMAD,
a0FRg00000FWsaxMAD,
a0FRg00000FWsayMAD,
a0FRg00000FWsazMAD,
a0FRg00000FWsb0MAD,
a0FRg00000FWsb1MAD,
a0FRg00000FWsb2MAD,
a0FRg00000FWsb3MAD,
a0FRg00000FWsb4MAD,
a0FRg00000FWsb5MAD,
a0FRg00000FWsb6MAD,
a0FRg00000FWsb7MAD,
a0FRg00000FWsb8MAD,
a0FRg00000FWsb9MAD,
a0FRg00000FWsbAMAT,
a0FRg00000FWsbBMAT,
a0FRg00000FWsbCMAT,
a0FRg00000FWsbDMAT,
a0FRg00000FWsbEMAT,
a0FRg00000FWsbFMAT,
a0FRg00000FWsbGMAT,
a0FRg00000FWsbHMAT,
a0FRg00000FWsbIMAT,
a0FRg00000FWsbJMAT,
a0FRg00000FWsbKMAT,
a0FRg00000FWsbLMAT,
a0FRg00000FWsbMMAT,
a0FRg00000FWsbNMAT,
a0FRg00000FWsbOMAT,
a0FRg00000FWsbPMAT,
a0FRg00000FWsbQMAT,
a0FRg00000FWsbRMAT,
a0FRg00000FWsbSMAT,
a0FRg00000FWsbTMAT,
a0FRg00000FWsbUMAT,
a0FRg00000FWsbVMAT,
a0FRg00000FWsbWMAT,
a0FRg00000FWsbXMAT,
a0FRg00000FWsbYMAT,
a0FRg00000FWsbZMAT,
a0FRg00000FWsbaMAD,
a0FRg00000FWsbbMAD,
a0FRg00000FWsbcMAD,
a0FRg00000FWsbdMAD,
a0FRg00000FWsbeMAD,
a0FRg00000FWsbfMAD,
a0FRg00000FWsbgMAD,
a0FRg00000FWsbhMAD,
a0FRg00000FWsbiMAD,
a0FRg00000FWsbjMAD,
a0FRg00000FWsbkMAD,
a0FRg00000FWsblMAD,
a0FRg00000FWsbmMAD,
a0FRg00000FWsbnMAD,
a0FRg00000FWsboMAD,
a0FRg00000FWsbpMAD,
a0FRg00000FWsbqMAD,
a0FRg00000FWsbrMAD,
a0FRg00000FWsbsMAD,
a0FRg00000FWsbtMAD,
a0FRg00000FWsbuMAD,
a0FRg00000FWsbvMAD,
a0FRg00000FWsbwMAD,
a0FRg00000FWsbxMAD,
a0FRg00000FWsbyMAD,
a0FRg00000FWsbzMAD,
a0FRg00000FWsc0MAD,
a0FRg00000FWsc1MAD,
a0FRg00000FWsc2MAD,
a0FRg00000FWsc3MAD,
a0FRg00000FWsc4MAD,
a0FRg00000FWsc5MAD,
a0FRg00000FWsc6MAD,
a0FRg00000FWsc7MAD,
a0FRg00000FWsc8MAD,
a0FRg00000FWsc9MAD,
a0FRg00000FWscAMAT,
a0FRg00000FWscBMAT,
a0FRg00000FWscCMAT,
a0FRg00000FWscDMAT,
a0FRg00000FWscEMAT,
a0FRg00000FWscFMAT,
a0FRg00000FWscGMAT,
a0FRg00000FWscHMAT,
a0FRg00000FWscIMAT,
a0FRg00000FWscJMAT,
a0FRg00000FWscKMAT,
a0FRg00000FWscLMAT,
a0FRg00000FWscMMAT,
a0FRg00000FWscNMAT,
a0FRg00000FWscOMAT,
a0FRg00000FWscPMAT,
a0FRg00000FWscQMAT,
a0FRg00000FWscRMAT,
a0FRg00000FWscSMAT,
a0FRg00000FWscTMAT,
a0FRg00000FWscUMAT,
a0FRg00000FWscVMAT,
a0FRg00000FWscWMAT,
a0FRg00000FWscXMAT,
a0FRg00000FWscYMAT,
a0FRg00000FWscZMAT,
a0FRg00000FWscaMAD,
a0FRg00000FWscbMAD,
a0FRg00000FWsccMAD,
a0FRg00000FWscdMAD,
a0FRg00000FWsceMAD,
a0FRg00000FWscfMAD,
a0FRg00000FWscgMAD,
a0FRg00000FWschMAD,
a0FRg00000FWsciMAD,
a0FRg00000FWscjMAD,
a0FRg00000FWsckMAD,
a0FRg00000FWsclMAD,
a0FRg00000FWscmMAD,
a0FRg00000FWscnMAD,
a0FRg00000FWscoMAD,
a0FRg00000FWscpMAD,
a0FRg00000FWscqMAD,
a0FRg00000FWscrMAD,
a0FRg00000FWscsMAD,
a0FRg00000FWsctMAD,
a0FRg00000FWscuMAD,
a0FRg00000FWscvMAD,
a0FRg00000FWscwMAD,
a0FRg00000FWscxMAD,
a0FRg00000FWscyMAD,
a0FRg00000FWsczMAD,
a0FRg00000FWsd0MAD,
a0FRg00000FWsd1MAD,
a0FRg00000FWsd2MAD,
a0FRg00000FWsd3MAD,
a0FRg00000FWsd4MAD,
a0FRg00000FWsd5MAD,
a0FRg00000FWsd6MAD,
a0FRg00000FWsd7MAD,
a0FRg00000FWsd8MAD,
a0FRg00000FWsd9MAD,
a0FRg00000FWsdAMAT,
a0FRg00000FWsdBMAT,
a0FRg00000FWsdCMAT,
a0FRg00000FWsdDMAT,
a0FRg00000FWsdEMAT,
a0FRg00000FWsdFMAT,
a0FRg00000FWsdGMAT,
a0FRg00000FWsdHMAT,
a0FRg00000FWsdIMAT,
a0FRg00000FWsdJMAT,
a0FRg00000FWsdKMAT,
a0FRg00000FWsdLMAT,
a0FRg00000FWsdMMAT,
a0FRg00000FWsdNMAT,
a0FRg00000FWsdOMAT,
a0FRg00000FWsdPMAT,
a0FRg00000FWsdQMAT,
a0FRg00000FWsdRMAT,
a0FRg00000FWsdSMAT,
a0FRg00000FWsdTMAT,
a0FRg00000FWsdUMAT,
a0FRg00000FWsdVMAT,
a0FRg00000FWsdWMAT,
a0FRg00000FWsdXMAT,
a0FRg00000FWsdYMAT,
a0FRg00000FWsdZMAT,
a0FRg00000FWsdaMAD,
a0FRg00000FWsdbMAD,
a0FRg00000FWsdcMAD,
a0FRg00000FWsddMAD,
a0FRg00000FWsdeMAD,
a0FRg00000FWsdfMAD,
a0FRg00000FWsdgMAD,
a0FRg00000FWsdhMAD,
a0FRg00000FWsdiMAD,
a0FRg00000FWsdjMAD,
a0FRg00000FWsdkMAD,
a0FRg00000FWsdlMAD,
a0FRg00000FWsdmMAD,
a0FRg00000FWsdnMAD,
a0FRg00000FWsdoMAD,
a0FRg00000FWsdpMAD,
a0FRg00000FWsdqMAD,
a0FRg00000FWsdrMAD,
a0FRg00000FWsdsMAD,
a0FRg00000FWsdtMAD,
a0FRg00000FWsduMAD,
a0FRg00000FWsdvMAD,
a0FRg00000FWsdwMAD,
a0FRg00000FWsdxMAD,
a0FRg00000FWsdyMAD,
a0FRg00000FWsdzMAD,
a0FRg00000FWse0MAD,
a0FRg00000FWse1MAD,
a0FRg00000FWse2MAD,
a0FRg00000FWse3MAD,
a0FRg00000FWse4MAD,
a0FRg00000FWse5MAD,
a0FRg00000FWse6MAD,
a0FRg00000FWse7MAD,
a0FRg00000FWse8MAD,
a0FRg00000FWse9MAD,
a0FRg00000FWseAMAT,
a0FRg00000FWseBMAT,
a0FRg00000FWseCMAT,
a0FRg00000FWseDMAT,
a0FRg00000FWseEMAT,
a0FRg00000FWseFMAT,
a0FRg00000FWseGMAT,
a0FRg00000FWseHMAT,
a0FRg00000FWseIMAT,
a0FRg00000FWseJMAT,
a0FRg00000FWseKMAT,
a0FRg00000FWseLMAT,
a0FRg00000FWseMMAT,
a0FRg00000FWseNMAT,
a0FRg00000FWseOMAT,
a0FRg00000FWsePMAT,
a0FRg00000FWseQMAT,
a0FRg00000FWseRMAT,
a0FRg00000FWseSMAT,
a0FRg00000FWseTMAT,
a0FRg00000FWseUMAT,
a0FRg00000FWseVMAT,
a0FRg00000FWseWMAT,
a0FRg00000FWseXMAT,
a0FRg00000FWseYMAT,
a0FRg00000FWseZMAT,
a0FRg00000FWseaMAD,
a0FRg00000FWsebMAD,
a0FRg00000FWsecMAD,
a0FRg00000FWsedMAD,
a0FRg00000FWseeMAD,
a0FRg00000FWsefMAD,
a0FRg00000FWsegMAD,
a0FRg00000FWsehMAD,
a0FRg00000FWseiMAD,
a0FRg00000FWsejMAD,
a0FRg00000FWsekMAD,
a0FRg00000FWselMAD,
a0FRg00000FWsemMAD,
a0FRg00000FWsenMAD,
a0FRg00000FWseoMAD,
a0FRg00000FWsepMAD,
a0FRg00000FWseqMAD,
a0FRg00000FWserMAD,
a0FRg00000FWsesMAD,
a0FRg00000FWsetMAD,
a0FRg00000FWseuMAD,
a0FRg00000FWsevMAD,
a0FRg00000FWsewMAD,
a0FRg00000FWsexMAD,
a0FRg00000FWseyMAD,
a0FRg00000FWsezMAD,
a0FRg00000FWsf0MAD,
a0FRg00000FWsf1MAD,
a0FRg00000FWsf2MAD,
a0FRg00000FWsf3MAD,
a0FRg00000FWsf4MAD,
a0FRg00000FWsf5MAD,
a0FRg00000FWsf6MAD,
a0FRg00000FWsf7MAD,
a0FRg00000FWsf8MAD,
a0FRg00000FWsf9MAD,
a0FRg00000FWsfAMAT,
a0FRg00000FWsfBMAT,
a0FRg00000FWsfCMAT,
a0FRg00000FWsfDMAT,
a0FRg00000FWsfEMAT,
a0FRg00000FWsfFMAT,
a0FRg00000FWsfGMAT,
a0FRg00000FWsfHMAT,
a0FRg00000FWsfIMAT,
a0FRg00000FWsfJMAT,
a0FRg00000FWsfKMAT,
a0FRg00000FWsfLMAT,
a0FRg00000FWsfMMAT,
a0FRg00000FWsfNMAT,
a0FRg00000FWsfOMAT,
a0FRg00000FWsfPMAT,
a0FRg00000FWsfQMAT,
a0FRg00000FWsfRMAT,
a0FRg00000FWsfSMAT,
a0FRg00000FWsfTMAT,
a0FRg00000FWsfUMAT,
a0FRg00000FWsfVMAT,
a0FRg00000FWsfWMAT,
a0FRg00000FWsfXMAT,
a0FRg00000FWsfYMAT,
a0FRg00000FWsfZMAT,
a0FRg00000FWsfaMAD,
a0FRg00000FWsfbMAD,
a0FRg00000FWsfcMAD,
a0FRg00000FWsfdMAD,
a0FRg00000FWsfeMAD,
a0FRg00000FWsffMAD,
a0FRg00000FWsfgMAD,
a0FRg00000FWsfhMAD,
a0FRg00000FWsfiMAD,
a0FRg00000FWsfjMAD,
a0FRg00000FWsfkMAD,
a0FRg00000FWsflMAD,
a0FRg00000FWsfmMAD,
a0FRg00000FWsfnMAD,
a0FRg00000FWsfoMAD,
a0FRg00000FWsfpMAD,
a0FRg00000FWsfqMAD,
a0FRg00000FWsfrMAD,
a0FRg00000FWsfsMAD,
a0FRg00000FWsftMAD,
a0FRg00000FWsfuMAD,
a0FRg00000FWsfvMAD,
a0FRg00000FWsfwMAD,
a0FRg00000FWsfxMAD,
a0FRg00000FWsfyMAD,
a0FRg00000FWsfzMAD,
a0FRg00000FWsg0MAD,
a0FRg00000FWsg1MAD,
a0FRg00000FWsg2MAD,
a0FRg00000FWsg3MAD,
a0FRg00000FWsg4MAD,
a0FRg00000FWsg5MAD,
a0FRg00000FWsg6MAD,
a0FRg00000FWsg7MAD,
a0FRg00000FWsg8MAD,
a0FRg00000FWsg9MAD,
a0FRg00000FWsgAMAT,
a0FRg00000FWsgBMAT,
a0FRg00000FWsgCMAT,
a0FRg00000FWsgDMAT,
a0FRg00000FWsgEMAT,
a0FRg00000FWsgFMAT,
a0FRg00000FWsgGMAT,
a0FRg00000FWsgHMAT,
a0FRg00000FWsgIMAT,
a0FRg00000FWsgJMAT,
a0FRg00000FWsgKMAT,
a0FRg00000FWsgLMAT,
a0FRg00000FWsgMMAT,
a0FRg00000FWsgNMAT,
a0FRg00000FWsgOMAT,
a0FRg00000FWsgPMAT,
a0FRg00000FWsgQMAT,
a0FRg00000FWsgRMAT,
a0FRg00000FWsgSMAT,
a0FRg00000FWsgTMAT,
a0FRg00000FWsgUMAT,
a0FRg00000FWsgVMAT,
a0FRg00000FWsgWMAT,
a0FRg00000FWsgXMAT,
a0FRg00000FWsgYMAT,
a0FRg00000FWsgZMAT,
a0FRg00000FWsgaMAD,
a0FRg00000FWsgbMAD,
a0FRg00000FWsgcMAD,
a0FRg00000FWsgdMAD,
a0FRg00000FWsgeMAD,
a0FRg00000FWsgfMAD,
a0FRg00000FWsggMAD,
a0FRg00000FWsghMAD,
a0FRg00000FWsgiMAD,
a0FRg00000FWsgjMAD,
a0FRg00000FWsgkMAD,
a0FRg00000FWsglMAD,
a0FRg00000FWsgmMAD,
a0FRg00000FWsgnMAD,
a0FRg00000FWsgoMAD,
a0FRg00000FWsgpMAD,
a0FRg00000FWsgqMAD,
a0FRg00000FWsgrMAD,
a0FRg00000FWsgsMAD,
a0FRg00000FWsgtMAD,
a0FRg00000FWsguMAD,
a0FRg00000FWsgvMAD,
a0FRg00000FWsgwMAD,
a0FRg00000FWsgxMAD,
a0FRg00000FWsgyMAD,
a0FRg00000FWsgzMAD,
a0FRg00000FWsh0MAD,
a0FRg00000FWsh1MAD,
a0FRg00000FWsh2MAD,
a0FRg00000FWsh3MAD,
a0FRg00000FWsh4MAD,
a0FRg00000FWsh5MAD,
a0FRg00000FWsh6MAD,
a0FRg00000FWsh7MAD,
a0FRg00000FWsh8MAD,
a0FRg00000FWsh9MAD,
a0FRg00000FWshAMAT,
a0FRg00000FWshBMAT,
a0FRg00000FWshCMAT,
a0FRg00000FWshDMAT,
a0FRg00000FWshEMAT,
a0FRg00000FWshFMAT,
a0FRg00000FWshGMAT,
a0FRg00000FWshHMAT,
a0FRg00000FWshIMAT,
a0FRg00000FWshJMAT,
a0FRg00000FWshKMAT,
a0FRg00000FWshLMAT,
a0FRg00000FWshMMAT,
a0FRg00000FWshNMAT,
a0FRg00000FWshOMAT,
a0FRg00000FWshPMAT,
a0FRg00000FWshQMAT,
a0FRg00000FWshRMAT,
a0FRg00000FWshSMAT,
a0FRg00000FWshTMAT,
a0FRg00000FWshUMAT,
a0FRg00000FWshVMAT,
a0FRg00000FWshWMAT,
a0FRg00000FWshXMAT,
a0FRg00000FWshYMAT,
a0FRg00000FWshZMAT,
a0FRg00000FWshaMAD,
a0FRg00000FWshbMAD,
a0FRg00000FWshcMAD,
a0FRg00000FWshdMAD,
a0FRg00000FWsheMAD,
a0FRg00000FWshfMAD,
a0FRg00000FWshgMAD,
a0FRg00000FWshhMAD,
a0FRg00000FWshiMAD,
a0FRg00000FWshjMAD,
a0FRg00000FWshkMAD,
a0FRg00000FWshlMAD,
a0FRg00000FWshmMAD,
a0FRg00000FWshnMAD,
a0FRg00000FWshoMAD,
a0FRg00000FWshpMAD,
a0FRg00000FWshqMAD,
a0FRg00000FWshrMAD,
a0FRg00000FWshsMAD,
a0FRg00000FWshtMAD,
a0FRg00000FWshuMAD,
a0FRg00000FWshvMAD,
a0FRg00000FWshwMAD,
a0FRg00000FWshxMAD,
a0FRg00000FWshyMAD,
a0FRg00000FWshzMAD,
a0FRg00000FWsi0MAD,
a0FRg00000FWsi1MAD,
a0FRg00000FWsi2MAD,
a0FRg00000FWsi3MAD,
a0FRg00000FWsi4MAD,
a0FRg00000FWsi5MAD,
a0FRg00000FWsi6MAD,
a0FRg00000FWsi7MAD,
a0FRg00000FWsi8MAD,
a0FRg00000FWsi9MAD,
a0FRg00000FWsiAMAT,
a0FRg00000FWsiBMAT,
a0FRg00000FWsiCMAT,
a0FRg00000FWsiDMAT,
a0FRg00000FWsiEMAT,
a0FRg00000FWsiFMAT,
a0FRg00000FWsiGMAT,
a0FRg00000FWsiHMAT,
a0FRg00000FWsiIMAT,
a0FRg00000FWsiJMAT,
a0FRg00000FWsiKMAT,
a0FRg00000FWsiLMAT,
a0FRg00000FWsiMMAT,
a0FRg00000FWsiNMAT,
a0FRg00000FWsiOMAT,
a0FRg00000FWsiPMAT,
a0FRg00000FWsiQMAT,
a0FRg00000FWsiRMAT,
a0FRg00000FWsiSMAT,
a0FRg00000FWsiTMAT,
a0FRg00000FWsiUMAT,
a0FRg00000FWsiVMAT,
a0FRg00000FWsiWMAT,
a0FRg00000FWsiXMAT,
a0FRg00000FWsiYMAT,
a0FRg00000FWsiZMAT,
a0FRg00000FWsiaMAD,
a0FRg00000FWsibMAD,
a0FRg00000FWsicMAD,
a0FRg00000FWsidMAD,
a0FRg00000FWsieMAD,
a0FRg00000FWsifMAD,
a0FRg00000FWsigMAD,
a0FRg00000FWsihMAD,
a0FRg00000FWsiiMAD,
a0FRg00000FWsijMAD,
a0FRg00000FWsikMAD,
a0FRg00000FWsilMAD,
a0FRg00000FWsimMAD,
a0FRg00000FWsinMAD,
a0FRg00000FWsioMAD,
a0FRg00000FWsipMAD,
a0FRg00000FWsiqMAD,
a0FRg00000FWsirMAD,
a0FRg00000FWsisMAD,
a0FRg00000FWsitMAD,
a0FRg00000FWsiuMAD,
a0FRg00000FWsivMAD,
a0FRg00000FWsiwMAD,
a0FRg00000FWsixMAD,
a0FRg00000FWsiyMAD,
a0FRg00000FWsizMAD,
a0FRg00000FWsj0MAD,
a0FRg00000FWsj1MAD,
a0FRg00000FWsj2MAD,
a0FRg00000FWsj3MAD,
a0FRg00000FWsj4MAD,
a0FRg00000FWsj5MAD,
a0FRg00000FWsj6MAD,
a0FRg00000FWsj7MAD,
a0FRg00000FWsj8MAD,
a0FRg00000FWsj9MAD,
a0FRg00000FWsjAMAT,
a0FRg00000FWsjBMAT,
a0FRg00000FWsjCMAT,
a0FRg00000FWsjDMAT,
a0FRg00000FWsjEMAT,
a0FRg00000FWsjFMAT,
a0FRg00000FWsjGMAT,
a0FRg00000FWsjHMAT,
a0FRg00000FWsjIMAT,
a0FRg00000FWsjJMAT,
a0FRg00000FWsjKMAT,
a0FRg00000FWsjLMAT,
a0FRg00000FWsjMMAT,
a0FRg00000FWsjNMAT,
a0FRg00000FWsjOMAT,
a0FRg00000FWsjPMAT,
a0FRg00000FWsjQMAT,
a0FRg00000FWsjRMAT,
a0FRg00000FWsjSMAT,
a0FRg00000FWsjTMAT,
a0FRg00000FWsjUMAT,
a0FRg00000FWsjVMAT,
a0FRg00000FWsjWMAT,
a0FRg00000FWsjXMAT,
a0FRg00000FWsjYMAT,
a0FRg00000FWsjZMAT,
a0FRg00000FWsjaMAD,
a0FRg00000FWsjbMAD,
a0FRg00000FWsjcMAD,
a0FRg00000FWsjdMAD,
a0FRg00000FWsjeMAD,
a0FRg00000FWsjfMAD,
a0FRg00000FWsjgMAD,
a0FRg00000FWsjhMAD,
a0FRg00000FWsjiMAD,
a0FRg00000FWsjjMAD,
a0FRg00000FWsjkMAD,
a0FRg00000FWsjlMAD,
a0FRg00000FWsjmMAD,
a0FRg00000FWsjnMAD,
a0FRg00000FWsjoMAD,
a0FRg00000FWsjpMAD,
a0FRg00000FWsjqMAD,
a0FRg00000FWsjrMAD,
a0FRg00000FWsjsMAD,
a0FRg00000FWsjtMAD,
a0FRg00000FWsjuMAD,
a0FRg00000FWsjvMAD,
a0FRg00000FWsjwMAD,
a0FRg00000FWsjxMAD,
a0FRg00000FWsjyMAD,
a0FRg00000FWsjzMAD,
a0FRg00000FWsk0MAD,
a0FRg00000FWsk1MAD,
a0FRg00000FWsk2MAD,
a0FRg00000FWsk3MAD,
a0FRg00000FWsk4MAD,
a0FRg00000FWsk5MAD,
a0FRg00000FWsk6MAD,
a0FRg00000FWsk7MAD,
a0FRg00000FWsk8MAD,
a0FRg00000FWsk9MAD,
a0FRg00000FWskAMAT,
a0FRg00000FWskBMAT,
a0FRg00000FWskCMAT,
a0FRg00000FWskDMAT,
a0FRg00000FWskEMAT,
a0FRg00000FWskFMAT,
a0FRg00000FWskGMAT,
a0FRg00000FWskHMAT,
a0FRg00000FWskIMAT,
a0FRg00000FWskJMAT,
a0FRg00000FWskKMAT,
a0FRg00000FWskLMAT,
a0FRg00000FWskMMAT,
a0FRg00000FWskNMAT,
a0FRg00000FWskOMAT,
a0FRg00000FWskPMAT,
a0FRg00000FWskQMAT,
a0FRg00000FWskRMAT,
a0FRg00000FWskSMAT,
a0FRg00000FWskTMAT,
a0FRg00000FWskUMAT,
a0FRg00000FWskVMAT,
a0FRg00000FWskWMAT,
a0FRg00000FWskXMAT,
a0FRg00000FWskYMAT,
a0FRg00000FWskZMAT,
a0FRg00000FWskaMAD,
a0FRg00000FWskbMAD,
a0FRg00000FWskcMAD,
a0FRg00000FWskdMAD,
a0FRg00000FWskeMAD,
a0FRg00000FWskfMAD,
a0FRg00000FWskgMAD,
a0FRg00000FWskhMAD,
a0FRg00000FWskiMAD,
a0FRg00000FWskjMAD,
a0FRg00000FWskkMAD,
a0FRg00000FWsklMAD,
a0FRg00000FWskmMAD,
a0FRg00000FWsknMAD,
a0FRg00000FWskoMAD,
a0FRg00000FWskpMAD,
a0FRg00000FXnAzMAL,
a0FRg00000FXnB0MAL,
a0FRg00000FXnB1MAL,
a0FRg00000FXnB2MAL,
a0FRg00000FXnB3MAL,
a0FRg00000FXnB4MAL,
a0FRg00000FXnB5MAL,
a0FRg00000FXnB6MAL,
a0FRg00000FXnB7MAL,
a0FRg00000FXnB8MAL,
a0FRg00000FXnB9MAL,
a0FRg00000FXnBAMA1,
a0FRg00000FXnBBMA1,
a0FRg00000FXnBCMA1,
a0FRg00000FXnBDMA1,
a0FRg00000FXnBEMA1,
a0FRg00000FXnBFMA1,
a0FRg00000FXnBGMA1,
a0FRg00000FXnBHMA1,
a0FRg00000FXnBIMA1,
a0FRg00000FXnBJMA1,
a0FRg00000FXnBKMA1,
a0FRg00000FXnCbMAL,
a0FRg00000FXnCcMAL,
a0FRg00000FXnCdMAL,
a0FRg00000FXnCeMAL,
a0FRg00000FXnCfMAL,
a0FRg00000FXnCgMAL,
a0FRg00000FXnChMAL,
a0FRg00000FXnCiMAL,
a0FRg00000FXnCjMAL,
a0FRg00000FXnCkMAL,
a0FRg00000FXnClMAL,
a0FRg00000FXnCmMAL,
a0FRg00000FXnCnMAL,
a0FRg00000FXnCoMAL,
a0FRg00000FXnCpMAL,
a0FRg00000FXnCqMAL,
a0FRg00000FXnCrMAL,
a0FRg00000FXnCsMAL,
a0FRg00000FXnCtMAL,
a0FRg00000FXnCuMAL,
a0FRg00000FXnCvMAL,
a0FRg00000FXnCwMAL,
