Id,Name,Received_Amount__c
a0VRg000002AKAnMAO,RV-2,38410
a0VRg000002AKCPMA4,RV-3,39030
a0VRg000002AP8rMAG,RV-4,37000
a0VRg000002AqH7MAK,RV-5,123708
a0VRg000002AqIjMAK,RV-6,86112.5
a0VRg000002AsqnMAC,RV-7,37000
a0VRg000002AssPMAS,RV-8,48631
a0VRg000002At8bMAC,RV-12,36948
a0VRg000002AtQHMA0,RV-13,36948
a0VRg000002AtTVMA0,RV-14,36948
a0VRg000002AuuDMAS,RV-15,35000
a0VRg000002Av0fMAC,RV-16,525200
a0VRg000002BDvFMAW,RV-17,161499.4
a0VRg000002BMYjMAO,RV-18,37000
a0VRg000002BMaLMAW,RV-19,183031.4
a0VRg000002BNOLMA4,RV-20,40000
a0VRg000002BNPxMAO,RV-21,257221.12
a0VRg000002BO13MAG,RV-22,36600
a0VRg000002BO4HMAW,RV-24,437655
a0VRg000002BOCLMA4,RV-25,36600
a0VRg000002BODxMAO,RV-26,429411
a0VRg000002BONdMAO,RV-27,37000
a0VRg000002BOPFMA4,RV-28,81292
a0VRg000002BOYvMAO,RV-29,36600
a0VRg000002BOaXMAW,RV-30,408940
a0VRg000002BOc9MAG,RV-31,37000
a0VRg000002BOdlMAG,RV-32,173630
a0VRg000002BOfNMAW,RV-33,239514
a0VRg000002BOgzMAG,RV-34,36600
a0VRg000002BOibMAG,RV-35,417948
a0VRg000002BOp3MAG,RV-36,37000
a0VRg000002BOqfMAG,RV-37,352623.12
a0VRg000002BOttMAG,RV-38,37000
a0VRg000002BOvVMAW,RV-39,347966.6
a0VRg000002BP0LMAW,RV-40,37000
a0VRg000002BP3ZMAW,RV-41,246607
a0VRg000002BP8PMAW,RV-42,36700
a0VRg000002BPBdMAO,RV-43,171390.87
a0VRg000002BPDFMA4,RV-44,185000
a0VRg000002BPV0MAO,RV-47,116707
a0VRg000002BPYDMA4,RV-45,110295.93
a0VRg000002BPgHMAW,RV-46,35000
a0VRg000002BhzlMAC,RV-48,37000
a0VRg000002Bi1NMAS,RV-49,45644.52
a0VRg000002BkUbMAK,RV-50,37000
a0VRg000002BkWDMA0,RV-51,37000
a0VRg000002BkXpMAK,RV-52,37000
a0VRg000002C6oTMAS,RV-53,69205
a0VRg000002C8DZMA0,RV-54,55000
a0VRg000002C8K1MAK,RV-55,37402.4
a0VRg000002C8LdMAK,RV-56,35000
a0VRg000002C8NFMA0,RV-57,35000
a0VRg000002C8WyMAK,RV-59,36530
a0VRg000002C901MAC,RV-58,34980
a0VRg000002CBjPMAW,RV-60,36530
a0VRg000002CHGrMAO,RV-61,37000
a0VRg000002CHvBMAW,RV-62,19908
a0VRg000002CI4rMAG,RV-63,37000
a0VRg000002CcUzMAK,RV-64,176300
a0VRg000002CcWbMAK,RV-65,37000
a0VRg000002CcZpMAK,RV-66,19908
a0VRg000002Ccl7MAC,RV-67,19687.5
a0VRg000002CcmjMAC,RV-68,19687.5
a0VRg000002Cd6DMAS,RV-75,29802.46
a0VRg000002CdMTMA0,RV-70,196767.22
a0VRg000002CdNpMAK,RV-69,15000
a0VRg000002CdPRMA0,RV-71,29802.46
a0VRg000002CdR3MAK,RV-72,149012.3
a0VRg000002CdSfMAK,RV-73,29802.46
a0VRg000002CdUHMA0,RV-74,29802.46
a0VRg000002CdVtMAK,RV-76,29802.46
a0VRg000002CdXVMA0,RV-77,29802.46
a0VRg000002CeYPMA0,RV-78,19908
a0VRg000002ChRSMA0,RV-80,2785981.27
a0VRg000002ChhaMAC,RV-84,812368
a0VRg000002Ci5lMAC,RV-79,2785981.27
a0VRg000002Ci7NMAS,RV-81,2321518.03
a0VRg000002Ci8zMAC,RV-82,2091152.54
a0VRg000002CiLtMAK,RV-83,50000
a0VRg000002D1RlMAK,RV-85,81466
a0VRg000002D2DIMA0,RV-87,450267.58
a0VRg000002D2xJMAS,RV-86,37000
a0VRg000002D2yvMAC,RV-88,345819.7
a0VRg000002D30XMAS,RV-89,345820
a0VRg000002D329MAC,RV-90,69123.94
a0VRg000002D33lMAC,RV-91,69123.94
a0VRg000002D5QYMA0,RV-93,69124
a0VRg000002D5ojMAC,RV-92,69123.94
a0VRg000002D5tZMAS,RV-94,69134
a0VRg000002D5vBMAS,RV-95,69174
a0VRg000002D685MAC,RV-96,1
a0VRg000002D6G9MAK,RV-97,36500
a0VRg000002DKkXMAW,RV-98,179400
a0VRg000002DQmjMAG,RV-100,37000
a0VRg000002DQoLMAW,RV-101,173834.87
a0VRg000002DQpxMAG,RV-102,168957.37
a0VRg000002DQrZMAW,RV-103,28972
a0VRg000002DQtBMAW,RV-104,28972
a0VRg000002DQunMAG,RV-105,28972
a0VRg000002DQwPMAW,RV-106,28972
a0VRg000002DQy1MAG,RV-107,28972
a0VRg000002DQzdMAG,RV-108,28972
a0VRg000002DR1FMAW,RV-109,28972
a0VRg000002DR2rMAG,RV-110,28972
a0VRg000002DR65MAG,RV-111,28972
a0VRg000002DR7hMAG,RV-112,28972
a0VRg000002DR9JMAW,RV-113,28972
a0VRg000002DUVNMA4,RV-114,21000
a0VRg000002DVXtMAO,RV-115,10000
a0VRg000002DVjBMAW,RV-116,10000
a0VRg000002DVo1MAG,RV-117,10000
a0VRg000002DWCDMA4,RV-118,45632
a0VRg000002DWDpMAO,RV-119,700000
a0VRg000002DWFRMA4,RV-120,726000
a0VRg000002DWH3MAO,RV-121,120178
a0VRg000002DWH4MAO,RV-123,37000
a0VRg000002DWIfMAO,RV-122,64000
a0VRg000002DX1pMAG,RV-124,37000
a0VRg000002DlZRMA0,RV-125,36914.5
a0VRg000002Dlb3MAC,RV-126,300419.6
a0VRg000002DleHMAS,RV-127,135955.26
a0VRg000002DlftMAC,RV-128,334417.96
a0VRg000002Dlj7MAC,RV-129,97992.07
a0VRg000002DlpZMAS,RV-130,34779.49
a0VRg000002DnD3MAK,RV-131,18210
a0VRg000002DnEfMAK,RV-132,69123.94
a0VRg000002DpDFMA0,RV-133,80467.52
a0VRg000002DpLJMA0,RV-134,37000
a0VRg000002DpbRMAS,RV-135,63093.03
a0VRg000002DphtMAC,RV-136,112902.58
a0VRg000002DpjVMAS,RV-137,179919
a0VRg000002DpmjMAC,RV-138,29987
a0VRg000002DpoLMAS,RV-139,29987
a0VRg000002DppxMAC,RV-140,29987
a0VRg000002DptBMAS,RV-141,436324.12
a0VRg000002DqFlMAK,RV-142,37000
a0VRg000002E7enMAC,RV-143,164884
a0VRg000002E7gPMAS,RV-144,51843
a0VRg000002E7i1MAC,RV-145,37469
a0VRg000002E7uvMAC,RV-146,15970
a0VRg000002E977MAC,RV-147,37000
a0VRg000002E98jMAC,RV-148,465996.95
a0VRg000002E9ALMA0,RV-149,29403
a0VRg000002E9GnMAK,RV-150,36921.25
a0VRg000002E9LdMAK,RV-151,37127.33
a0VRg000002E9NFMA0,RV-152,1724.19
a0VRg000002EFvjMAG,RV-153,29403
a0VRg000002EGADMA4,RV-154,29403
a0VRg000002EGBpMAO,RV-155,29404
a0VRg000002EGBqMAO,RV-157,29403
a0VRg000002EGDRMA4,RV-156,29403
a0VRg000002EGF3MAO,RV-158,275000
a0VRg000002EGVBMA4,RV-159,37000
a0VRg000002Eb1lMAC,RV-160,42409.24
a0VRg000002Eb3NMAS,RV-161,89298.8
a0VRg000002Eb4zMAC,RV-162,37000
a0VRg000002Eb6bMAC,RV-163,37000
a0VRg000002EbrNMAS,RV-164,160605.5
a0VRg000002EbubMAC,RV-165,37000
a0VRg000002EbwDMAS,RV-166,160605.5
a0VRg000002EbwEMAS,RV-168,36925
a0VRg000002EcCLMA0,RV-167,37000
a0VRg000002EcXJMA0,RV-169,91287.12
a0VRg000002EciiMAC,RV-175,37000
a0VRg000002EclpMAC,RV-170,48797
a0VRg000002Ed1xMAC,RV-173,90485.9
a0VRg000002Ed3ZMAS,RV-174,99175.2
a0VRg000002EdwQMAS,RV-178,80206.8
a0VRg000002Eh7DMAS,RV-176,173969.4
a0VRg000002EhS9MAK,RV-177,5107.2
a0VRg000002EhTlMAK,RV-179,37077.95
a0VRg000002EhVNMA0,RV-180,275801.5
a0VRg000002EhWzMAK,RV-181,222833
a0VRg000002EhaDMAS,RV-182,43836
a0VRg000002EhdRMAS,RV-183,44500
a0VRg000002Ehf3MAC,RV-184,36570
a0VRg000002EhjtMAC,RV-185,88570
a0VRg000002EhlVMAS,RV-186,177140.04
a0VRg000002Ei01MAC,RV-187,44285
a0VRg000002ExALMA0,RV-188,29802.46
a0VRg000002ExWvMAK,RV-189,29987
a0VRg000002ExdNMAS,RV-190,29987
a0VRg000002ExtVMAS,RV-191,29987
a0VRg000002Ey4nMAC,RV-192,59974
a0VRg000002Ey6PMAS,RV-193,29987
a0VRg000002Ey81MAC,RV-194,29987
a0VRg000002Ey9dMAC,RV-195,29987
a0VRg000002EyBFMA0,RV-196,29987
a0VRg000002EyCrMAK,RV-197,29987
a0VRg000002EyETMA0,RV-198,29987
a0VRg000002F0JWMA0,RV-199,64408
a0VRg000002F0crMAC,RV-200,484499
a0VRg000002F0eTMAS,RV-201,453000
a0VRg000002F0o9MAC,RV-202,9500
a0VRg000002F0zRMAS,RV-204,30000
a0VRg000002F113MAC,RV-205,451429
a0VRg000002F1AjMAK,RV-206,300000
a0VRg000002F1CLMA0,RV-207,324283.1
a0VRg000002F1FZMA0,RV-208,64856.62
a0VRg000002F1HBMA0,RV-209,64856.62
a0VRg000002F1InMAK,RV-210,64856.62
a0VRg000002F1KPMA0,RV-211,64856.62
a0VRg000002F1NdMAK,RV-212,64856.62
a0VRg000002F1PFMA0,RV-213,64856.62
a0VRg000002F1QrMAK,RV-214,64856.62
a0VRg000002F1U5MAK,RV-215,34366.92
a0VRg000002FAxBMAW,RV-216,45417.72
a0VRg000002FAynMAG,RV-217,174413.6
a0VRg000002FB0PMAW,RV-218,80777.66
a0VRg000002FB21MAG,RV-219,84305.04
a0VRg000002FB3dMAG,RV-220,44285
a0VRg000002FB5FMAW,RV-221,90194.33
a0VRg000002FB6rMAG,RV-222,2000000
a0VRg000002FBtHMAW,RV-226,89415.6
a0VRg000002FBy6MAG,RV-223,37000
a0VRg000002FChFMAW,RV-224,4081.3
a0VRg000002FCirMAG,RV-225,90710.4
a0VRg000002FGHpMAO,RV-227,37280
a0VRg000002FGJRMA4,RV-228,358751
a0VRg000002FGL3MAO,RV-229,177442.26
a0VRg000002FGMfMAO,RV-230,54935
a0VRg000002FGOHMA4,RV-231,39925
a0VRg000002FGPtMAO,RV-232,47606
a0VRg000002FGRVMA4,RV-233,47670
a0VRg000002FGT7MAO,RV-234,47815
a0VRg000002FGUjMAO,RV-235,94640
a0VRg000002FGWLMA4,RV-236,51030
a0VRg000002FGXxMAO,RV-237,52795
a0VRg000002FGZZMA4,RV-238,45575
a0VRg000002FGbBMAW,RV-239,36500
a0VRg000002FGcnMAG,RV-240,404804
a0VRg000002FGePMAW,RV-241,331314.04
a0VRg000002FGg1MAG,RV-242,91323
a0VRg000002FGhdMAG,RV-243,93378
a0VRg000002FGjFMAW,RV-244,45512
a0VRg000002FGkrMAG,RV-245,45575
a0VRg000002FJXRMA4,RV-246,46021
a0VRg000002FJZ3MAO,RV-247,72960
a0VRg000002FJafMAG,RV-248,46021
a0VRg000002FJcHMAW,RV-249,72960
a0VRg000002FJdtMAG,RV-250,89837.4
a0VRg000002FJfVMAW,RV-251,88615.14
a0VRg000002FJlyMAG,RV-252,88883.5
a0VRg000002FL7pMAG,RV-253,29403
a0VRg000002FL9RMAW,RV-254,29403
a0VRg000002FLB3MAO,RV-255,74000
a0VRg000002FLEHMA4,RV-256,164170.61
a0VRg000002FLFtMAO,RV-257,132350
a0VRg000002FLMLMA4,RV-258,50000
a0VRg000002FLe6MAG,RV-263,37000
a0VRg000002FM0fMAG,RV-259,17000
a0VRg000002FMFBMA4,RV-260,37277
a0VRg000002FMNFMA4,RV-261,360623.2
a0VRg000002FMS5MAO,RV-262,74111
a0VRg000002FMgbMAG,RV-264,417999.24
a0VRg000002FMlRMAW,RV-265,79758.36
a0VRg000002FMn3MAG,RV-266,18000
a0VRg000002Fc5RMAS,RV-267,20000
a0VRg000002Fc73MAC,RV-268,386801
a0VRg000002Fc8fMAC,RV-269,201824.52
a0VRg000002FcAHMA0,RV-270,35000
a0VRg000002FcBtMAK,RV-271,101000
a0VRg000002FcDVMA0,RV-272,33650
a0VRg000002FcF7MAK,RV-273,174739.2
a0VRg000002FcQPMA0,RV-274,2567759.54
a0VRg000002Fd37MAC,RV-276,64062.32
a0VRg000002Fd4jMAC,RV-277,76140.4
a0VRg000002FdKrMAK,RV-278,37000
a0VRg000002FdO5MAK,RV-279,170175
a0VRg000002FdSvMAK,RV-280,174892
a0VRg000002FdUXMA0,RV-281,58277
a0VRg000002FdkfMAC,RV-282,58291.5
a0VRg000002FdmHMAS,RV-283,29147
a0VRg000002FdntMAC,RV-284,58294
a0VRg000002FdpVMAS,RV-285,116584
a0VRg000002Fdr7MAC,RV-286,50300
a0VRg000002FdsjMAC,RV-287,37000
a0VRg000002FduLMAS,RV-288,66071
a0VRg000002FdvxMAC,RV-289,120302
a0VRg000002FdxZMAS,RV-290,129000
a0VRg000002FdzBMAS,RV-291,91220
a0VRg000002Fe0nMAC,RV-292,50313
a0VRg000002Fe2PMAS,RV-293,31460
a0VRg000002Fe41MAC,RV-294,181628
a0VRg000002Fe5dMAC,RV-295,54372
a0VRg000002Fe7FMAS,RV-296,99400
a0VRg000002FgnNMAS,RV-297,1000000
a0VRg000002FgsDMAS,RV-298,7951000
a0VRg000002FgvRMAS,RV-299,100000
a0VRg000002Fgx3MAC,RV-300,2500000
a0VRg000002FgyfMAC,RV-301,13003500
a0VRg000002Fh0HMAS,RV-302,55000
a0VRg000002Fh1tMAC,RV-303,96261.01
a0VRg000002Fh57MAC,RV-304,285873.95
a0VRg000002Fh6jMAC,RV-305,499444
a0VRg000002Fh8LMAS,RV-306,498000
a0VRg000002Fh9xMAC,RV-307,100000
a0VRg000002FhBZMA0,RV-308,7340000
a0VRg000002Fht7MAC,RV-309,50000
a0VRg000002FhwLMAS,RV-310,10755150
a0VRg000002FhxxMAC,RV-311,4910000
a0VRg000002FyM5MAK,RV-312,30456
a0VRg000002FyxBMAS,RV-313,82953.6
a0VRg000002Fz21MAC,RV-314,16000
a0VRg000002GAOrMAO,RV-315,37000
a0VRg000002GAS5MAO,RV-316,413842.71
a0VRg000002GAWvMAO,RV-317,215528.05
a0VRg000002GQ5SMAW,RV-318,106112
a0VRg000002GQezMAG,RV-329,50000
a0VRg000002GQwfMAG,RV-319,27900
a0VRg000002GRJFMA4,RV-320,37000
a0VRg000002GRKrMAO,RV-321,183148.81
a0VRg000002GRMTMA4,RV-322,154999.15
a0VRg000002GRO5MAO,RV-323,31000
a0VRg000002GRPhMAO,RV-324,31000
a0VRg000002GRRJMA4,RV-325,31000
a0VRg000002GRSvMAO,RV-326,31000
a0VRg000002GRUXMA4,RV-327,31000
a0VRg000002GRW9MAO,RV-328,31000
a0VRg000002GRZNMA4,RV-330,390683
a0VRg000002GRazMAG,RV-331,31000
a0VRg000002GRcbMAG,RV-332,31000
a0VRg000002GReDMAW,RV-333,31000
a0VRg000002GRfpMAG,RV-334,31000
a0VRg000002GRhRMAW,RV-335,31000
a0VRg000002GRj3MAG,RV-336,31000
a0VRg000002GRkfMAG,RV-337,31000
a0VRg000002GRntMAG,RV-338,142257.39
a0VRg000002GRpVMAW,RV-339,60053
a0VRg000002GRr7MAG,RV-340,170709
a0VRg000002GRsjMAG,RV-341,56902.96
a0VRg000002GRuLMAW,RV-342,28451.48
a0VRg000002GRvxMAG,RV-343,28451.48
a0VRg000002GRxZMAW,RV-344,56902.96
a0VRg000002GRzBMAW,RV-345,28451.48
a0VRg000002GU0zMAG,RV-346,156000
a0VRg000002GU2bMAG,RV-347,65542.86
a0VRg000002GU5pMAG,RV-348,152850.14
a0VRg000002GU7RMAW,RV-349,3150
a0VRg000002GU93MAG,RV-350,30000
a0VRg000002GUAfMAO,RV-351,30000
a0VRg000002GVTJMA4,RV-352,73500
a0VRg000002GVWXMA4,RV-353,66001.1
a0VRg000002GVhpMAG,RV-354,30000
a0VRg000002GVl3MAG,RV-355,7000000
a0VRg000002GlQ1MAK,RV-356,500000
a0VRg000002GlZmMAK,RV-364,284340.7
a0VRg000002GlegMAC,RV-359,380042.5
a0VRg000002GmCPMA0,RV-357,74000
a0VRg000002GmE1MAK,RV-358,27118
a0VRg000002GmKTMA0,RV-360,387956
a0VRg000002GmSXMA0,RV-361,380042.5
a0VRg000002GmcDMAS,RV-362,211007.52
a0VRg000002GmtxMAC,RV-363,50000
a0VRg000002GmvZMAS,RV-365,136886.28
a0VRg000002GpBtMAK,RV-366,7800000
a0VRg000002GqZNMA0,RV-367,37000
a0VRg000002GqcbMAC,RV-368,909510
a0VRg000002GqeDMAS,RV-369,5461533
a0VRg000002GqkfMAC,RV-370,9756721
a0VRg000002GqntMAC,RV-371,3200000
a0VRg000002GurVMAS,RV-372,1271845.48
a0VRg000002H2M2MAK,RV-393,310275.96
a0VRg000002H2kDMAS,RV-373,410213
a0VRg000002H2lpMAC,RV-374,81820
a0VRg000002H2nRMAS,RV-375,79391.42
a0VRg000002H2p3MAC,RV-376,55000
a0VRg000002H2qfMAC,RV-377,84380
a0VRg000002HEwgMAG,RV-384,51562.83
a0VRg000002HGFJMA4,RV-379,37000
a0VRg000002HGqPMAW,RV-380,171876.1
a0VRg000002HGqQMAW,RV-387,51562
a0VRg000002HGvFMAW,RV-381,71900.44
a0VRg000002HH3JMAW,RV-382,171876.1
a0VRg000002HH4vMAG,RV-383,171876.1
a0VRg000002HH89MAG,RV-385,51562.83
a0VRg000002HH9lMAG,RV-386,51562.83
a0VRg000002HHOIMA4,RV-394,28638.46
a0VRg000002HHo5MAG,RV-388,201530
a0VRg000002HHrJMAW,RV-389,180000
a0VRg000002HHsvMAG,RV-390,399977
a0VRg000002HHuXMAW,RV-391,60953
a0VRg000002HI0zMAG,RV-392,36743.55
a0VRg000002HI2bMAG,RV-395,85890
a0VRg000002HI4DMAW,RV-396,171780
a0VRg000002HI5pMAG,RV-397,28630
a0VRg000002HI7RMAW,RV-398,28630
a0VRg000002HICHMA4,RV-399,860442.8
a0VRg000002HINZMA4,RV-400,37000
a0VRg000002HIPBMA4,RV-401,85792.44
a0VRg000002HIQnMAO,RV-402,350000
a0VRg000002HISPMA4,RV-403,669488
a0VRg000002HIU1MAO,RV-404,200844
a0VRg000002HIVdMAO,RV-405,133896
a0VRg000002HIYrMAO,RV-406,66948
a0VRg000002HIc5MAG,RV-407,66948
a0VRg000002HIozMAG,RV-408,50000
a0VRg000002HKNlMAO,RV-409,2000000
a0VRg000002HKvdMAG,RV-410,5300000
a0VRg000002HX1dMAG,RV-411,85631
a0VRg000002HXeLMAW,RV-412,17808.92
a0VRg000002HXfxMAG,RV-413,95141.36
a0VRg000002HY2XMAW,RV-414,1262000
a0VRg000002HYKHMA4,RV-415,65989.66
a0VRg000002HYLtMAO,RV-416,100000
a0VRg000002HYNVMA4,RV-417,37000
a0VRg000002HYP7MAO,RV-418,65335.64
a0VRg000002HYQjMAO,RV-419,118464.1
a0VRg000002HYSLMA4,RV-420,186556.92
a0VRg000002HYTxMAO,RV-421,31093
a0VRg000002HYVZMA4,RV-422,31093
a0VRg000002HYXBMA4,RV-423,31093
a0VRg000002HYYnMAO,RV-424,31093
a0VRg000002HYaPMAW,RV-425,31093
a0VRg000002HYc1MAG,RV-426,31093
a0VRg000002HYddMAG,RV-427,31093
a0VRg000002HYfFMAW,RV-428,31093
a0VRg000002HYgrMAG,RV-429,31093
a0VRg000002HYiTMAW,RV-430,31093
a0VRg000002HYk5MAG,RV-431,31093
a0VRg000002HYlhMAG,RV-432,31093
a0VRg000002HYnJMAW,RV-433,31093
a0VRg000002HYs9MAG,RV-434,12955.04
a0VRg000002Hb0PMAS,RV-435,37000
a0VRg000002Hb0QMAS,RV-442,26187
a0VRg000002Hb21MAC,RV-436,149305.92
a0VRg000002Hb3dMAC,RV-437,157115.45
a0VRg000002Hb5FMAS,RV-438,52529
a0VRg000002Hb8TMAS,RV-439,26187
a0VRg000002HbA5MAK,RV-440,26187
a0VRg000002HbBhMAK,RV-441,26187
a0VRg000002HbDJMA0,RV-443,26187
a0VRg000002HbEvMAK,RV-444,26187
a0VRg000002HbGXMA0,RV-445,26187
a0VRg000002HbI9MAK,RV-446,26187
a0VRg000002HbJlMAK,RV-447,26187
a0VRg000002HbLNMA0,RV-448,26187
a0VRg000002HbMzMAK,RV-449,26187
a0VRg000002Hta1MAC,RV-450,85797
a0VRg000002Hv2LMAS,RV-451,37000
a0VRg000002Hv2MMAS,RV-453,337553.13
a0VRg000002Hv3xMAC,RV-452,101171.25
a0VRg000002Hv5ZMAS,RV-454,337553
a0VRg000002Hv7BMAS,RV-455,405066
a0VRg000002Hv8nMAC,RV-456,67511
a0VRg000002HvAPMA0,RV-457,67511
a0VRg000002HvC1MAK,RV-458,40000
a0VRg000002HvDdMAK,RV-459,37000
a0VRg000002HvFFMA0,RV-460,294825.81
a0VRg000002HvGrMAK,RV-461,54780
a0VRg000002HvITMA0,RV-462,164340
a0VRg000002HvK5MAK,RV-463,109560
a0VRg000002HvLhMAK,RV-464,109560
a0VRg000002Hvf6MAC,RV-465,200000
a0VRg000002HvjxMAC,RV-470,880951
a0VRg000002HxCJMA0,RV-469,2194500
a0VRg000002Hy3ZMAS,RV-467,952150
a0VRg000002HzkLMAS,RV-468,2372500
a0VRg000002I0TXMA0,RV-473,4400000
a0VRg000002I19SMAS,RV-472,2194500
a0VRg000002I1m9MAC,RV-475,5724391
a0VRg000002I2qFMAS,RV-466,2172500
a0VRg000002I3fpMAC,RV-471,2194500
a0VRg000002I3hRMAS,RV-474,1290159
a0VRg000002I3sjMAC,RV-476,109800
a0VRg000002I3vxMAC,RV-477,109800
a0VRg000002I4C5MAK,RV-478,42000
a0VRg000002I4qPMAS,RV-479,91500
a0VRg000002I59lMAC,RV-480,37000
a0VRg000002I5CzMAK,RV-481,214790
a0VRg000002IN8HMAW,RV-482,146853
a0VRg000002IOE1MAO,RV-483,200000
a0VRg000002IOKTMA4,RV-484,51750
a0VRg000002IRztMAG,RV-485,575000
a0VRg000002IjWzMAK,RV-486,600000
a0VRg000002IjYbMAK,RV-487,133736.28
a0VRg000002IjaDMAS,RV-488,31000
a0VRg000002IjbpMAC,RV-489,299921.25
a0VRg000002IjdRMAS,RV-490,210050.8
a0VRg000002IjjtMAC,RV-491,38440.08
a0VRg000002IkjCMAS,RV-500,29246.93
a0VRg000002IkpdMAC,RV-492,81460
a0VRg000002IkrFMAS,RV-493,88195.2
a0VRg000002IksrMAC,RV-494,80026.18
a0VRg000002IkuTMAS,RV-495,129280
a0VRg000002Ikw6MAC,RV-510,11918.02
a0VRg000002Il49MAC,RV-496,39500
a0VRg000002Il7NMAS,RV-497,61674.4
a0VRg000002IlAbMAK,RV-498,106811
a0VRg000002IlH3MAK,RV-499,175736.09
a0VRg000002IlIfMAK,RV-501,29640.44
a0VRg000002IlKHMA0,RV-502,29275.14
a0VRg000002IlLtMAK,RV-503,29275.14
a0VRg000002IlNVMA0,RV-504,29275.14
a0VRg000002IlP7MAK,RV-505,29275.14
a0VRg000002IlSLMA0,RV-506,29275.14
a0VRg000002IlXBMA0,RV-507,29275.14
a0VRg000002IlYnMAK,RV-508,15000
a0VRg000002Ilc1MAC,RV-509,1725.25
a0VRg000002IlgrMAC,RV-511,29235.07
a0VRg000002IliTMAS,RV-512,29271.55
a0VRg000002Im53MAC,RV-513,18350
a0VRg000002ImxtMAC,RV-514,37000
a0VRg000002In2lMAC,RV-521,28664
a0VRg000002In4LMAS,RV-515,310119.83
a0VRg000002In5xMAC,RV-516,57238
a0VRg000002In7ZMAS,RV-517,57328
a0VRg000002InCPMA0,RV-518,85992
a0VRg000002InFdMAK,RV-519,85992
a0VRg000002InHFMA0,RV-520,28664
a0VRg000002InPJMA0,RV-522,28664.16
a0VRg000002J145MAC,RV-523,300000
a0VRg000002J15hMAC,RV-524,432571.3
a0VRg000002J17JMAS,RV-525,36700
a0VRg000002J18vMAC,RV-526,431679.9
a0VRg000002J1AXMA0,RV-527,332310
a0VRg000002J1C9MAK,RV-528,99693
a0VRg000002J1DlMAK,RV-529,99693
a0VRg000002J1FNMA0,RV-530,99693
a0VRg000002J1GzMAK,RV-531,99693
a0VRg000002J1IbMAK,RV-532,99693
a0VRg000002J1KDMA0,RV-533,99693
a0VRg000002J1LpMAK,RV-534,66462
a0VRg000002J1NRMA0,RV-535,66462
a0VRg000002J1P3MAK,RV-536,3150
a0VRg000002J1XBMA0,RV-537,36700
a0VRg000002J1fDMAS,RV-545,27635
a0VRg000002J32gMAC,RV-539,165808
a0VRg000002J3DxMAK,RV-538,159892.76
a0VRg000002J3FZMA0,RV-540,27635
a0VRg000002J3HBMA0,RV-541,27635
a0VRg000002J3InMAK,RV-542,27635
a0VRg000002J3IoMAK,RV-544,27635
a0VRg000002J3KPMA0,RV-543,27635
a0VRg000002J3M1MAK,RV-546,27635
a0VRg000002J3NdMAK,RV-547,37000
a0VRg000002J3PFMA0,RV-548,343862.2
a0VRg000002J3QrMAK,RV-549,58088
a0VRg000002J3STMA0,RV-550,58118
a0VRg000002J3U5MAK,RV-551,29060
a0VRg000002J3VhMAK,RV-552,29060
a0VRg000002J3XJMA0,RV-553,29060
a0VRg000002J3XKMA0,RV-560,29468
a0VRg000002J3YvMAK,RV-554,29060
a0VRg000002J3aXMAS,RV-555,29060
a0VRg000002J3c9MAC,RV-556,29060
a0VRg000002J3dlMAC,RV-557,29060
a0VRg000002J3fNMAS,RV-558,29060
a0VRg000002J3gzMAC,RV-559,29060
a0VRg000002JACDMA4,RV-561,1193
a0VRg000002JADpMAO,RV-562,157165.4
a0VRg000002JAFRMA4,RV-563,600000
a0VRg000002JAIfMAO,RV-564,37000
a0VRg000002JBGMMA4,RV-574,54000
a0VRg000002JBGNMA4,RV-580,27897.96
a0VRg000002JCYzMAO,RV-565,64856.62
a0VRg000002JCabMAG,RV-566,769103.2
a0VRg000002JCcDMAW,RV-567,108479.85
a0VRg000002JCdpMAG,RV-568,55000
a0VRg000002JCfRMAW,RV-569,418216.96
a0VRg000002JCh3MAG,RV-570,27653
a0VRg000002JCifMAG,RV-571,27650.98
a0VRg000002JCkHMAW,RV-572,54968
a0VRg000002JCnVMAW,RV-573,66000
a0VRg000002JCp7MAG,RV-575,82757
a0VRg000002JDbVMAW,RV-576,58813.3
a0VRg000002JDejMAG,RV-577,139131.81
a0VRg000002JDhxMAG,RV-578,166894.61
a0VRg000002JDlBMAW,RV-579,27715.31
a0VRg000002JDq1MAG,RV-581,27897.96
a0VRg000002JDrdMAG,RV-582,27897.96
a0VRg000002JDurMAG,RV-583,27897.96
a0VRg000002JDy5MAG,RV-584,27897.96
a0VRg000002JDzhMAG,RV-585,27897.96
a0VRg000002JE4XMAW,RV-586,27897.96
a0VRg000002JE69MAG,RV-587,27897.96
a0VRg000002JE9NMAW,RV-588,27897.96
a0VRg000002JECbMAO,RV-589,27844
a0VRg000002JEJ3MAO,RV-590,21617
a0VRg000002JYzJMAW,RV-591,100899
a0VRg000002JZ0vMAG,RV-592,34340.7
a0VRg000002JZ2XMAW,RV-593,300000
a0VRg000002JZ49MAG,RV-594,90086.82
a0VRg000002JZ5lMAG,RV-595,37000
a0VRg000002JZIfMAO,RV-596,35880.05
a0VRg000002JZXBMA4,RV-597,555443.01
a0VRg000002JaWTMA0,RV-598,149012.31
a0VRg000002JaY5MAK,RV-599,53787.69
a0VRg000002JaZhMAK,RV-600,9750
a0VRg000002JabJMAS,RV-601,55000
a0VRg000002JacvMAC,RV-602,183420
a0VRg000002JaeXMAS,RV-603,29802.46
a0VRg000002Jag9MAC,RV-604,29802.46
a0VRg000002JahlMAC,RV-605,29802.46
a0VRg000002JajNMAS,RV-606,29802.46
a0VRg000002JakzMAC,RV-607,29802.46
a0VRg000002JambMAC,RV-608,29802
a0VRg000002JaoDMAS,RV-609,29802.46
a0VRg000002JappMAC,RV-610,29802
a0VRg000002JarRMAS,RV-611,29802
a0VRg000002Jat3MAC,RV-612,29802
a0VRg000002JaufMAC,RV-613,29802
a0VRg000002JawHMAS,RV-614,29802
a0VRg000002JaxtMAC,RV-615,29802
a0VRg000002JazVMAS,RV-616,5269750
a0VRg000002Jb17MAC,RV-617,2194500
a0VRg000002Jb2jMAC,RV-618,2194500
a0VRg000002JbAqMAK,RV-622,2076500
a0VRg000002JbtyMAC,RV-623,839720
a0VRg000002JeqDMAS,RV-619,1000000
a0VRg000002JeqEMAS,RV-620,3733000
a0VRg000002JerpMAC,RV-621,15000
a0VRg000002JetRMAS,RV-624,4183000
a0VRg000002JffpMAC,RV-625,50000
a0VRg000002JfhRMAS,RV-626,1500000
a0VRg000002JfvxMAC,RV-627,4000000
a0VRg000002Jg0nMAC,RV-628,5266550
a0VRg000002JgnBMAS,RV-629,5000000
a0VRg000002JgonMAC,RV-630,19515000
a0VRg000002KA25MAG,RV-631,300000
a0VRg000002KAA9MAO,RV-632,5182.98
a0VRg000002KAIDMA4,RV-633,95979
a0VRg000002KAV7MAO,RV-634,84992.8
a0VRg000002KAenMAG,RV-635,88695.8
a0VRg000002KAmrMAG,RV-636,92578.2
a0VRg000002KAq5MAG,RV-637,89557
a0VRg000002KAwXMAW,RV-638,88448
a0VRg000002KAzlMAG,RV-639,87597.2
a0VRg000002KE7KMAW,RV-641,50000
a0VRg000002KF9sMAG,RV-640,50000
a0VRg000002KKhNMAW,RV-642,36500
a0VRg000002KaHVMA0,RV-643,112560.5
a0VRg000002KaJ7MAK,RV-644,99145.2
a0VRg000002KaKjMAK,RV-645,60
a0VRg000002KaMLMA0,RV-646,28972
a0VRg000002KaxSMAS,RV-647,150000
a0VRg000002Kc3BMAS,RV-648,38039.62
a0VRg000002KcWDMA0,RV-649,37000
a0VRg000002KcXpMAK,RV-650,149243.32
a0VRg000002KcZRMA0,RV-651,133334.5
a0VRg000002Kcb3MAC,RV-653,52530
a0VRg000002KccfMAC,RV-654,27397.5
a0VRg000002KceHMAS,RV-655,27397.5
a0VRg000002KcftMAC,RV-656,20091.5
a0VRg000002Kcj7MAC,RV-657,26301.6
a0VRg000002KckjMAC,RV-658,27397.5
a0VRg000002KcmLMAS,RV-659,26301.6
a0VRg000002KcnxMAC,RV-660,26301.6
a0VRg000002KcpZMAS,RV-661,27397.5
a0VRg000002KcrBMAS,RV-662,26301.6
a0VRg000002KcuPMAS,RV-663,27360
a0VRg000002Kcw1MAC,RV-664,26265.6
a0VRg000002KcxdMAC,RV-665,27360
a0VRg000002KczFMAS,RV-666,26265.6
a0VRg000002Kd2TMAS,RV-667,29802.46
a0VRg000002Kd45MAC,RV-668,37000
a0VRg000002Kd5hMAC,RV-669,406918.9
a0VRg000002Kd7JMAS,RV-670,25931
a0VRg000002KeD3MAK,RV-671,37000
a0VRg000002Kz9SMAS,RV-672,298308
a0VRg000002L0dNMAS,RV-673,649673.4
a0VRg000002L0jpMAC,RV-674,666904.2
a0VRg000002L0n3MAC,RV-675,660716.4
a0VRg000002L0yLMAS,RV-676,180821.6
a0VRg000002LI8rMAG,RV-677,46714.32
a0VRg000002LIATMA4,RV-678,51862
a0VRg000002LIAUMA4,RV-681,25921
a0VRg000002LIC5MAO,RV-679,51862
a0VRg000002LIDhMAO,RV-680,25901
a0VRg000002LIFJMA4,RV-682,25901
a0VRg000002LIGvMAO,RV-683,25901
a0VRg000002LIK9MAO,RV-684,25901
a0VRg000002LIaKMAW,RV-700,29116
a0VRg000002LJo5MAG,RV-685,37000
a0VRg000002LJphMAG,RV-686,108579.53
a0VRg000002LJrJMAW,RV-687,61381.81
a0VRg000002LJsvMAG,RV-688,145579.53
a0VRg000002LJuXMAW,RV-689,29115.9
a0VRg000002LJw9MAG,RV-690,29115.9
a0VRg000002LJxlMAG,RV-691,29116.9
a0VRg000002LJxmMAG,RV-692,29116
a0VRg000002LJzNMAW,RV-693,29116
a0VRg000002LK0zMAG,RV-694,29115.9
a0VRg000002LK2bMAG,RV-695,29116
a0VRg000002LK4DMAW,RV-696,29116
a0VRg000002LK5pMAG,RV-697,29116
a0VRg000002LK7RMAW,RV-698,29116
a0VRg000002LK93MAG,RV-699,29116
a0VRg000002LKAfMAO,RV-701,29116
a0VRg000002LKCHMA4,RV-702,29115.9
a0VRg000002LRC9MAO,RV-703,37000
a0VRg000002LRIbMAO,RV-704,134834.6
a0VRg000002LRKDMA4,RV-705,71883.84
a0VRg000002LRP3MAO,RV-706,171834.6
a0VRg000002LRSHMA4,RV-707,51550.38
a0VRg000002LRaLMAW,RV-708,51550.38
a0VRg000002LRfCMAW,RV-720,29511
a0VRg000002LRk1MAG,RV-709,51550.38
a0VRg000002LRldMAG,RV-710,51550.38
a0VRg000002LRnFMAW,RV-711,51550.38
a0VRg000002LRorMAG,RV-712,51550.38
a0VRg000002LRqTMAW,RV-713,34366.92
a0VRg000002LRs5MAG,RV-714,36500
a0VRg000002LRthMAG,RV-715,111057
a0VRg000002LRvJMAW,RV-716,62172.76
a0VRg000002LRwvMAG,RV-717,151577
a0VRg000002LRyXMAW,RV-718,55053
a0VRg000002LS09MAG,RV-719,29621.2
a0VRg000002LS1lMAG,RV-721,29511
a0VRg000002LSL7MAO,RV-722,29511
a0VRg000002LSOLMA4,RV-723,29511
a0VRg000002LSPxMAO,RV-724,29511
a0VRg000002LSTBMA4,RV-725,29511
a0VRg000002LSY1MAO,RV-726,59022
a0VRg000002LSo9MAG,RV-727,37000
a0VRg000002LSplMAG,RV-728,196915
a0VRg000002LSrNMAW,RV-729,198402
a0VRg000002LSszMAG,RV-730,39760
a0VRg000002LSubMAG,RV-731,39760
a0VRg000002LSwDMAW,RV-732,14910
a0VRg000002LSxpMAG,RV-733,52656.55
a0VRg000002LSzRMAW,RV-734,49700
a0VRg000002LT13MAG,RV-735,32802
a0VRg000002LT2fMAG,RV-736,34228
a0VRg000002LT4HMAW,RV-737,80248
a0VRg000002LTFZMA4,RV-738,85614.4
a0VRg000002LTInMAO,RV-739,417749.84
a0VRg000002LXflMAG,RV-740,300000
a0VRg000002LjllMAC,RV-741,37000
a0VRg000002LjnNMAS,RV-742,50000
a0VRg000002LjozMAC,RV-743,55615
a0VRg000002LjsDMAS,RV-744,60196
a0VRg000002LjtpMAC,RV-745,256707
a0VRg000002LjvRMAS,RV-746,29000
a0VRg000002Ljx3MAC,RV-747,28523
a0VRg000002Lk0HMAS,RV-748,30000
a0VRg000002Lk57MAC,RV-749,29000
a0VRg000002Lk6jMAC,RV-750,35000
a0VRg000002Lk8LMAS,RV-751,29000
a0VRg000002LkBZMA0,RV-752,30000
a0VRg000002LkOTMA0,RV-753,30000
a0VRg000002LkRhMAK,RV-754,30000
a0VRg000002LkTJMA0,RV-755,30000
a0VRg000002LkUvMAK,RV-756,29000
a0VRg000002LlHJMA0,RV-757,37000
a0VRg000002LlM9MAK,RV-758,277648.2
a0VRg000002LlPNMA0,RV-759,66079.65
a0VRg000002LlQzMAK,RV-760,157324.48
a0VRg000002LlR0MAK,RV-761,94395
a0VRg000002LlafMAC,RV-762,31465
a0VRg000002LldtMAC,RV-763,31465
a0VRg000002LlijMAC,RV-764,31465
a0VRg000002LllxMAC,RV-765,31465
a0VRg000002LlpBMAS,RV-766,31465
a0VRg000002LlqnMAC,RV-767,31465
a0VRg000002Llu1MAC,RV-768,31465
a0VRg000002LmV7MAK,RV-769,40076.4
a0VRg000002LmZxMAK,RV-770,37000
a0VRg000002LmdBMAS,RV-771,293916.74
a0VRg000002LmgPMAS,RV-772,327809.26
a0VRg000002Lmi1MAC,RV-773,140472
a0VRg000002LmlFMAS,RV-774,140472
a0VRg000002LmmrMAC,RV-775,46824
a0VRg000002LmoTMAS,RV-776,46824
a0VRg000002Lmq5MAC,RV-777,46824
a0VRg000002LmrhMAC,RV-778,46824
a0VRg000002LmuvMAC,RV-779,46824
a0VRg000002LmwXMAS,RV-780,46824
a0VRg000002Ln7pMAC,RV-781,37000
a0VRg000002LpCsMAK,RV-784,846406.93
a0VRg000002LpRNMA0,RV-782,372184
a0VRg000002LpkjMAC,RV-783,37000
a0VRg000002MAArMAO,RV-785,437203
a0VRg000002MAHJMA4,RV-786,54321.38
a0VRg000002MAh7MAG,RV-787,64408
a0VRg000002MLPdMAO,RV-788,148000
a0VRg000002MNCvMAO,RV-789,29930
a0VRg000002MNG9MAO,RV-790,52044
a0VRg000002MNHlMAO,RV-791,132307.04
a0VRg000002MNJNMA4,RV-792,211113
a0VRg000002MNKzMAO,RV-793,30467
a0VRg000002MNMbMAO,RV-794,29851
a0VRg000002MNODMA4,RV-795,30159
a0VRg000002MNPpMAO,RV-796,30164.02
a0VRg000002MNRRMA4,RV-797,30159
a0VRg000002MNT3MAO,RV-798,30159
a0VRg000002MhDFMA0,RV-799,30159
a0VRg000002MhErMAK,RV-800,30159
a0VRg000002MhI5MAK,RV-801,30159
a0VRg000002MhWbMAK,RV-802,147386.4
a0VRg000002MhZpMAK,RV-803,205485.05
a0VRg000002Mhd3MAC,RV-804,69133.94
a0VRg000002MhhtMAC,RV-805,66948
a0VRg000002MhrZMAS,RV-806,37000
a0VRg000002MiajMAC,RV-807,36500
a0VRg000002MicLMAS,RV-808,727024.3
a0VRg000002MidxMAC,RV-809,89455.8
a0VRg000002MihBMAS,RV-810,134184
a0VRg000002MiinMAC,RV-811,89456
a0VRg000002MikPMAS,RV-812,44728
a0VRg000002Mim1MAC,RV-813,134184
a0VRg000002MjdFMAS,RV-814,37000
a0VRg000002MjgTMAS,RV-815,137358.24
a0VRg000002Mji5MAC,RV-816,469561.8
a0VRg000002MjjhMAC,RV-817,500000
a0VRg000002MjlJMAS,RV-818,67104.12
a0VRg000002MjmvMAC,RV-819,201315
a0VRg000002MjoXMAS,RV-820,201312
a0VRg000002MjrlMAC,RV-821,117878
a0VRg000002MjwbMAC,RV-822,61752
a0VRg000002MjzpMAC,RV-823,210000
a0VRg000002Mk33MAC,RV-824,30876
a0VRg000002Mk4fMAC,RV-825,30876
a0VRg000002Mk7tMAC,RV-826,62050
a0VRg000002Mk9VMAS,RV-827,94784
a0VRg000002MkvxMAC,RV-836,27651
a0VRg000002Mn8zMAC,RV-828,132160
a0VRg000002MnAbMAK,RV-829,92025
a0VRg000002MnFRMA0,RV-830,55000
a0VRg000002MnNWMA0,RV-832,69123
a0VRg000002MnaPMAS,RV-831,418216.66
a0VRg000002Mnc1MAC,RV-833,41477
a0VRg000002MnddMAC,RV-834,27651
a0VRg000002MnfFMAS,RV-835,27651
a0VRg000002MpNhMAK,RV-837,37000
a0VRg000002MpPJMA0,RV-838,494017
a0VRg000002MpQvMAK,RV-839,31050.85
a0VRg000002MpSXMA0,RV-840,31049.85
a0VRg000002MpU9MAK,RV-841,31050
a0VRg000002MpVlMAK,RV-842,31050
a0VRg000002MpXNMA0,RV-843,31050
a0VRg000002MpYzMAK,RV-844,31050
a0VRg000002MpdpMAC,RV-845,31050
a0VRg000002N6ZpMAK,RV-846,600000
a0VRg000002N6htMAC,RV-847,500000
a0VRg000002N7R4MAK,RV-860,65100
a0VRg000002N7vhMAC,RV-848,37000
a0VRg000002N7yvMAC,RV-849,551204
a0VRg000002N80XMAS,RV-850,34750
a0VRg000002N829MAC,RV-851,68830
a0VRg000002N83lMAC,RV-852,68830
a0VRg000002N86zMAC,RV-853,68830
a0VRg000002N8BpMAK,RV-854,34415
a0VRg000002N8DRMA0,RV-855,68830
a0VRg000002N8a1MAC,RV-856,37000
a0VRg000002N8bdMAC,RV-857,519497
a0VRg000002N8dFMAS,RV-858,32550
a0VRg000002N8erMAC,RV-859,65100
a0VRg000002N8i5MAC,RV-861,65100
a0VRg000002N8jhMAC,RV-862,32550
a0VRg000002N8lJMAS,RV-863,65100
a0VRg000002NC8zMAG,RV-864,27000
a0VRg000002NCCDMA4,RV-865,9850
a0VRg000002NEYzMAO,RV-866,918150
a0VRg000002NV5BMAW,RV-867,750000
a0VRg000002NVErMAO,RV-868,37000
a0VRg000002Nom9MAC,RV-869,200327
a0VRg000002NosbMAC,RV-870,34375.22
a0VRg000002NoxRMAS,RV-871,64967
a0VRg000002NpDZMA0,RV-872,55302
a0VRg000002NprtMAC,RV-873,29402.76
a0VRg000002NpyLMAS,RV-874,28664.16
a0VRg000002NpzyMAC,RV-880,29653
a0VRg000002Nq1ZMAS,RV-875,37000
a0VRg000002Nq3BMAS,RV-876,351633.54
a0VRg000002Nq4nMAC,RV-877,59305
a0VRg000002Nq81MAC,RV-878,29626.54
a0VRg000002Nq9dMAC,RV-879,29653
a0VRg000002NqBFMA0,RV-881,29653
a0VRg000002NqCrMAK,RV-882,29653
a0VRg000002NqETMA0,RV-883,29653
a0VRg000002NqG5MAK,RV-884,29653
a0VRg000002NqHhMAK,RV-885,29653
a0VRg000002NqKvMAK,RV-886,29653
a0VRg000002NqMXMA0,RV-887,29652.58
a0VRg000002Nr0rMAC,RV-888,416938.37
a0VRg000002NrC9MAK,RV-889,193788
a0VRg000002NrLpMAK,RV-890,50000
a0VRg000002NrNRMA0,RV-891,5300000
a0VRg000002NrQfMAK,RV-892,630000
a0VRg000002NrSHMA0,RV-893,725000
a0VRg000002NrX7MAK,RV-894,8000000
a0VRg000002NrYjMAK,RV-895,4877500
a0VRg000002NrorMAC,RV-896,22048.24
a0VRg000002OEIPMA4,RV-897,40350.6
a0VRg000002OELdMAO,RV-898,93001.5
a0VRg000002OEQUMA4,RV-901,109290
a0VRg000002OEdNMAW,RV-899,633162.59
a0VRg000002OEv7MAG,RV-900,358070
a0VRg000002OGAXMA4,RV-902,261700
a0VRg000002OIqfMAG,RV-903,50000
a0VRg000002OIsHMAW,RV-904,6496030
a0VRg000002OIttMAG,RV-905,2726200
a0VRg000002OJwPMAW,RV-906,950000
a0VRg000002OhSTMA0,RV-907,31051
a0VRg000002OhU5MAK,RV-908,28660
a0VRg000002OjdyMAC,RV-919,26835
a0VRg000002OmnEMAS,RV-911,56670
a0VRg000002OnWKMA0,RV-917,26835
a0VRg000002OoCKMA0,RV-910,97174
a0VRg000002Op1uMAC,RV-915,26835
a0VRg000002OpMpMAK,RV-913,26835
a0VRg000002OpV3MAK,RV-918,26835
a0VRg000002Oq7cMAC,RV-916,26835
a0VRg000002OqadMAC,RV-921,26835
a0VRg000002OrV3MAK,RV-909,37000
a0VRg000002OrYIMA0,RV-922,26835
a0VRg000002OrZtMAK,RV-912,26835
a0VRg000002OrbVMAS,RV-914,80505
a0VRg000002Ord7MAC,RV-920,26835
a0VRg000002OrejMAC,RV-923,26835
a0VRg000002PCrFMAW,RV-924,2282500
a0VRg000002PCsrMAG,RV-925,2267500
a0VRg000002PCzKMAW,RV-929,1000000
a0VRg000002PDPCMA4,RV-932,4329000
a0VRg000002PDSMMA4,RV-935,7066650
a0VRg000002PDc1MAG,RV-926,37000
a0VRg000002PDpWMAW,RV-928,2077500
a0VRg000002PDs9MAG,RV-927,4952150
a0VRg000002PEEjMAO,RV-930,200000
a0VRg000002PEjNMAW,RV-931,908950
a0VRg000002PEmbMAG,RV-933,5884550
a0VRg000002PEppMAG,RV-934,452900
a0VRg000002PF7ZMAW,RV-936,4882293
a0VRg000002PF9BMAW,RV-937,2077500
a0VRg000002PIAHMA4,RV-938,367000
a0VRg000002PIBtMAO,RV-939,3708820
a0VRg000002PIDVMA4,RV-940,818314
a0VRg000002PIGjMAO,RV-941,2037910
a0VRg000002PIgXMAW,RV-942,200000
a0VRg000002PIwfMAG,RV-943,5357757
a0VRg000002PIztMAG,RV-944,2314000
a0VRg000002PJ1VMAW,RV-945,2314052
a0VRg000002PJ7xMAG,RV-946,37000
a0VRg000002PJW9MAO,RV-947,113448.73
a0VRg000002PJXlMAO,RV-948,81280
a0VRg000002PJZNMA4,RV-949,3150
a0VRg000002PJazMAG,RV-950,76041
a0VRg000002PJhRMAW,RV-951,44037
a0VRg000002PJj3MAG,RV-952,50000
a0VRg000002PcVZMA0,RV-953,77189.27
a0VRg000002PcYnMAK,RV-954,394500
a0VRg000002Pcc1MAC,RV-955,36216.72
a0VRg000002PhLZMA0,RV-956,36500
a0VRg000002PhjlMAC,RV-957,130049
a0VRg000002PhtRMAS,RV-958,37000
a0VRg000002PhwfMAC,RV-959,481965.86
a0VRg000002Pi1VMAS,RV-960,155802
a0VRg000002PiEQMA0,RV-964,721
a0VRg000002PiSvMAK,RV-961,37990
a0VRg000002PiW9MAK,RV-962,163274
a0VRg000002Q04rMAC,RV-965,149346.12
a0VRg000002Q09hMAC,RV-966,36554.79
a0VRg000002Q2mbMAC,RV-967,36150
a0VRg000002Q2ppMAC,RV-968,286962.72
a0VRg000002Q2rRMAS,RV-969,139160
a0VRg000002Q2t3MAC,RV-970,75841
a0VRg000002Q2ufMAC,RV-971,287953
a0VRg000002QK1xMAG,RV-972,4910000
a0VRg000002QK5BMAW,RV-973,36500
a0VRg000002QKLJMA4,RV-974,1023380.74
a0VRg000002QKYDMA4,RV-975,29129.28
a0VRg000002QL7hMAG,RV-976,103425
a0VRg000002QM0XMAW,RV-977,200000
a0VRg000002QM5NMAW,RV-978,4335000
a0VRg000002QM6zMAG,RV-979,200000
a0VRg000002QMADMA4,RV-980,4365000
a0VRg000002QMGfMAO,RV-981,5802000
a0VRg000002QN1RMAW,RV-982,2417500
a0VRg000002QN33MAG,RV-983,2417500
a0VRg000002QN7tMAG,RV-984,1000000
a0VRg000002QN9VMAW,RV-985,3717000
a0VRg000002QNFxMAO,RV-986,100000
a0VRg000002QNHZMA4,RV-987,100000
a0VRg000002QNJBMA4,RV-988,2000000
a0VRg000002QNKnMAO,RV-989,6894150
a0VRg000002QNMPMA4,RV-990,2250000
a0VRg000002QNPdMAO,RV-991,7500000
a0VRg000002QNRFMA4,RV-992,3883350
a0VRg000002QWzBMAW,RV-993,2726200
a0VRg000002QX0nMAG,RV-994,998750
a0VRg000002QX41MAG,RV-995,4941000
a0VRg000002QZfJMAW,RV-996,26187
a0VRg000002QZgvMAG,RV-997,31093
a0VRg000002QZk9MAG,RV-998,30159
a0VRg000002QZllMAG,RV-999,29060
a0VRg000002QZozMAG,RV-1000,45000
a0VRg000002R4uPMAS,RV-1001,109250
a0VRg000002R4xdMAC,RV-1002,169390
a0VRg000002R5wvMAC,RV-1003,35316.73
a0VRg000002R61lMAC,RV-1004,103134.26
a0VRg000002R63NMAS,RV-1005,29652.58
a0VRg000002R66dMAC,RV-1026,300000
a0VRg000002R6L7MAK,RV-1006,7108.44
a0VRg000002R797MAC,RV-1007,58950.44
a0VRg000002R7AjMAK,RV-1008,97650.77
a0VRg000002R7AkMAK,RV-1012,27900
a0VRg000002R7CLMA0,RV-1009,97650.77
a0VRg000002R7DxMAK,RV-1010,27900
a0VRg000002R7HBMA0,RV-1011,27900
a0VRg000002R7KPMA0,RV-1013,27900.22
a0VRg000002R7M1MAK,RV-1014,27900
a0VRg000002R7NdMAK,RV-1015,27900
a0VRg000002R7PFMA0,RV-1016,27900
a0VRg000002R7QrMAK,RV-1017,27900
a0VRg000002R7STMA0,RV-1018,27900
a0VRg000002R7U5MAK,RV-1019,27900
a0VRg000002R7XJMA0,RV-1020,27900
a0VRg000002R7YvMAK,RV-1021,27900
a0VRg000002R7c9MAC,RV-1022,1100100
a0VRg000002R8DKMA0,RV-1025,94545.84
a0VRg000002REk5MAG,RV-1023,37000
a0VRg000002RElhMAG,RV-1024,876958.48
a0VRg000002REtlMAG,RV-1027,70000
a0VRg000002RFHxMAO,RV-1028,100000
a0VRg000002RFY5MAO,RV-1029,927301
a0VRg000002RGYzMAO,RV-1030,40000
a0VRg000002RdqYMAS,RV-1034,29253.31
a0VRg000002Re8HMAS,RV-1031,87667
a0VRg000002ReD7MAK,RV-1032,39143.37
a0VRg000002ReTFMA0,RV-1033,219180
a0VRg000002Ret3MAC,RV-1035,25901
a0VRg000002RgGXMA0,RV-1036,200000
a0VRg000002RgI9MAK,RV-1037,5407600
a0VRg000002RgJlMAK,RV-1038,3150
a0VRg000002RgLOMA0,RV-1040,2336500
a0VRg000002RgMzMAK,RV-1039,2336500
a0VRg000002SE6vMAG,RV-1041,86342.36
a0VRg000002SEQHMA4,RV-1042,81770
a0VRg000002SEYLMA4,RV-1043,130000
a0VRg000002Sz94MAC,RV-1044,89600
a0VRg000002TQcIMAW,RV-1051,136866.69
a0VRg000002TRJpMAO,RV-1045,66462
a0VRg000002TRLRMA4,RV-1046,64856.62
a0VRg000002TRlGMAW,RV-1048,31000
a0VRg000002TRoUMAW,RV-1047,146120
a0VRg000002TSW1MAO,RV-1049,37000
a0VRg000002TSarMAG,RV-1050,297291.74
a0VRg000002TSvpMAG,RV-1052,334291.75
a0VRg000002TSxRMAW,RV-1053,200574
a0VRg000002TSz3MAG,RV-1054,66858
a0VRg000002TT0fMAG,RV-1055,66858
a0VRg000002TT3tMAG,RV-1056,66858
a0VRg000002TT5VMAW,RV-1057,66858
a0VRg000002TT77MAG,RV-1058,66858
a0VRg000002TT8jMAG,RV-1059,66858
a0VRg000002TTBxMAO,RV-1060,66858
a0VRg000002TTDZMA4,RV-1061,66858.34
a0VRg000002TTFBMA4,RV-1062,66858.34
a0VRg000002TbHZMA0,RV-1063,1252758
a0VRg000002U0PdMAK,RV-1064,28972
a0VRg000002U1FFMA0,RV-1065,89298.8
a0VRg000002U1LhMAK,RV-1066,250
a0VRg000002VqE5MAK,RV-1067,3526.58
a0VRg000002VqQzMAK,RV-1068,92451
a0VRg000002Vr25MAC,RV-1069,21523.2
a0VRg000002Vr5JMAS,RV-1070,29802
a0VRg000002VrQHMA0,RV-1071,36865
a0VRg000002VrQIMA0,RV-1074,122196
a0VRg000002VrZxMAK,RV-1072,485621.06
a0VRg000002VrlFMAS,RV-1073,30620
a0VRg000002Vrq5MAC,RV-1075,122196
a0VRg000002VrzlMAC,RV-1076,33950
a0VRg000002Vs2zMAC,RV-1077,110647.84
a0VRg000002Vs4bMAC,RV-1078,61029.14
a0VRg000002Vs6DMAS,RV-1079,15000
a0VRg000002Vs7pMAC,RV-1080,245456
a0VRg000002VsB3MAK,RV-1081,28890
a0VRg000002VsCfMAK,RV-1082,28890
a0VRg000002VsarMAC,RV-1083,37000
a0VRg000002VtBxMAK,RV-1084,28940
a0VRg000002VtDaMAK,RV-1094,50000
a0VRg000002VtFBMA0,RV-1085,40000
a0VRg000002VtGnMAK,RV-1086,10000
a0VRg000002VtIPMA0,RV-1087,25000
a0VRg000002VtLdMAK,RV-1088,28840
a0VRg000002VtNFMA0,RV-1089,28890
a0VRg000002VtNGMA0,RV-1091,1099507
a0VRg000002VtWvMAK,RV-1090,37000
a0VRg000002VtblMAC,RV-1092,808516
a0VRg000002VtdNMAS,RV-1093,50000
a0VRg000002VtgbMAC,RV-1095,36540
a0VRg000002VtiDMAS,RV-1096,57766
a0VRg000002Vtn3MAC,RV-1097,27308
a0VRg000002VtofMAC,RV-1098,132282
a0VRg000002VuCrMAK,RV-1099,24060000
a0VRg000002VuETMA0,RV-1100,485350
a0VRg000002WKX7MAO,RV-1101,29802.46
a0VRg000002WKYjMAO,RV-1102,31465
a0VRg000002WKdZMAW,RV-1103,46824
a0VRg000002WKgnMAG,RV-1104,268416
a0VRg000002WKk1MAG,RV-1105,53625.51
a0VRg000002WQB7MAO,RV-1106,363500
a0VRg000002WQSrMAO,RV-1107,175341
a0VRg000002WlInMAK,RV-1108,490.8
a0VRg000002WnMDMA0,RV-1109,34375.22
a0VRg000002WnR3MAK,RV-1110,171205.9
a0VRg000002WvQFMA0,RV-1127,50000
a0VRg000002Wwe1MAC,RV-1111,55000
a0VRg000002WwniMAC,RV-1114,295870
a0VRg000002WwqvMAC,RV-1112,68898.92
a0VRg000002WwsXMAS,RV-1113,109372
a0VRg000002Wx0bMAC,RV-1115,32874
a0VRg000002Wx0cMAC,RV-1122,32874
a0VRg000002Wx2DMAS,RV-1116,36000
a0VRg000002Wx8fMAC,RV-1117,36000
a0VRg000002WxGjMAK,RV-1118,36000
a0VRg000002WxJxMAK,RV-1119,32874
a0VRg000002WxNBMA0,RV-1120,32874
a0VRg000002WxQPMA0,RV-1121,23496
a0VRg000002WxQQMA0,RV-1124,32874
a0VRg000002WxVFMA0,RV-1123,32874
a0VRg000002WxWrMAK,RV-1125,32874
a0VRg000002WxYTMA0,RV-1126,32874
a0VRg000002XJCPMA4,RV-1128,37372.65
a0VRg000002XJE1MAO,RV-1129,257940.82
a0VRg000002XJYzMAO,RV-1130,87271.21
a0VRg000002XJdpMAG,RV-1131,99984.25
a0VRg000002XNPhMAO,RV-1132,55000
a0VRg000002XlWrMAK,RV-1133,44534
a0VRg000002YBeDMAW,RV-1134,2327961.3
a0VRg000002YBmHMAW,RV-1135,66948
a0VRg000002YZztMAG,RV-1136,1422222
a0VRg000002YvVlMAK,RV-1137,89961
a0VRg000002Z0qPMAS,RV-1138,37000
a0VRg000002Z0s1MAC,RV-1139,301033.41
a0VRg000002Z0teMAC,RV-1144,36400
a0VRg000002Z0vFMAS,RV-1140,36400
a0VRg000002Z0wrMAC,RV-1141,36400
a0VRg000002Z0yTMAS,RV-1142,31000
a0VRg000002Z105MAC,RV-1143,35735.01
a0VRg000002Z11iMAC,RV-1145,40400
a0VRg000002Z13JMAS,RV-1146,37600
a0VRg000002Z1JRMA0,RV-1148,36500
a0VRg000002Z1L3MAK,RV-1149,35600
a0VRg000002ZMcPMAW,RV-1150,36460
a0VRg000002ZMkTMAW,RV-1151,69173.94
a0VRg000002ZMnhMAG,RV-1152,253027
a0VRg000002ZO7xMAG,RV-1153,9970
a0VRg000002ZO9ZMAW,RV-1154,26970
a0VRg000002ZY2TMAW,RV-1155,37000
a0VRg000002ZY5hMAG,RV-1156,156531.05
a0VRg000002ZYNRMA4,RV-1157,138814
a0VRg000002ZYP3MAO,RV-1158,27324.44
a0VRg000002ZYQfMAO,RV-1159,27324.44
a0VRg000002ZYVVMA4,RV-1160,27324.44
a0VRg000002ZYYjMAO,RV-1161,27324.44
a0VRg000002ZYaLMAW,RV-1162,27324.44
a0VRg000002ZYdZMAW,RV-1163,27324.44
a0VRg000002ZYfBMAW,RV-1164,27324.44
a0VRg000002ZYgnMAG,RV-1165,27324.44
a0VRg000002ZqDtMAK,RV-1166,4475500
a0VRg000002ZqIkMAK,RV-1171,27287.04
a0VRg000002ZqKLMA0,RV-1167,29115.9
a0VRg000002ZqLxMAK,RV-1168,27287.04
a0VRg000002ZqPBMA0,RV-1169,27287.04
a0VRg000002ZqQnMAK,RV-1170,27287.04
a0VRg000002ZqVdMAK,RV-1172,27287.04
a0VRg000002ZqdhMAC,RV-1173,21661.5
a0VRg000002ZqfJMAS,RV-1174,407787.5
a0VRg000002ZrEnMAK,RV-1175,30000
a0VRg000002ZrGPMA0,RV-1176,535013
a0VRg000002ZrJdMAK,RV-1177,59652
a0VRg000002ZrLFMA0,RV-1178,37000
a0VRg000002ZrY9MAK,RV-1179,113004
a0VRg000002ZrhqMAC,RV-1180,37000
a0VRg000002ZsArMAK,RV-1181,512918
a0VRg000002ZsE5MAK,RV-1182,58142
a0VRg000002ZsFhMAK,RV-1183,27496
a0VRg000002ZsHJMA0,RV-1184,109983.6
a0VRg000002aBBtMAM,RV-1185,44285
a0VRg000002aBDVMA2,RV-1186,44285
a0VRg000002aC4jMAE,RV-1187,110000
a0VRg000002aCHlMAM,RV-1188,36970
a0VRg000002aZnhMAE,RV-1189,64408
a0VRg000002aZqvMAE,RV-1190,30000
a0VRg000002b1VRMAY,RV-1191,27900.22
a0VRg000002b1yTMAQ,RV-1192,29129.28
a0VRg000002b289MAA,RV-1193,36425.28
a0VRg000002b2ZZMAY,RV-1194,160000
a0VRg000002bR3JMAU,RV-1195,31051
a0VRg000002bRHpMAM,RV-1196,85631
a0VRg000002bRJRMA2,RV-1197,367000
a0VRg000002bVi2MAE,RV-1198,18000
a0VRg000002bZ0rMAE,RV-1199,153887
a0VRg000002bag5MAA,RV-1201,55000
a0VRg000002bamXMAQ,RV-1202,167603
a0VRg000002baszMAA,RV-1203,47670
a0VRg000002buOjMAI,RV-1204,39795.2
a0VRg000002buwgMAA,RV-1206,40000
a0VRg000002bvKjMAI,RV-1205,54688
a0VRg000002bvPZMAY,RV-1207,26186.56
a0VRg000002bvSnMAI,RV-1208,30159
a0VRg000002c5NJMAY,RV-1209,27635
a0VRg000002cRPRMA2,RV-1210,777793.52
a0VRg000002cRR3MAM,RV-1211,338184.8
a0VRg000002cRinMAE,RV-1212,52143.79
a0VRg000002cSJtMAM,RV-1213,29402.76
a0VRg000002cSQLMA2,RV-1214,38314.06
a0VRg000002cY4LMAU,RV-1215,79507
a0VRg000002dGzpMAE,RV-1216,37000
a0VRg000002dHO1MAM,RV-1217,91750
a0VRg000002dckDMAQ,RV-1218,36425.28
a0VRg000002dcykMAA,RV-1219,30159.02
a0VRg000002ddJiMAI,RV-1220,27510.62
a0VRg000002de7hMAA,RV-1221,1465200
a0VRg000002e6f3MAA,RV-1222,28889.56
a0VRg000002e6gfMAA,RV-1223,31093
a0VRg000002e6jtMAA,RV-1224,34366.92
a0VRg000002e80vMAA,RV-1225,55000
a0VRg000002e82XMAQ,RV-1226,13300
a0VRg000002e8CDMAY,RV-1227,50000
a0VRg000002eAu0MAE,RV-1232,45807.09
a0VRg000002eBbVMAU,RV-1228,186435
a0VRg000002eBd7MAE,RV-1229,90955
a0VRg000002eBejMAE,RV-1230,46273
a0VRg000002eBgLMAU,RV-1231,45837
a0VRg000002eBlBMAU,RV-1233,91347
a0VRg000002eXAbMAM,RV-1234,18250
a0VRg000002eXKHMA2,RV-1235,2489000
a0VRg000002eZE1MAM,RV-1236,133736.28
a0VRg000002eZHFMA2,RV-1237,64856.62
a0VRg000002eZIrMAM,RV-1238,66462
a0VRg000002eZM5MAM,RV-1239,28660
a0VRg000002eZNhMAM,RV-1240,29060
a0VRg000002eZXNMA2,RV-1241,91658
a0VRg000002eZYzMAM,RV-1242,139479.5
a0VRg000002eZcDMAU,RV-1243,73741.8
a0VRg000002eZkHMAU,RV-1244,86112.5
a0VRg000002eZxBMAU,RV-1245,36670
a0VRg000002ea0PMAQ,RV-1246,251314
a0VRg000002ea21MAA,RV-1247,127972
a0VRg000002ea3dMAA,RV-1248,58617.37
a0VRg000002ea5FMAQ,RV-1249,55468
a0VRg000002ea6rMAA,RV-1250,27734
a0VRg000002eaA5MAI,RV-1251,27734
a0VRg000002eaBhMAI,RV-1252,27684
a0VRg000002eaDJMAY,RV-1253,27684
a0VRg000002eaEvMAI,RV-1254,27000
a0VRg000002eiFhMAI,RV-1255,2417500
a0VRg000002ejlGMAQ,RV-1256,37000
a0VRg000002f5x4MAA,RV-1257,36725
a0VRg000002f69xMAA,RV-1258,59113.6
a0VRg000002f6GPMAY,RV-1259,383050.99
a0VRg000002f6Y9MAI,RV-1260,55964
a0VRg000002f6bNMAQ,RV-1261,27982
a0VRg000002f6bOMAQ,RV-1265,28000
a0VRg000002f6czMAA,RV-1262,27982
a0VRg000002f6ebMAA,RV-1263,27932
a0VRg000002f6gDMAQ,RV-1264,27932
a0VRg000002f7Z4MAI,RV-1266,92548.2
a0VRg000002f9RDMAY,RV-1268,106675.8
a0VRg000002fA2HMAU,RV-1267,88195.2
a0VRg000002fABxMAM,RV-1269,173166
a0VRg000002fSQbMAM,RV-1270,37310
a0VRg000002fSlZMAU,RV-1271,87369.6
a0VRg000002fT89MAE,RV-1272,27734
a0VRg000002fT9lMAE,RV-1273,27982
a0VRg000002fTEbMAM,RV-1274,164500
a0VRg000002fWVpMAM,RV-1275,100000
a0VRg000002fX8XMAU,RV-1276,5000000
a0VRg000002g2ttMAA,RV-1277,31000
a0VRg000002g2vVMAQ,RV-1278,34415
a0VRg000002g3YDMAY,RV-1279,9960
a0VRg000002g3bRMAQ,RV-1280,8460
a0VRg000002g3d3MAA,RV-1281,17873.09
a0VRg000002gQ3OMAU,RV-1287,61430
a0VRg000002gQGHMA2,RV-1282,28972
a0VRg000002gQUnMAM,RV-1283,32550
a0VRg000002gQWPMA2,RV-1284,32550
a0VRg000002gQcrMAE,RV-1285,29652.58
a0VRg000002gQmXMAU,RV-1286,64408
a0VRg000002gS8PMAU,RV-1288,37000
a0VRg000002gVavMAE,RV-1289,7332500
a0VRg000002goVVMAY,RV-1290,1249335.51
a0VRg000002gp3NMAQ,RV-1291,403467.6
a0VRg000002gywHMAQ,RV-1292,396105.6
a0VRg000002gz7ZMAQ,RV-1293,407592.8
a0VRg000002h0gLMAQ,RV-1294,18000
a0VRg000002h0rdMAA,RV-1295,106082.55
a0VRg000002h14XMAQ,RV-1296,29802
a0VRg000002hN1pMAE,RV-1297,29235.07
a0VRg000002hNEjMAM,RV-1298,27182.96
a0VRg000002hScbMAE,RV-1299,37000
a0VRg000002hSfpMAE,RV-1300,130356
a0VRg000002hT41MAE,RV-1301,614776
a0VRg000002hT5dMAE,RV-1302,130350
a0VRg000002hTC5MAM,RV-1303,195531
a0VRg000002hTLlMAM,RV-1304,66000
a0VRg000002hTNNMA2,RV-1305,66000
a0VRg000002hTQbMAM,RV-1306,132000
a0VRg000002hTSDMA2,RV-1307,133000
a0VRg000002hTVRMA2,RV-1308,64224.1
a0VRg000002hTYfMAM,RV-1309,134000
a0VRg000002hq2DMAQ,RV-1310,223061.6
a0VRg000002iFmzMAE,RV-1311,103127.5
a0VRg000002ic21MAA,RV-1312,85864.8
a0VRg000002ic6rMAA,RV-1313,170804.11
a0VRg000002icGXMAY,RV-1314,19845
a0VRg000002icTRMAY,RV-1315,30000
a0VRg000002ifUXMAY,RV-1316,158865
a0VRg000002ifZNMAY,RV-1317,84957.6
a0VRg000002izBVMAY,RV-1318,66948
a0VRg000002izLBMAY,RV-1319,34375.22
a0VRg000002izhlMAA,RV-1320,103026
a0VRg000002izxxMAA,RV-1321,2314500
a0VRg000002j50nMAA,RV-1322,29802.46
a0VRg000002jSBtMAM,RV-1323,69173.94
a0VRg000002jSF7MAM,RV-1324,41128.9
a0VRg000002jejJMAQ,RV-1326,76140.4
a0VRg000002jeo9MAA,RV-1327,274105
a0VRg000002jeplMAA,RV-1328,30456
a0VRg000002jerNMAQ,RV-1329,30456.16
a0VRg000002jeszMAA,RV-1330,30456
a0VRg000002jexpMAA,RV-1331,30456
a0VRg000002jezRMAQ,RV-1332,30456
a0VRg000002jf97MAA,RV-1333,30456
a0VRg000002jfCLMAY,RV-1334,30456
a0VRg000002jfDxMAI,RV-1335,30856
a0VRg000002jfHBMAY,RV-1336,30456
a0VRg000002jfInMAI,RV-1337,31890.89
a0VRg000002jzMLMAY,RV-1338,48268.49
a0VRg000002jzPZMAY,RV-1339,282920.68
a0VRg000002jzSnMAI,RV-1340,40646.62
a0VRg000002k0S5MAI,RV-1341,37000
a0VRg000002k0ThMAI,RV-1342,179097.71
a0VRg000002k0WvMAI,RV-1343,152105
a0VRg000002k0YXMAY,RV-1344,91271
a0VRg000002k0blMAA,RV-1345,60842
a0VRg000002k0dNMAQ,RV-1346,30421
a0VRg000002k0ezMAA,RV-1347,30421
a0VRg000002k0iDMAQ,RV-1348,30421
a0VRg000002k0jpMAA,RV-1349,30421
a0VRg000002k0lRMAQ,RV-1350,30421
a0VRg000002k0n3MAA,RV-1351,30421
a0VRg000002k0ofMAA,RV-1352,30421
a0VRg000002k0qHMAQ,RV-1353,30421
a0VRg000002k3o9MAA,RV-1354,36080
a0VRg000002k3wDMAQ,RV-1355,467790
a0VRg000002k3xpMAA,RV-1356,29200
a0VRg000002k3zRMAQ,RV-1357,62050
a0VRg000002k42fMAA,RV-1358,54577.15
a0VRg000002k4yjMAA,RV-1359,206787
a0VRg000002kOMLMA2,RV-1360,27528.45
a0VRg000002kOZFMA2,RV-1361,26192.85
a0VRg000002kTsHMAU,RV-1362,29224
a0VRg000002ko8jMAA,RV-1363,44285.04
a0VRg000002kqFNMAY,RV-1364,46824
a0VRg000002lDVJMA2,RV-1365,50000
a0VRg000002lDYXMA2,RV-1366,23577.29
a0VRg000002lDa9MAE,RV-1367,333765.71
a0VRg000002lDblMAE,RV-1368,40000
a0VRg000002lDrtMAE,RV-1369,37000
a0VRg000002lDtVMAU,RV-1370,224485
a0VRg000002lDv7MAE,RV-1371,224485
a0VRg000002lDzxMAE,RV-1372,250000
a0VRg000002lECrMAM,RV-1373,232970
a0VRg000002lZ4PMAU,RV-1374,27900
a0VRg000002lZ7dMAE,RV-1375,31093
a0VRg000002lZFhMAM,RV-1376,29115.9
a0VRg000002lZNlMAM,RV-1377,30159.02
a0VRg000002labaMAA,RV-1379,63637.5
a0VRg000002lb2zMAA,RV-1378,43405
a0VRg000002lb7pMAA,RV-1380,18974.66
a0VRg000002lfmXMAQ,RV-1381,208230
a0VRg000002lh3aMAA,RV-1382,100
a0VRg000002liCXMAY,RV-1383,200000
a0VRg000002liFlMAI,RV-1384,191890
a0VRg000002m2hVMAQ,RV-1385,367000
a0VRg000002m2kjMAA,RV-1386,250000
a0VRg000002m2w1MAA,RV-1387,37000
a0VRg000002mDQ1MAM,RV-1388,200000
a0VRg000002mZNJMA2,RV-1389,76713
a0VRg000002mZQXMA2,RV-1390,13881.4
a0VRg000002mZYbMAM,RV-1391,85757.1
a0VRg000002mZvBMAU,RV-1392,31051
a0VRg000002maODMAY,RV-1393,46824
a0VRg000002mackMAA,RV-1395,24441.6
a0VRg000002mafxMAA,RV-1394,31465
a0VRg000002mbgrMAA,RV-1396,230770
a0VRg000002mbgsMAA,RV-1404,139179.3
a0VRg000002mbovMAA,RV-1397,18265
a0VRg000002mbvNMAQ,RV-1398,19045
a0VRg000002mbwzMAA,RV-1399,9419.91
a0VRg000002mbybMAA,RV-1400,143117.23
a0VRg000002mc3RMAQ,RV-1401,37000
a0VRg000002mc53MAA,RV-1402,32096.68
a0VRg000002mc8HMAQ,RV-1403,107821.95
a0VRg000002meZuMAI,RV-1412,27282.03
a0VRg000002mf2vMAA,RV-1405,37000
a0VRg000002mf69MAA,RV-1406,58448
a0VRg000002mf9NMAQ,RV-1407,91325
a0VRg000002mfCbMAI,RV-1408,27169.63
a0VRg000002mfcPMAQ,RV-1409,27282.03
a0VRg000002mfe1MAA,RV-1410,27169.63
a0VRg000002mfhFMAQ,RV-1411,27282.03
a0VRg000002mfxNMAQ,RV-1413,3150
a0VRg000002mzsrMAA,RV-1414,147528.5
a0VRg000002n0AbMAI,RV-1415,177577.63
a0VRg000002n5YTMAY,RV-1416,205259.8
a0VRg000002nRnVMAU,RV-1417,28840
a0VRg000002nn3GMAQ,RV-1432,19826.88
a0VRg000002nnBJMAY,RV-1418,66858.34
a0VRg000002nnCvMAI,RV-1419,29253.31
a0VRg000002no8zMAA,RV-1420,37000
a0VRg000002noAbMAI,RV-1421,1000
a0VRg000002noCDMAY,RV-1422,196404.13
a0VRg000002noDpMAI,RV-1423,163059
a0VRg000002noFRMAY,RV-1424,1000
a0VRg000002noIfMAI,RV-1425,89500
a0VRg000002np53MAA,RV-1426,37000
a0VRg000002np8HMAQ,RV-1427,58147.12
a0VRg000002np9tMAA,RV-1428,375478.4
a0VRg000002npDCMAY,RV-1430,6000
a0VRg000002npEjMAI,RV-1429,17644
a0VRg000002npJZMAY,RV-1431,337673.12
a0VRg000002npQ1MAI,RV-1433,158836
a0VRg000002npTFMAY,RV-1434,1429522
a0VRg000002npWTMAY,RV-1435,913830
a0VRg000002npY5MAI,RV-1436,745335.15
a0VRg000002npZhMAI,RV-1437,37000
a0VRg000002npjNMAQ,RV-1438,145800
a0VRg000002npppMAA,RV-1439,145800
a0VRg000002nqU9MAI,RV-1440,694435.78
a0VRg000002nqYzMAI,RV-1441,37000
a0VRg000002nqabMAA,RV-1442,397246.8
a0VRg000002nqyoMAA,RV-1452,221800
a0VRg000002nr0PMAQ,RV-1443,329099
a0VRg000002nr21MAA,RV-1444,2961893
a0VRg000002ns4XMAQ,RV-1445,3396340
a0VRg000002ns69MAA,RV-1446,207200
a0VRg000002nsEDMAY,RV-1447,207200
a0VRg000002nsVxMAI,RV-1448,234400
a0VRg000002nsZBMAY,RV-1449,234400
a0VRg000002nsanMAA,RV-1450,459400
a0VRg000002nse1MAA,RV-1451,459400
a0VRg000002nsirMAA,RV-1453,221800
a0VRg000002oDddMAE,RV-1454,206787
a0VRg000002oE0DMAU,RV-1455,26186.56
a0VRg000002oE1pMAE,RV-1456,471400
a0VRg000002oE6fMAE,RV-1457,471400
a0VRg000002oERdMAM,RV-1458,202000
a0VRg000002oETFMA2,RV-1459,202000
a0VRg000002oEppMAE,RV-1460,174877.55
a0VRg000002oIIMMA2,RV-1464,239800
a0VRg000002oINCMA2,RV-1462,197200
a0VRg000002oJUXMA2,RV-1461,197200
a0VRg000002oJZNMA2,RV-1463,194800
a0VRg000002oJcbMAE,RV-1465,239800
a0VRg000002oJsjMAE,RV-1466,187200
a0VRg000002oJuLMAU,RV-1467,187200
a0VRg000002oJxZMAU,RV-1468,319000
a0VRg000002oJzBMAU,RV-1469,319000
a0VRg000002oK0nMAE,RV-1470,212600
a0VRg000002oK5dMAE,RV-1471,212600
a0VRg000002oKATMA2,RV-1472,475600
a0VRg000002oKGvMAM,RV-1473,475600
a0VRg000002ofLNMAY,RV-1474,284544
a0VRg000002ogEDMAY,RV-1475,127805
a0VRg000002oge1MAA,RV-1476,25901
a0VRg000002ohDVMAY,RV-1477,29060
a0VRg000002ohGjMAI,RV-1478,27360
a0VRg000002ohyHMAQ,RV-1479,44613
a0VRg000002ol7VMAQ,RV-1481,25901
a0VRg000002orb3MAA,RV-1482,124347.08
a0VRg000002pC2nMAE,RV-1483,176479.5
a0VRg000002pC61MAE,RV-1484,178061.95
a0VRg000002pCcHMAU,RV-1485,66462
a0VRg000002pCysMAE,RV-1487,2726200
a0VRg000002pDoTMAU,RV-1486,4910000
a0VRg000002pE6DMAU,RV-1488,3334189
a0VRg000002pEKjMAM,RV-1489,3150
a0VRg000002pIbFMAU,RV-1490,3150
a0VRg000002pcuvMAA,RV-1491,37000
a0VRg000002pcy9MAA,RV-1492,59800.53
a0VRg000002pczlMAA,RV-1493,86649.13
a0VRg000002pd1NMAQ,RV-1494,17866
a0VRg000002pd2zMAA,RV-1495,61277.99
a0VRg000002pdz3MAA,RV-1496,27360
a0VRg000002phmXMAQ,RV-1497,431765
a0VRg000002q1wXMAQ,RV-1498,99145.2
a0VRg000002q1zlMAA,RV-1499,64856.62
a0VRg000002q24bMAA,RV-1500,108911
a0VRg000002q3ezMAA,RV-1501,37000
a0VRg000002qM9mMAE,RV-1503,2105045.12
a0VRg000002qNQnMAM,RV-1502,50000
a0VRg000002qNnNMAU,RV-1504,29652.58
a0VRg000002qNozMAE,RV-1505,10000
a0VRg000002qhm6MAA,RV-1507,28660
a0VRg000002qk2PMAQ,RV-1506,25901
a0VRg000002qn9xMAA,RV-1508,83970
a0VRg000002rBH7MAM,RV-1510,2037910
a0VRg000002rBllMAE,RV-1511,202424.4
a0VRg000002rCgDMAU,RV-1512,43815.06
a0VRg000002rDfVMAU,RV-1513,104932.46
a0VRg000002rIqVMAU,RV-1514,34375.22
a0VRg000002rJ8HMAU,RV-1515,101214
a0VRg000002rOz7MAE,RV-1516,37000
a0VRg000002rjKPMAY,RV-1518,30456.16
a0VRg000002rjlpMAA,RV-1519,45675
a0VRg000002rnSrMAI,RV-1520,477248
a0VRg000002s82tMAA,RV-1523,46824
a0VRg000002s8AjMAI,RV-1521,92991
a0VRg000002s8CLMAY,RV-1522,105669.3
a0VRg000002s8x7MAA,RV-1524,31465
a0VRg000002s90LMAQ,RV-1525,29802
a0VRg000002sYWbMAM,RV-1526,3471450
a0VRg000002sYgIMAU,RV-1527,27360
a0VRg000002sai5MAA,RV-1528,31051
a0VRg000002salJMAQ,RV-1529,67000
a0VRg000002ssS5MAI,RV-1530,339277.5
a0VRg000002stPlMAI,RV-1531,255170
a0VRg000002stbEMAQ,RV-1535,29802.46
a0VRg000002stzFMAQ,RV-1532,28972
a0VRg000002su5hMAA,RV-1533,133736.28
a0VRg000002su7JMAQ,RV-1534,29402.76
a0VRg000002suKDMAY,RV-1536,292470
a0VRg000002svJVMAY,RV-1537,37000
a0VRg000002svL7MAI,RV-1538,103100
a0VRg000002tDxxMAE,RV-1539,30421
a0VRg000002tE2nMAE,RV-1540,31000
a0VRg000002tE61MAE,RV-1541,69123.94
a0VRg000002tFlFMAU,RV-1542,37000
a0VRg000002tFmrMAE,RV-1543,396200
a0VRg000002tG4bMAE,RV-1544,423.8
a0VRg000002tI1ZMAU,RV-1547,204555
a0VRg000002tIb3MAE,RV-1549,92000
a0VRg000002tbgxMAA,RV-1555,89456
a0VRg000002tcoHMAQ,RV-1550,37000
a0VRg000002tcrVMAQ,RV-1551,86779.57
a0VRg000002tcujMAA,RV-1552,37000
a0VRg000002tcwLMAQ,RV-1553,83720
a0VRg000002tdnZMAQ,RV-1554,210050.79
a0VRg000002tdxFMAQ,RV-1556,503187.5
a0VRg000002teBlMAI,RV-1557,497171
a0VRg000002tn0XMAQ,RV-1558,37000
a0VRg000002u7k1MAA,RV-1559,72850.56
a0VRg000002u7nFMAQ,RV-1560,32874
a0VRg000002u8crMAA,RV-1561,262000
a0VRg000002u8zRMAQ,RV-1562,153584.25
a0VRg000002u9U5MAI,RV-1564,37000
a0VRg000002u9VhMAI,RV-1565,443064.1
a0VRg000002u9kDMAQ,RV-1566,74000
a0VRg000002u9lpMAA,RV-1567,77389.15
a0VRg000002u9sHMAQ,RV-1568,37000
a0VRg000002u9vVMAQ,RV-1569,780470
a0VRg000002uEC1MAM,RV-1570,37000
a0VRg000002uEFFMA2,RV-1571,240600
a0VRg000002uEjtMAE,RV-1572,131978
a0VRg000002uEqMMAU,RV-1577,39970
a0VRg000002uF9hMAE,RV-1573,37000
a0VRg000002uFCvMAM,RV-1574,241800
a0VRg000002uFODMA2,RV-1575,338640
a0VRg000002uFRRMA2,RV-1576,37000
a0VRg000002uckbMAA,RV-1578,29129.28
a0VRg000002ucmDMAQ,RV-1579,95979
a0VRg000002ucsfMAA,RV-1580,84992.8
a0VRg000002ueJNMAY,RV-1581,401993.76
a0VRg000002ueODMAY,RV-1582,134952
a0VRg000002uePpMAI,RV-1583,101214
a0VRg000002ueRRMAY,RV-1584,101214
a0VRg000002ueT3MAI,RV-1585,150100
a0VRg000002ueUfMAI,RV-1586,101214
a0VRg000002ueXtMAI,RV-1587,150100
a0VRg000002ugQ2MAI,RV-1588,37000
a0VRg000002uhXNMAY,RV-1589,127250
a0VRg000002v1W5MAI,RV-1590,66948
a0VRg000002v1XhMAI,RV-1591,80226.8
a0VRg000002v1cXMAQ,RV-1592,37025
a0VRg000002v1e9MAA,RV-1593,92873.34
a0VRg000002v3KzMAI,RV-1594,635900.11
a0VRg000002v3MbMAI,RV-1595,250000
a0VRg000002v3eLMAQ,RV-1596,450000
a0VRg000002v3jBMAQ,RV-1597,34366.92
a0VRg000002v3mPMAQ,RV-1598,37000
a0VRg000002v3o1MAA,RV-1599,278158.75
a0VRg000002v3rFMAQ,RV-1600,186730
a0VRg000002vMSTMA2,RV-1601,36000
a0VRg000002vMsHMAU,RV-1602,30159.02
a0VRg000002vMx7MAE,RV-1603,36985
a0VRg000002vN0LMAU,RV-1604,36985
a0VRg000002vOFlMAM,RV-1605,3235
a0VRg000002vOIzMAM,RV-1606,135670.32
a0VRg000002vP29MAE,RV-1607,3235
a0VRg000002vPgTMAU,RV-1608,265585.22
a0VRg000002vRAPMA2,RV-1610,5
a0VRg000002vkkvMAA,RV-1611,89385.8
a0VRg000002vkubMAA,RV-1612,82953.6
a0VRg000002vsVaMAI,RV-1613,14946.06
a0VRg000002wDi5MAE,RV-1614,96200
a0VRg000002wNvyMAE,RV-1615,78746.22
a0VRg000002wkyzMAA,RV-1616,74000
a0VRg000002wl0bMAA,RV-1617,63900
a0VRg000002wl2DMAQ,RV-1618,137900
a0VRg000002wlmzMAA,RV-1619,27635
a0VRg000002wnC5MAI,RV-1620,439.68
a0VRg000002xC2PMAU,RV-1622,80208.58
a0VRg000002xC5dMAE,RV-1623,409110
a0VRg000002xDHpMAM,RV-1624,27900
a0VRg000002xDJRMA2,RV-1625,31000
a0VRg000002xHGbMAM,RV-1626,61024.75
a0VRg000002xHIDMA2,RV-1627,64307.83
a0VRg000002xHOfMAM,RV-1628,132223.12
a0VRg000002xISnMAM,RV-1629,55300
a0VRg000002xJALMA2,RV-1630,55000
a0VRg000002xbjxMAA,RV-1631,85797
a0VRg000002xbwrMAA,RV-1632,64408
a0VRg000002xc05MAA,RV-1633,29262.2
a0VRg000002xeTJMAY,RV-1634,36173.44
a0VRg000002xeUvMAI,RV-1635,82558.6
a0VRg000002xeWXMAY,RV-1636,82558.6
a0VRg000002xzG1MAI,RV-1637,86591.4
a0VRg000002xzHeMAI,RV-1638,80939
a0VRg000002y0DkMAI,RV-1640,37000
a0VRg000002y0NNMAY,RV-1639,500450
a0VRg000002y1RVMAY,RV-1641,55000
a0VRg000002yL3dMAE,RV-1642,203850
a0VRg000002yL5FMAU,RV-1643,100220
a0VRg000002yLWgMAM,RV-1646,82558.6
a0VRg000002yLejMAE,RV-1644,31093
a0VRg000002yM1JMAU,RV-1645,26186.56
a0VRg000002yN5RMAU,RV-1647,37000
a0VRg000002yN73MAE,RV-1648,98500
a0VRg000002yQ05MAE,RV-1649,81816
a0VRg000002ykRpMAI,RV-1650,37000
a0VRg000002yktFMAQ,RV-1651,124084.61
a0VRg000002ymS1MAI,RV-1652,25901
a0VRg000002ymTdMAI,RV-1653,25901
a0VRg000002ymWrMAI,RV-1654,30159.02
a0VRg000002ymevMAA,RV-1655,89557
a0VRg000002ymgXMAQ,RV-1656,88448
a0VRg000002ymlNMAQ,RV-1657,88695.8
a0VRg000002ymmzMAA,RV-1658,87597.2
a0VRg000002ymqDMAQ,RV-1659,79344
a0VRg000002yq4DMAQ,RV-1660,478033
a0VRg000002yspHMAQ,RV-1663,404500
a0VRg000002yyONMAY,RV-1661,37000
a0VRg000002yyplMAA,RV-1662,20810
a0VRg000002yywDMAQ,RV-1664,59022
a0VRg000002zOQrMAM,RV-1665,29115.9
a0VRg000002zPhtMAE,RV-1666,103026
a0VRg000002zQqrMAE,RV-1667,37000
a0VRg000002zQvhMAE,RV-1668,109800
a0VRg000002zTjuMAE,RV-1669,124031
a0VRg000002zUUfMAM,RV-1670,128862
a0VRg000002zVfFMAU,RV-1671,126200
a0VRg000002zrcYMAQ,RV-1676,133900
a0VRg000002zrpRMAQ,RV-1672,37000
a0VRg000002zruHMAQ,RV-1674,3250
a0VRg000002zrvtMAA,RV-1675,230800
a0VRg000002zsAUMAY,RV-1680,145266.72
a0VRg000002zsDdMAI,RV-1677,136950
a0VRg000002zsyPMAQ,RV-1678,98110
a0VRg000002zt01MAA,RV-1679,170500
a0VRg000002ztknMAA,RV-1681,145248.55
a0VRg000002zxy5MAA,RV-1682,80456
a0VRg000002zy1JMAQ,RV-1683,29060
a0VRg000002zyXZMAY,RV-1684,8550000
a0VRg000002zye1MAA,RV-1685,5482456.14
a0VRg0000030JaQMAU,RV-1688,106150
a0VRg0000030KQ1MAM,RV-1689,95359.5
a0VRg0000030KWTMA2,RV-1690,66462
a0VRg0000030KbJMAU,RV-1691,29652.58
a0VRg0000030KkzMAE,RV-1692,201312
a0VRg0000030f6PMAQ,RV-1693,37000
a0VRg0000030hPpMAI,RV-1694,103658.1
a0VRg0000030iKHMAY,RV-1695,115000
a0VRg0000030iNVMAY,RV-1696,200000
a0VRg0000030qePMAQ,RV-1697,2489000
a0VRg0000030qo5MAA,RV-1698,136197.48
a0VRg0000030u25MAA,RV-1699,37000
a0VRg0000030udBMAQ,RV-1700,41328
a0VRg0000030vFtMAI,RV-1701,196937
a0VRg0000030vW1MAI,RV-1702,88526.3
a0VRg0000030vivMAA,RV-1703,54067
a0VRg0000031DZNMA2,RV-1704,65100
a0VRg0000031DazMAE,RV-1705,68830
a0VRg0000031DeDMAU,RV-1706,295663.7
a0VRg0000031DhRMAU,RV-1707,64856.62
a0VRg0000031DpVMAU,RV-1708,29402.76
a0VRg0000031E41MAE,RV-1709,18500
a0VRg0000031EQbMAM,RV-1710,18500
a0VRg0000031FUjMAM,RV-1711,332663.7
a0VRg0000031Fg1MAE,RV-1712,29802
a0VRg0000031FjFMAU,RV-1713,66858.34
a0VRg0000031FmTMAU,RV-1714,34375.22
a0VRg0000031OQ1MAM,RV-1715,153600
a0VRg0000031Ql7MAE,RV-1716,92020
a0VRg0000031SBpMAM,RV-1717,10000
a0VRg0000031lETMAY,RV-1718,135970
a0VRg0000031mKDMAY,RV-1720,29652.28
a0VRg0000031mNRMAY,RV-1721,150000
a0VRg0000031mVVMAY,RV-1722,82610
a0VRg0000031mdZMAQ,RV-1723,29987
a0VRg0000031pl7MAA,RV-1724,7296
a0VRg0000031rF3MAI,RV-1725,140340.41
a0VRg0000031sB7MAI,RV-1726,15945000
a0VRg0000031t8nMAA,RV-1727,37000
a0VRg0000031tNJMAY,RV-1728,2408534.3
a0VRg0000031tdRMAQ,RV-1729,7872.53
a0VRg0000032hiHMAQ,RV-1730,50000
a0VRg0000032hlVMAQ,RV-1731,73800
a0VRg0000032hn7MAA,RV-1732,37000
a0VRg0000032iBJMAY,RV-1733,27360
a0VRg0000032iG9MAI,RV-1734,259245.12
a0VRg0000032iKzMAI,RV-1735,784320
a0VRg00000332wPMAQ,RV-1736,28660
a0VRg00000335FxMAI,RV-1737,18000
a0VRg00000336TlMAI,RV-1738,27200
a0VRg00000336rxMAA,RV-1739,27390
a0VRg0000033TmvMAE,RV-1740,37000
a0VRg0000033XAbMAM,RV-1741,37000
a0VRg0000033XCDMA2,RV-1742,103770
a0VRg0000033XDpMAM,RV-1743,140770
a0VRg0000033XaPMAU,RV-1744,26835
a0VRg0000033qTNMAY,RV-1745,101414.25
a0VRg0000033qd3MAA,RV-1746,26835
a0VRg0000033s29MAA,RV-1747,349790
a0VRg0000033t4fMAA,RV-1748,5734.4
a0VRg0000033tCjMAI,RV-1749,239059.2
a0VRg0000033tELMAY,RV-1750,42879
a0VRg0000033tHZMAY,RV-1751,161641
a0VRg0000033tavMAA,RV-1752,124084.61
a0VRg0000033uaGMAQ,RV-1754,144514.65
a0VRg000003457RMAQ,RV-1753,982950
a0VRg00000345iXMAQ,RV-1755,140000
a0VRg00000346I1MAI,RV-1756,86442.56
a0VRg0000034RXlMAM,RV-1757,114921.25
a0VRg0000034RmIMAU,RV-1760,130000
a0VRg0000034RxZMAU,RV-1758,37000
a0VRg0000034RzBMAU,RV-1759,93000
a0VRg0000034SSDMA2,RV-1761,37000
a0VRg0000034SVRMA2,RV-1762,95000
a0VRg0000034SYfMAM,RV-1763,132000
a0VRg0000034SbtMAE,RV-1764,160800
a0VRg0000034SyTMAU,RV-1765,34336.92
a0VRg0000034vpBMAQ,RV-1766,37000
a0VRg0000034vqnMAA,RV-1767,103070
a0VRg0000034vsPMAQ,RV-1768,140070
a0VRg0000034xnlMAA,RV-1769,37000
a0VRg0000034xqzMAA,RV-1770,37000
a0VRg0000034xsbMAA,RV-1771,37000
a0VRg00000351EfMAI,RV-1772,445210.5
a0VRg00000351HtMAI,RV-1773,432313
a0VRg00000351L7MAI,RV-1774,426659
a0VRg00000351OLMAY,RV-1775,443417.5
a0VRg0000035Me5MAE,RV-1776,196420
a0VRg0000035MqzMAE,RV-1777,41592.5
a0VRg0000035fC5MAI,RV-1778,27733.68
a0VRg0000035fGwMAI,RV-1780,32874
a0VRg0000035fNOMAY,RV-1781,125000
a0VRg0000035fX3MAI,RV-1779,27956.07
a0VRg0000036CUbMAM,RV-1782,28950
a0VRg0000036EJVMA2,RV-1783,29115.9
a0VRg0000036ETCMA2,RV-1785,69173.94
a0VRg0000036FFaMAM,RV-1787,163000
a0VRg0000036GQ9MAM,RV-1784,66948
a0VRg0000036GhtMAE,RV-1786,37000
a0VRg0000036H66MAE,RV-1799,251993.96
a0VRg0000036HcLMAU,RV-1788,258800
a0VRg0000036HsTMAU,RV-1789,257200
a0VRg0000036HxJMAU,RV-1790,266000
a0VRg0000036IDRMA2,RV-1791,37000
a0VRg0000036IGfMAM,RV-1792,217500.27
a0VRg0000036IIHMA2,RV-1793,159560
a0VRg0000036JELMA2,RV-1794,37000
a0VRg0000036JFxMAM,RV-1795,95800
a0VRg0000036JPdMAM,RV-1796,37000
a0VRg0000036JhNMAU,RV-1797,96096.5
a0VRg0000036K5ZMAU,RV-1798,37000
a0VRg0000036KDdMAM,RV-1800,37000
a0VRg0000036KFFMA2,RV-1801,105500
a0VRg0000036KTlMAM,RV-1802,142500
a0VRg0000036KlVMAU,RV-1803,55000
a0VRg0000036KrxMAE,RV-1804,164000
a0VRg0000036lvOMAQ,RV-1806,500000
a0VRg0000036qWsMAI,RV-1809,46824
a0VRg0000036up0MAA,RV-1807,28972
a0VRg0000036uvTMAQ,RV-1805,108000
a0VRg0000036vzZMAQ,RV-1808,31465
a0VRg0000037ICzMAM,RV-1810,61000
a0VRg0000037IOHMA2,RV-1811,2336500
a0VRg0000037JKLMA2,RV-1812,25945.74
a0VRg0000037K0HMAU,RV-1813,50000
a0VRg0000037K57MAE,RV-1814,29802.46
a0VRg0000037KI1MAM,RV-1815,37000
a0VRg0000037KJdMAM,RV-1816,238200
a0VRg0000037KLFMA2,RV-1817,275200
a0VRg0000037KOTMA2,RV-1818,37000
a0VRg0000037KTJMA2,RV-1819,145400
a0VRg0000037KWXMA2,RV-1820,37000
a0VRg0000037KZlMAM,RV-1821,97600
a0VRg0000037OBxMAM,RV-1822,37000
a0VRg0000037ODZMA2,RV-1823,102300
a0VRg0000037OIPMA2,RV-1824,37000
a0VRg0000037OLdMAM,RV-1825,108100
a0VRg0000037kxFMAQ,RV-1826,102377.33
a0VRg0000037l25MAA,RV-1827,399000
a0VRg0000037nblMAA,RV-1828,300000
a0VRg0000037oZRMAY,RV-1829,37000
a0VRg00000386EcMAI,RV-1833,31051
a0VRg000003883VMAQ,RV-1830,18500
a0VRg00000388BZMAY,RV-1831,140100
a0VRg00000388GPMAY,RV-1832,129960
a0VRg00000388Q5MAI,RV-1834,55000
a0VRg0000038TXlMAM,RV-1835,18000
a0VRg0000038TZNMA2,RV-1836,9500
a0VRg0000038TntMAE,RV-1837,30159.02
a0VRg0000038Tr7MAE,RV-1838,44728
a0VRg0000038UK9MAM,RV-1839,134000
a0VRg0000038ULlMAM,RV-1840,237600
a0VRg0000038r0cMAA,RV-1842,106143.75
a0VRg0000038rILMAY,RV-1841,50000
a0VRg0000038s4jMAA,RV-1843,36950
a0VRg0000038s6LMAQ,RV-1844,108910.17
a0VRg0000038vLxMAI,RV-1845,37000
a0VRg0000039KH7MAM,RV-1846,126912.63
a0VRg0000039KIjMAM,RV-1847,264597.63
a0VRg0000039KNZMA2,RV-1848,132800
a0VRg0000039KQnMAM,RV-1849,131349.4
a0VRg0000039UUzMAM,RV-1850,270500
a0VRg0000039UZpMAM,RV-1851,91658
a0VRg0000039VIzMAM,RV-1852,81770
a0VRg0000039VMDMA2,RV-1853,107448.7
a0VRg0000039VPRMA2,RV-1854,31093
a0VRg0000039oTiMAI,RV-1855,30000
a0VRg0000039qs5MAA,RV-1856,40407
a0VRg0000039qthMAA,RV-1857,186284
a0VRg0000039qvJMAQ,RV-1858,37150
a0VRg0000039qyXMAQ,RV-1859,170000
a0VRg0000039r8DMAQ,RV-1860,28383
a0VRg0000039rHtMAI,RV-1861,139270
a0VRg0000039rJVMAY,RV-1862,145070
a0VRg0000039uPRMAY,RV-1863,37000
a0VRg000003AO2XMAW,RV-1864,30000
a0VRg000003AO8zMAG,RV-1865,232.05
a0VRg000003AOAbMAO,RV-1866,232.15
a0VRg000003AODpMAO,RV-1867,92156.15
a0VRg000003AkHZMA0,RV-1868,37000
a0VRg000003AkavMAC,RV-1869,109921.1
a0VRg000003AknqMAC,RV-1871,26186.56
a0VRg000003AmG9MAK,RV-1870,29262.2
a0VRg000003AmJNMA0,RV-1872,27900
a0VRg000003AmZVMA0,RV-1873,73800
a0VRg000003AmcjMAC,RV-1874,134600
a0VRg000003B5x7MAC,RV-1875,145400
a0VRg000003B60LMAS,RV-1876,125000
a0VRg000003B74TMAS,RV-1877,67000
a0VRg000003B7ndMAC,RV-1878,37000
a0VRg000003B8gTMAS,RV-1879,37000
a0VRg000003B9W5MAK,RV-1880,37000
a0VRg000003B9ZJMA0,RV-1881,61860
a0VRg000003BV6nMAG,RV-1882,37000
a0VRg000003BVRlMAO,RV-1883,29060
a0VRg000003BWSjMAO,RV-1885,102044.8
a0VRg000003BYxYMAW,RV-1887,142815.6
a0VRg000003BZwnMAG,RV-1884,30456.16
a0VRg000003BaCvMAK,RV-1886,1000
a0VRg000003Bw5UMAS,RV-1896,49761.8
a0VRg000003BxvtMAC,RV-1888,122196
a0VRg000003By0jMAC,RV-1889,30159.02
a0VRg000003By2LMAS,RV-1890,66462
a0VRg000003By7BMAS,RV-1891,30017
a0VRg000003By8nMAC,RV-1892,176479.5
a0VRg000003ByLiMAK,RV-1893,39113.12
a0VRg000003Bz1dMAC,RV-1894,135079.36
a0VRg000003Bz3FMAS,RV-1895,42923.88
a0VRg000003Bz6TMAS,RV-1897,37000
a0VRg000003Cse4MAC,RV-1903,26835
a0VRg000003CtDaMAK,RV-1898,41378.7
a0VRg000003CtiCMAS,RV-1900,81021.2
a0VRg000003CuG4MAK,RV-1902,64856.62
a0VRg000003CukfMAC,RV-1899,81021.2
a0VRg000003CusjMAC,RV-1901,206787
a0VRg000003Cvf7MAC,RV-1904,127900
a0VRg000003CvqPMAS,RV-1905,288642.03
a0VRg000003Cw8CMAS,RV-1906,2194499
a0VRg000003DrrEMAS,RV-1910,201312
a0VRg000003DsLpMAK,RV-1907,29402.76
a0VRg000003DsVVMA0,RV-1908,85400
a0VRg000003DsqTMAS,RV-1909,25347.78
a0VRg000003DtPxMAK,RV-1911,143820
a0VRg000003DvhtMAC,RV-1912,59977.5
a0VRg000003E086MAC,RV-1913,46026.24
a0VRg000003E1SMMA0,RV-1914,107190.6
a0VRg000003E3kHMAS,RV-1915,145400
a0VRg000003E3ltMAC,RV-1916,145400
a0VRg000003GQ1gMAG,RV-1918,92391
a0VRg000003GQMfMAO,RV-1917,46799.26
a0VRg000003GUwTMAW,RV-1919,27360
a0VRg000003GV4XMAW,RV-1920,25853.38
a0VRg000003GVZBMA4,RV-1921,84332
a0VRg000003GVnhMAG,RV-1922,99677
a0VRg000003GbczMAC,RV-1923,89016
a0VRg000003Gbl3MAC,RV-1924,220179
a0VRg000003GbwLMAS,RV-1925,173538
a0VRg000003HV7JMAW,RV-1926,29802
a0VRg000003HVAaMAO,RV-1928,99234
a0VRg000003HVFNMA4,RV-1927,50500
a0VRg000003Hai5MAC,RV-1929,37000
a0VRg000003HcGrMAK,RV-1930,38714
a0VRg000003IQVQMA4,RV-1931,49505
a0VRg000003IT3RMAW,RV-1932,261166.12
a0VRg000003IWNwMAO,RV-1935,34375.22
a0VRg000003IXYTMA4,RV-1933,87500
a0VRg000003IXlNMAW,RV-1934,33910
a0VRg000003Ic6nMAC,RV-1936,37000
a0VRg000003Id2qMAC,RV-1937,37000
a0VRg000003Jf49MAC,RV-1938,31000
a0VRg000003JhkKMAS,RV-1942,37000
a0VRg000003Ji0UMAS,RV-1941,41305.16
a0VRg000003JmNNMA0,RV-1939,34336.92
a0VRg000003JmX3MAK,RV-1940,517944.5
a0VRg000003KoJtMAK,RV-1943,3250
a0VRg000003MylTMAS,RV-1945,87500
a0VRg000003N0f8MAC,RV-1948,3213.48
a0VRg000003N2nNMAS,RV-1944,200327
a0VRg000003N33nMAC,RV-1947,36425.28
a0VRg000003N3Q5MAK,RV-1946,29129.28
a0VRg000003N53hMAC,RV-1949,3250
a0VRg000003N9iPMAS,RV-1950,50000
a0VRg000003N9vJMAS,RV-1951,50000
a0VRg000003NA4zMAG,RV-1952,36700
a0VRg000003O2wbMAC,RV-1953,118900
a0VRg000003O4IWMA0,RV-1954,37000
a0VRg000003P6OfMAK,RV-1955,3250
a0VRg000003P6bZMAS,RV-1956,3250
a0VRg000003P7pNMAS,RV-1957,35522.87
a0VRg000003P8tYMAS,RV-1958,36425.28
a0VRg000003P9MXMA0,RV-1959,796290
a0VRg000003PA0rMAG,RV-1960,87500
a0VRg000003PAiPMAW,RV-1961,53000
a0VRg000003PBMjMAO,RV-1962,36880
a0VRg000003PIcqMAG,RV-1963,3250
a0VRg000003PLM5MAO,RV-1964,3250
a0VRg000003PLQvMAO,RV-1965,3250
a0VRg000003PLXNMA4,RV-1966,3250
a0VRg000003PLsLMAW,RV-1967,32874
a0VRg000003PNNtMAO,RV-1968,200000
a0VRg000003QAA8MAO,RV-1970,37123.72
a0VRg000003QCgXMAW,RV-1969,6900.4
a0VRg000003QDuOMAW,RV-1974,69123.94
a0VRg000003QEC5MAO,RV-1971,3220
a0VRg000003QK2zMAG,RV-1972,101876
a0VRg000003QKRBMA4,RV-1973,210725.8
a0VRg000003QOszMAG,RV-1975,3210
a0VRg000003QP5tMAG,RV-1976,1890
a0VRg000003RGa2MAG,RV-1979,68830
a0VRg000003RIyPMAW,RV-1977,12240
a0VRg000003RJphMAG,RV-1981,13060
a0VRg000003RKQjMAO,RV-1978,1201.13
a0VRg000003RLmbMAG,RV-1980,32550
a0VRg000003RMvZMAW,RV-1982,108911
a0VRg000003ROKfMAO,RV-1983,66948
a0VRg000003ROhFMAW,RV-1984,50000
a0VRg000003RX9RMAW,RV-1985,3250
a0VRg000003RXcTMAW,RV-1986,165900
a0VRg000003RZeHMAW,RV-1987,36970
a0VRg000003Ra2TMAS,RV-1988,3250
a0VRg000003Ra8yMAC,RV-1989,3250
a0VRg000003SN9gMAG,RV-1994,3250
a0VRg000003SOqTMAW,RV-1990,3250
a0VRg000003SOyXMAW,RV-1991,3250
a0VRg000003SP8DMAW,RV-1992,3250
a0VRg000003SPHtMAO,RV-1993,37000
a0VRg000003SPLAMA4,RV-2000,28972
a0VRg000003SPRZMA4,RV-1995,180500
a0VRg000003SPzRMAW,RV-1996,29802.46
a0VRg000003SQ4HMAW,RV-1997,399202.44
a0VRg000003SQAjMAO,RV-1998,31051
a0VRg000003SQDxMAO,RV-1999,29115.9
a0VRg000003SQInMAO,RV-2001,29335
a0VRg000003TjPsMAK,RV-2002,37000
a0VRg000003TkiTMAS,RV-2003,155900
a0VRg000003TmNhMAK,RV-2004,32550
a0VRg000003TrlZMAS,RV-2005,3250
a0VRg000003TrtdMAC,RV-2006,50000
a0VRg000003TsphMAC,RV-2008,37000
a0VRg000003Ui0HMAS,RV-2009,3185.42
a0VRg000003UiDEMA0,RV-2010,509970
a0VRg000003UjpBMAS,RV-2011,86112.5
a0VRg000003UlZGMA0,RV-2013,7778.9
a0VRg000003UmNFMA0,RV-2012,210000
a0VRg000003VlnJMAS,RV-2014,3250
a0VRg000003Vm58MAC,RV-2015,28186.56
a0VRg000003VmQ1MAK,RV-2016,30421.1
a0VRg000003VmbJMAS,RV-2017,40309
a0VRg000003VmjNMAS,RV-2018,27900.22
a0VRg000003Vmt3MAC,RV-2019,27734
a0VRg000003VmxtMAC,RV-2020,27982
a0VRg000003VnXNMA0,RV-2021,37000
a0VRg000003WqhkMAC,RV-2024,233600
a0VRg000003WqrQMAS,RV-2022,37150
a0VRg000003WrFcMAK,RV-2027,192465
a0VRg000003WsRlMAK,RV-2023,55000
a0VRg000003WsbRMAS,RV-2025,3250
a0VRg000003WshtMAC,RV-2026,31093
a0VRg000003Wtm1MAC,RV-2028,123890
a0VRg000003WujhMAC,RV-2029,784380.85
a0VRg000003WuyDMAS,RV-2030,60195.88
a0VRg000003XtaKMAS,RV-2036,37000
a0VRg000003XuEbMAK,RV-2031,162200
a0VRg000003XuGDMA0,RV-2032,3250
a0VRg000003XukrMAC,RV-2033,3250
a0VRg000003Xv4EMAS,RV-2035,113000
a0VRg000003XvCHMA0,RV-2034,50000
a0VRg000003Y50RMAS,RV-2039,145792.28
a0VRg000003Y6e0MAC,RV-2041,62814.28
a0VRg000003Y7LVMA0,RV-2037,54550
a0VRg000003Y7RxMAK,RV-2038,44987
a0VRg000003Y7dFMAS,RV-2040,44987
a0VRg000003Y7i5MAC,RV-2042,39726.32
a0VRg000003Y7oXMAS,RV-2043,41384.28
a0VRg000003Y7wbMAC,RV-2044,112677
a0VRg000003Y9WzMAK,RV-2045,84726
a0VRg000003Y9vEMAS,RV-2046,60253.92
a0VRg000003Z5ESMA0,RV-2048,40940.32
a0VRg000003Z5r7MAC,RV-2047,57775.8
a0VRg000003Z6f7MAC,RV-2049,48023.12
a0VRg000003Z6jxMAC,RV-2050,31182.8
a0VRg000003aE9HMAU,RV-2053,47994.98
a0VRg000003aJVUMA2,RV-2057,20650
a0VRg000003aLHAMA2,RV-2051,80000
a0VRg000003aM5DMAU,RV-2061,3250
a0VRg000003aMpuMAE,RV-2055,105834
a0VRg000003aN9LMAU,RV-2058,395855.28
a0VRg000003aNQzMAM,RV-2052,1047630
a0VRg000003aOEzMAM,RV-2054,70866
a0VRg000003aPuDMAU,RV-2056,37000
a0VRg000003aQlUMAU,RV-2059,479086.17
a0VRg000003aTHtMAM,RV-2060,3250
a0VRg000003aTbFMAU,RV-2062,50000
a0VRg000003aTg5MAE,RV-2063,29402.76
a0VRg000003bT4aMAE,RV-2064,72810
a0VRg000003bV37MAE,RV-2065,99590.13
a0VRg000003bWtgMAE,RV-2066,102397.5
a0VRg000003bhgzMAA,RV-2068,99167.8
a0VRg000003cSUeMAM,RV-2070,346316
a0VRg000003cTnIMAU,RV-2072,29060
a0VRg000003cVCLMA2,RV-2069,44703.08
a0VRg000003cVyjMAE,RV-2071,44728
a0VRg000003cWWbMAM,RV-2073,39970
a0VRg000003deboMAA,RV-2074,29235.07
a0VRg000003dgNUMAY,RV-2075,107448.7
a0VRg000003dhEfMAI,RV-2076,67765.4
a0VRg000003efM5MAI,RV-2077,66462
a0VRg000003efNkMAI,RV-2081,338184.8
a0VRg000003efQvMAI,RV-2078,12530
a0VRg000003efXNMAY,RV-2079,29987
a0VRg000003efcGMAQ,RV-2082,37000
a0VRg000003efh3MAA,RV-2080,91308.02
a0VRg000003fm29MAA,RV-2083,50000
a0VRg000003fn1RMAQ,RV-2084,283600
a0VRg000003fnMPMAY,RV-2085,31000
a0VRg000003h7J6MAI,RV-2087,26835
a0VRg000003h8bkMAA,RV-2086,64856.62
a0VRg000003h9SyMAI,RV-2094,3250
a0VRg000003hAiLMAU,RV-2089,34375.22
a0VRg000003hAyTMAU,RV-2090,66858.34
a0VRg000003hBEbMAM,RV-2091,106675.8
a0VRg000003hBkrMAE,RV-2092,44000
a0VRg000003hD0HMAU,RV-2093,107150
a0VRg000003i8BRMAY,RV-2095,55000
a0VRg000003i9U5MAI,RV-2096,46393.12
a0VRg000003i9kDMAQ,RV-2097,36934.19
a0VRg000003iA5BMAU,RV-2098,2489000
a0VRg000003iAWbMAM,RV-2099,35195.2
a0VRg000003iAtBMAU,RV-2100,92548.2
a0VRg000003iB65MAE,RV-2101,85831
a0VRg000003iBELMA2,RV-2103,399202.44
a0VRg000003iBdxMAE,RV-2102,92150
a0VRg000003iD1RMAU,RV-2104,27651
a0VRg000003iDB7MAM,RV-2105,29652.58
a0VRg000003iDHZMA2,RV-2106,29652.38
a0VRg000003iIifMAE,RV-2107,3250
a0VRg000003jC3NMAU,RV-2111,34336.92
a0VRg000003jD2bMAE,RV-2108,3150
a0VRg000003jDPBMA2,RV-2109,99145.2
a0VRg000003jDfJMAU,RV-2110,92391
a0VRg000003jDloMAE,RV-2112,133736.28
a0VRg000003jFFhMAM,RV-2113,133736.28
a0VRg000003jFKXMA2,RV-2114,133736.28
a0VRg000003jFPNMA2,RV-2115,133736.28
a0VRg000003jFqnMAE,RV-2116,25000
a0VRg000003jK7LMAU,RV-2117,17400
a0VRg000003jWJlMAM,RV-2118,18500
a0VRg000003kLJ3MAM,RV-2119,202848.2
a0VRg000003kMDVMA2,RV-2120,200000
a0VRg000003kVlRMAU,RV-2121,99321
a0VRg000003kaoLMAQ,RV-2122,23500
a0VRg000003kkULMAY,RV-2123,40250
a0VRg000003lOzdMAE,RV-2124,85754.1
a0VRg000003lPVtMAM,RV-2125,22744.6
a0VRg000003lQIHMA2,RV-2126,27635
a0VRg000003lQtNMAU,RV-2127,31465
a0VRg000003lS2LMAU,RV-2128,46824
a0VRg000003lapVMAQ,RV-2129,55000
a0VRg000003laxZMAQ,RV-2130,55000
a0VRg000003lb41MAA,RV-2131,45000
a0VRg000003lfArMAI,RV-2132,55000
a0VRg000003mZGKMA2,RV-2133,61924.31
a0VRg000003maFZMAY,RV-2134,42693.4
a0VRg000003malpMAA,RV-2135,36990
a0VRg000003map3MAA,RV-2136,109200
a0VRg000003mby1MAA,RV-2137,102969.2
a0VRg000003nsITMAY,RV-2138,107190.6
a0VRg000003nsrxMAA,RV-2139,111301.5
a0VRg000003nv1pMAA,RV-2140,504588
a0VRg000003nzlNMAQ,RV-2141,27360
a0VRg000003o12PMAQ,RV-2142,17510.62
a0VRg000003o3c5MAA,RV-2143,30000
a0VRg000003oqTAMAY,RV-2144,135700.44
a0VRg000003orPEMAY,RV-2147,90857.5
a0VRg000003ot1BMAQ,RV-2145,33873
a0VRg000003ot9FMAQ,RV-2146,33873
a0VRg000003oujdMAA,RV-2148,95359.5
a0VRg000003oyNRMAY,RV-2149,150000
a0VRg000003pBXcMAM,RV-2150,55000
a0VRg000003q3JRMAY,RV-2151,48319
a0VRg000003q3o5MAA,RV-2152,225962
a0VRg000003q5c1MAA,RV-2153,150000
a0VRg000003q6ArMAI,RV-2154,41258.3
a0VRg000003q6VpMAI,RV-2155,32875
a0VRg000003q75JMAQ,RV-2156,29802
a0VRg000003qJknMAE,RV-2157,201539.2
a0VRg000003rD8iMAE,RV-2158,3250
a0VRg000003rDf6MAE,RV-2167,130200
a0VRg000003rDrsMAE,RV-2163,27360
a0VRg000003rDztMAE,RV-2159,87369.6
a0VRg000003rERMMA2,RV-2162,105062.4
a0VRg000003rEW9MAM,RV-2160,60000
a0VRg000003rEr7MAE,RV-2161,28660
a0VRg000003rI0HMAU,RV-2164,29652.58
a0VRg000003rIMrMAM,RV-2165,21700
a0VRg000003rIxxMAE,RV-2166,40190
a0VRg000003rMqHMAU,RV-2168,37000
a0VRg000003sH3sMAE,RV-2170,30456
a0VRg000003sJ7BMAU,RV-2169,967806
a0VRg000003sLLtMAM,RV-2171,8188.32
a0VRg000003sQVGMA2,RV-2173,4450
a0VRg000003sSbtMAE,RV-2172,287250
a0VRg000003sX25MAE,RV-2174,24066400
a0VRg000003sXq5MAE,RV-2175,37000
a0VRg000003tLdCMAU,RV-2177,22987
a0VRg000003tNVMMA2,RV-2178,68000
a0VRg000003tNezMAE,RV-2176,6457.84
a0VRg000003tSeiMAE,RV-2181,31465
a0VRg000003tT1FMAU,RV-2179,83154.01
a0VRg000003tTHNMA2,RV-2180,478525
a0VRg000003tTxJMAU,RV-2182,46824
a0VRg000003tU8bMAE,RV-2183,66948
a0VRg000003tUweMAE,RV-2184,45350
a0VRg000003tVHZMA2,RV-2185,3250
a0VRg000003um9uMAA,RV-2187,28950
a0VRg000003unKTMAY,RV-2186,452865
a0VRg000003uourMAA,RV-2188,62091
a0VRg000003usVRMAY,RV-2189,37000
a0VRg000003usYfMAI,RV-2190,37000
a0VRg000003voeHMAQ,RV-2191,135860
a0VRg000003vpAXMAY,RV-2192,113274
a0VRg000003vqUnMAI,RV-2193,48459.6
a0VRg000003vrNdMAI,RV-2194,69133.94
a0VRg000003vraXMAQ,RV-2195,29115.9
a0VRg000003vrp3MAA,RV-2196,31051
a0VRg000003w0FdMAI,RV-2197,6313
a0VRg000003ws4jMAA,RV-2198,43070
a0VRg000003wsKrMAI,RV-2199,29802.46
a0VRg000003wseDMAQ,RV-2200,44728
a0VRg000003wtDhMAI,RV-2201,60800
a0VRg000003y2urMAA,RV-2202,217464
a0VRg000003y32wMAA,RV-2205,28972
a0VRg000003y34XMAQ,RV-2203,46643
a0VRg000003y3ZBMAY,RV-2204,103026
a0VRg000003y6nBMAQ,RV-2206,427795.32
a0VRg000003yD8jMAE,RV-2207,37000
a0VRg000003yGzUMAU,RV-2208,37000
a0VRg000003z7kPMAQ,RV-2209,103127.5
a0VRg000003z8IHMAY,RV-2210,27859.78
a0VRg000003zAnAMAU,RV-2211,100000
a0VRg0000040BpBMAU,RV-2212,101876
a0VRg0000040CjdMAE,RV-2213,151789
a0VRg0000040DMLMA2,RV-2214,100000
a0VRg0000041agjMAA,RV-2217,6313
a0VRg0000041awnMAA,RV-2215,40785.54
a0VRg0000041bODMAY,RV-2216,30421
a0VRg0000041cXEMAY,RV-2218,12185
a0VRg0000041k05MAA,RV-2220,37000
a0VRg0000041k6XMAQ,RV-2221,37000
a0VRg0000041kT7MAI,RV-2222,54000
a0VRg0000042WhUMAU,RV-2223,44307.68
a0VRg0000042aOTMAY,RV-2224,18500
a0VRg0000042cjdMAA,RV-2225,150000
a0VRg0000042dCiMAI,RV-2227,46861.4
a0VRg0000042dKjMAI,RV-2226,179460
a0VRg0000042g0xMAA,RV-2229,92000
a0VRg0000042pSLMAY,RV-2228,131200
a0VRg0000042qEjMAI,RV-2230,184550
a0VRg0000042qufMAA,RV-2231,260950
a0VRg0000042r9BMAQ,RV-2232,30159.02
a0VRg0000042rp7MAA,RV-2233,28186.56
a0VRg0000042sy5MAA,RV-2234,67510.62
a0VRg0000042tAzMAI,RV-2235,225752.2
a0VRg0000043gQDMAY,RV-2236,29235.07
a0VRg0000043ghxMAA,RV-2237,56140
a0VRg0000043hcSMAQ,RV-2239,19918
a0VRg0000043hnhMAA,RV-2238,179344.5
a0VRg0000044asDMAQ,RV-2240,103655
a0VRg0000044bA0MAI,RV-2241,40754.3
a0VRg0000044bY9MAI,RV-2242,436800
a0VRg0000044eB6MAI,RV-2243,110936
a0VRg0000044k6nMAA,RV-2244,247728
a0VRg0000044kZpMAI,RV-2245,111928
a0VRg0000044l9MMAQ,RV-2246,37000
a0VRg0000044lsTMAQ,RV-2247,30456.16
a0VRg0000044lyvMAA,RV-2248,30
a0VRg0000044mzpMAA,RV-2249,35456.24
a0VRg0000045Z7hMAE,RV-2250,22350
a0VRg0000045ZFoMAM,RV-2252,443000
a0VRg0000045ZpFMAU,RV-2251,25270
a0VRg0000045aADMAY,RV-2253,516000
a0VRg0000045bO1MAI,RV-2254,83970
a0VRg0000046DptMAE,RV-2255,85000
a0VRg0000046E1EMAU,RV-2258,29060
a0VRg0000046E4PMAU,RV-2256,93141.6
a0VRg0000046ENlMAM,RV-2257,31093
a0VRg0000046FYLMA2,RV-2259,97910.78
a0VRg0000046H0jMAE,RV-2262,29402.76
a0VRg0000046HdNMAU,RV-2260,103470
a0VRg0000046HqHMAU,RV-2261,29987
a0VRg0000046KeUMAU,RV-2263,135170
a0VRg0000049dB7MAI,RV-2264,27900.22
a0VRg0000049dRFMAY,RV-2265,3250
a0VRg0000049dcXMAQ,RV-2266,43800
a0VRg0000049eGrMAI,RV-2267,87667
a0VRg0000049fb7MAA,RV-2268,49521.55
a0VRg0000049hLBMAY,RV-2269,51850
a0VRg0000049i4LMAQ,RV-2270,133100
a0VRg000004AqsfMAC,RV-2271,28316.32
a0VRg000004BmJxMAK,RV-2272,194569.86
a0VRg000004Cq0XMAS,RV-2273,98858.5
a0VRg000004CqLVMA0,RV-2274,29262
a0VRg000004Cw2jMAC,RV-2275,29802
a0VRg000004EJuvMAG,RV-2276,3030
a0VRg000004EKFtMAO,RV-2277,92200
a0VRg000004EO6bMAG,RV-2278,162900
a0VRg000004FBKDMA4,RV-2279,342603.8
a0VRg000004FD5tMAG,RV-2280,27360
a0VRg000004FDSTMA4,RV-2281,28972
a0VRg000004FSUjMAO,RV-2282,37000
a0VRg000004GBbVMAW,RV-2283,82953.6
a0VRg000004GBrdMAG,RV-2284,45673.2
a0VRg000004GKtLMAW,RV-2285,2066006
a0VRg000004HFjYMAW,RV-2286,26265.6
a0VRg000004HNiiMAG,RV-2287,691140
a0VRg000004HT89MAG,RV-2288,3001.86
a0VRg000004HTPtMAO,RV-2289,101131.8
a0VRg000004HUqbMAG,RV-2290,92020
a0VRg000004HVJdMAO,RV-2291,89907.8
a0VRg000004HVujMAG,RV-2292,65349.3
a0VRg000004IHg7MAG,RV-2293,92124.65
a0VRg000004IPfBMAW,RV-2294,30159.02
a0VRg000004IPs5MAG,RV-2295,28660
a0VRg000004IQOLMA4,RV-2296,45673.2
a0VRg000004JBvAMAW,RV-2298,74430
a0VRg000004JCJJMA4,RV-2297,37000
a0VRg000004JCj7MAG,RV-2299,178200
a0VRg000004JD2TMAW,RV-2300,177820
a0VRg000004JDC9MAO,RV-2301,45673.2
a0VRg000004JFx7MAG,RV-2302,34899
a0VRg000004JH1FMAW,RV-2303,256145.1
a0VRg000004JJB7MAO,RV-2304,37000
a0VRg000004KSHBMA4,RV-2305,218590.85
a0VRg000004KUZ7MAO,RV-2306,174150
a0VRg000004KWsfMAG,RV-2307,31311.3
a0VRg000004LPxBMAW,RV-2308,32874
a0VRg000004MONxMAO,RV-2309,1038075
a0VRg000004MQ9dMAG,RV-2310,45673.2
a0VRg000004MQWDMA4,RV-2311,46824
a0VRg000004MQrBMAW,RV-2312,31465
a0VRg000004MRSHMA4,RV-2313,29652.58
a0VRg000004MSbFMAW,RV-2314,45169
a0VRg000004NW05MAG,RV-2315,35000
a0VRg000004NW9lMAG,RV-2316,184260
a0VRg000004NWMfMAO,RV-2317,29115.9
a0VRg000004NWXxMAO,RV-2318,62000
a0VRg000004OWSfMAO,RV-2319,105081.2
a0VRg000004PZ3VMAW,RV-2320,27651
a0VRg000004PZRhMAO,RV-2321,27000
a0VRg000004QvI5MAK,RV-2322,146102
a0VRg000004QziHMAS,RV-2323,146102
a0VRg000004R1CDMA0,RV-2324,20000
a0VRg000004R39BMAS,RV-2325,70000
a0VRg000004R3dpMAC,RV-2326,434000
a0VRg000004R45FMAS,RV-2327,29100
a0VRg000004RluzMAC,RV-2328,45790
a0VRg000004RmFxMAK,RV-2329,50000
a0VRg000004RmSrMAK,RV-2330,22186.56
a0VRg000004Sn57MAC,RV-2331,81400
a0VRg000004SqJ7MAK,RV-2332,91750
a0VRg000004Ssw1MAC,RV-2333,106600
a0VRg000004St7JMAS,RV-2334,17595
a0VRg000004StNRMA0,RV-2335,585398
a0VRg000004StwvMAC,RV-2336,74784
a0VRg000004SucrMAC,RV-2337,99090
a0VRg000004SvHBMA0,RV-2338,27900.22
a0VRg000004SwBdMAK,RV-2339,29335
a0VRg000004TU24MAG,RV-2340,29402.76
a0VRg000004TUejMAG,RV-2341,107448.7
a0VRg000004TVZBMA4,RV-2342,91279.3
a0VRg000004UBN7MAO,RV-2343,17786.99
a0VRg000004UzWnMAK,RV-2344,17510.62
a0VRg000004WG0vMAG,RV-2345,3250
a0VRg000004WJjcMAG,RV-2348,27982.32
a0VRg000004WKSjMAO,RV-2346,3242.76
a0VRg000004WKvlMAG,RV-2347,27733.68
a0VRg000004X7YHMA0,RV-2349,82897.16
a0VRg000004X8nhMAC,RV-2350,210725.8
a0VRg000004XA7xMAG,RV-2351,100000
a0VRg000004XBiLMAW,RV-2352,20000
a0VRg000004XCGDMA4,RV-2353,120039.58
a0VRg000004XFSbMAO,RV-2354,31093
a0VRg000004XFZ3MAO,RV-2355,32550
a0VRg000004XFfVMAW,RV-2356,34415
a0VRg000004XGGbMAO,RV-2357,37000
a0VRg000004XGi1MAG,RV-2358,270500
a0VRg000004XHZFMA4,RV-2359,1186250
a0VRg000004XHfhMAG,RV-2360,1186250
a0VRg000004XvYNMA0,RV-2361,40000
a0VRg000004XxAKMA0,RV-2362,91658
a0VRg000004Xz2PMAS,RV-2363,97700
a0VRg000004Xz5gMAC,RV-2365,30456.16
a0VRg000004XzGvMAK,RV-2364,29060
a0VRg000004Xzs1MAC,RV-2366,140770
a0VRg000004Y0T7MAK,RV-2367,11541.12
a0VRg000004ZccnMAC,RV-2368,1244
a0VRg000004Zd5pMAC,RV-2369,32428.31
a0VRg000004ZdH7MAK,RV-2370,28972.48
a0VRg000004ZdvRMAS,RV-2371,153600
a0VRg000004ZhhJMAS,RV-2372,18250
a0VRg000004aT2oMAE,RV-2374,150100
a0VRg000004aUwXMAU,RV-2373,554316
a0VRg000004aY5hMAE,RV-2375,139700
a0VRg000004bBNEMA2,RV-2376,576000
a0VRg000004blldMAA,RV-2377,99321
a0VRg000004boA1MAI,RV-2378,190470
a0VRg000004bpUIMAY,RV-2381,50000
a0VRg000004bsGuMAI,RV-2380,105000
a0VRg000004bslVMAQ,RV-2379,37000
a0VRg000004btJNMAY,RV-2382,900
a0VRg000004bu2XMAQ,RV-2383,37000
a0VRg000004bx8WMAQ,RV-2384,50000
a0VRg000004bxRpMAI,RV-2385,50000
a0VRg000004bxWfMAI,RV-2386,57540
a0VRg000004ch1dMAA,RV-2387,1263000
a0VRg000004ch9hMAA,RV-2388,95000
a0VRg000004chZVMAY,RV-2389,29262
a0VRg000004chzJMAQ,RV-2390,21898
a0VRg000004ci8zMAA,RV-2391,48975.26
a0VRg000004ciLtMAI,RV-2392,206787
a0VRg000004dcW9MAI,RV-2393,3250
a0VRg000004ddX3MAI,RV-2394,140070
a0VRg000004ddnBMAQ,RV-2395,30400
a0VRg000004de89MAA,RV-2396,57091.2
a0VRg000004dfKLMAY,RV-2397,27859.78
a0VRg000004dgRhMAI,RV-2398,135860
a0VRg000004dhPNMAY,RV-2399,915730
a0VRg000004diQHMAY,RV-2400,136169
a0VRg000004drtNMAQ,RV-2401,29802
a0VRg000004ec7YMAQ,RV-2402,3250
a0VRg000004edzdMAA,RV-2403,40749.22
a0VRg000004eeE9MAI,RV-2404,26835
a0VRg000004eeEAMAY,RV-2406,88713.9
a0VRg000004eendMAA,RV-2405,47207.24
a0VRg000004efDRMAY,RV-2407,47207.24
a0VRg000004eferMAA,RV-2408,176479.5
a0VRg000004ehbpMAA,RV-2409,24500
a0VRg000004ehgfMAA,RV-2410,43500
a0VRg000004fcTeMAI,RV-2416,30159.02
a0VRg000004fdSvMAI,RV-2411,240000
a0VRg000004fe2PMAQ,RV-2412,17000
a0VRg000004feX3MAI,RV-2413,4334500
a0VRg000004fes1MAA,RV-2414,26835
a0VRg000004feyTMAQ,RV-2415,26835
a0VRg000004goe1MAA,RV-2417,10000
a0VRg000004gonhMAA,RV-2418,11000
a0VRg000004gp5RMAQ,RV-2419,150000
a0VRg000004gqHdMAI,RV-2420,114640
a0VRg000004i0y8MAA,RV-2422,112320
a0VRg000004i1CbMAI,RV-2421,47480
a0VRg000004i1qvMAA,RV-2423,161000
a0VRg000004i1u9MAA,RV-2424,161000
a0VRg000004i3MTMAY,RV-2425,50000
a0VRg000004iAHVMA2,RV-2426,38998.9
a0VRg000004iBDZMA2,RV-2427,275200
a0VRg000004iCsqMAE,RV-2428,194800
a0VRg000004iwncMAA,RV-2432,45675
a0VRg000004ixDQMAY,RV-2429,1962736
a0VRg000004izThMAI,RV-2430,21676.51
a0VRg000004j0JJMAY,RV-2431,15400
a0VRg000004j28DMAQ,RV-2433,43811.76
a0VRg000004j2OLMAY,RV-2434,106675.8
a0VRg000004j2xpMAA,RV-2435,72760
a0VRg000004j8K5MAI,RV-2436,14261
a0VRg000004j8VNMAY,RV-2437,495000
a0VRg000004jAk5MAE,RV-2438,23182.8
a0VRg000004jyvNMAQ,RV-2439,182857
a0VRg000004jzxtMAA,RV-2440,13680
a0VRg000004k0VoMAI,RV-2441,12935
a0VRg000004k0txMAA,RV-2442,132000
a0VRg000004k4PhMAI,RV-2443,2039400
a0VRg000004k4ZNMAY,RV-2444,1045925
a0VRg000004kC5XMAU,RV-2445,75734.29
a0VRg000004l4c9MAA,RV-2446,2037910
a0VRg000004l5GTMAY,RV-2447,193557
a0VRg000004l5oLMAQ,RV-2448,27950
a0VRg000004l6Z7MAI,RV-2449,103882.7
a0VRg000004l76zMAA,RV-2450,179051.57
a0VRg000004l87tMAA,RV-2451,110100
a0VRg000004l8PdMAI,RV-2452,237600
a0VRg000004l8XhMAI,RV-2453,134000
a0VRg000004l8flMAA,RV-2454,131400
a0VRg000004l8uHMAQ,RV-2455,265200
a0VRg000004lF7lMAE,RV-2456,35000
a0VRg000004lGi9MAE,RV-2457,124301.52
a0VRg000004lGtRMAU,RV-2458,66175.71
a0VRg000004lJMfMAM,RV-2459,259070
a0VRg000004m37lMAA,RV-2460,41007.05
a0VRg000004n0PcMAI,RV-2462,38203.79
a0VRg000004n0cTMAQ,RV-2461,4475500
a0VRg000004n13tMAA,RV-2463,53268.72
a0VRg000004oBArMAM,RV-2464,43240
a0VRg000004oqXTMAY,RV-2465,150000
a0VRg000004ountMAA,RV-2466,36800
a0VRg000004owHsMAI,RV-2469,92200
a0VRg000004owUjMAI,RV-2467,270312
a0VRg000004owrJMAQ,RV-2468,124744
a0VRg000004p0tNMAQ,RV-2475,106600
a0VRg000004p1qzMAA,RV-2470,92394.13
a0VRg000004p1uDMAQ,RV-2471,410970.11
a0VRg000004p1xRMAQ,RV-2472,205485.05
a0VRg000004p20fMAA,RV-2473,1361726.14
a0VRg000004p2LdMAI,RV-2474,81770
a0VRg000004p33CMAQ,RV-2476,47282
a0VRg000004pksvMAA,RV-2477,380627
a0VRg000004pliaMAA,RV-2478,84992.8
a0VRg000004pmujMAA,RV-2479,95979
a0VRg000004po6vMAA,RV-2480,152105
a0VRg000004ppJ7MAI,RV-2481,62090
a0VRg000004pyz7MAA,RV-2482,261000
a0VRg000004q1P7MAI,RV-2483,55000
a0VRg000004q317MAA,RV-2484,17000
a0VRg000004qkdxMAA,RV-2485,86950
a0VRg000004qlYPMAY,RV-2486,133736.28
a0VRg000004qma4MAA,RV-2487,102970
a0VRg000004qvsjMAA,RV-2488,100000
a0VRg000004rchZMAQ,RV-2489,58881.7
a0VRg000004rdXBMAY,RV-2490,70230
a0VRg000004rkTsMAI,RV-2491,179344.5
a0VRg000004rmllMAA,RV-2492,130900
a0VRg000004rmnQMAQ,RV-2493,12982921
a0VRg000004sZePMAU,RV-2494,14701.38
a0VRg000004sc4PMAQ,RV-2495,45675
a0VRg000004sc9FMAQ,RV-2496,43648.32
a0VRg000004sez3MAA,RV-2497,531863.81
a0VRg000004sfYXMAY,RV-2498,113026
a0VRg000004tnXFMAY,RV-2499,33352
a0VRg000004toBZMAY,RV-2500,307638.5
a0VRg000004tqjdMAA,RV-2501,86591.4
a0VRg000004tx0LMAQ,RV-2502,7300
a0VRg000004ufvsMAA,RV-2503,84316.22
a0VRg000004uhrEMAQ,RV-2506,210050.8
a0VRg000004ui45MAA,RV-2504,3517.24
a0VRg000004ukSTMAY,RV-2505,105669.3
a0VRg000004unADMAY,RV-2508,147100
a0VRg000004uqKzMAI,RV-2509,85000
a0VRg000004vn05MAA,RV-2510,35785
a0VRg000004vnTAMAY,RV-2515,88695.8
a0VRg000004vox3MAA,RV-2511,82032.58
a0VRg000004vpOTMAY,RV-2512,102470
a0VRg000004vprVMAQ,RV-2513,89557
a0VRg000004vqSbMAI,RV-2514,88448
a0VRg000004vrBlMAI,RV-2516,87597.2
a0VRg000004w3T3MAI,RV-2517,80256
a0VRg000004w47NMAQ,RV-2518,111301.5
a0VRg000004w4IfMAI,RV-2519,60000
a0VRg000004w4XBMAY,RV-2520,93141.6
a0VRg000004w4iTMAQ,RV-2521,82610
a0VRg000004w4wzMAA,RV-2522,100000
a0VRg000004w6nVMAQ,RV-2523,71570
a0VRg000004w7gLMAQ,RV-2524,136900
a0VRg000004wsFRMAY,RV-2525,98858.5
a0VRg000004wsybMAA,RV-2526,60100
a0VRg000004wuifMAA,RV-2527,102044.8
a0VRg000004wvDJMAY,RV-2528,346316
a0VRg000004wwFpMAI,RV-2529,48950
a0VRg000004wwULMAY,RV-2530,32428.31
a0VRg000004xm4kMAA,RV-2532,82904.13
a0VRg000004xnNQMAY,RV-2533,69238.73
a0VRg000004xnjxMAA,RV-2531,85797
a0VRg000004xvmLMAQ,RV-2534,217464
a0VRg000004xxD3MAI,RV-2535,42259
a0VRg000004yl9pMAA,RV-2536,40920
a0VRg000004ylMjMAI,RV-2537,106150
a0VRg000004ylZdMAI,RV-2538,102970
a0VRg000004ym4KMAQ,RV-2540,103098
a0VRg000004ym5tMAA,RV-2539,102670
a0VRg000004yt49MAA,RV-2541,121700
a0VRg00000502roMAA,RV-2542,27634.68
a0VRg000005053IMAQ,RV-2543,24500
a0VRg00000505srMAA,RV-2544,209920
a0VRg000005062XMAQ,RV-2545,3000
a0VRg000005079tMAA,RV-2546,105000
a0VRg0000050ARAMA2,RV-2548,55000
a0VRg0000050AqvMAE,RV-2547,114320
a0VRg00000512JRMAY,RV-2549,80940
a0VRg000005135pMAA,RV-2550,21063.3
a0VRg00000513IjMAI,RV-2551,26835
a0VRg00000514UvMAI,RV-2552,32035.3
a0VRg00000518n4MAA,RV-2555,95360
a0VRg00000518qHMAQ,RV-2553,167700
a0VRg000005199dMAA,RV-2554,99234
a0VRg0000051ADlMAM,RV-2556,6694.08
a0VRg0000051ANRMA2,RV-2557,157165.4
a0VRg0000051DLMMA2,RV-2558,3397160
a0VRg0000051zHtMAI,RV-2559,111301.5
a0VRg00000520VhMAI,RV-2560,150000
a0VRg000005216nMAA,RV-2561,84535.06
a0VRg00000523IHMAY,RV-2562,42657.3
a0VRg0000053C9pMAE,RV-2563,200000
a0VRg0000053EYGMA2,RV-2564,100000
a0VRg0000053FR3MAM,RV-2565,100000
a0VRg0000053GWnMAM,RV-2566,8784
a0VRg0000053HSrMAM,RV-2567,223600
a0VRg0000053IVQMA2,RV-2569,18300
a0VRg0000053Lg9MAE,RV-2570,17828.88
a0VRg0000053MKTMA2,RV-2571,350000
a0VRg00000546wnMAA,RV-2572,50000
a0VRg000005476TMAQ,RV-2573,307586
a0VRg00000547EaMAI,RV-2574,342603.8
a0VRg00000547srMAA,RV-2575,29262
a0VRg00000548FRMAY,RV-2576,202531.86
a0VRg0000054HPDMA2,RV-2577,50000
a0VRg0000054JVpMAM,RV-2578,14200.8
a0VRg0000054JZ6MAM,RV-2579,17751
a0VRg0000054zuxMAA,RV-2581,14667
a0VRg000005561wMAA,RV-2580,131000
a0VRg00000557ijMAA,RV-2582,99400
a0VRg000005588XMAQ,RV-2583,89907.8
a0VRg00000559B3MAI,RV-2584,339277.5
a0VRg0000055BO9MAM,RV-2585,7270
a0VRg0000055CaLMAU,RV-2586,92020
a0VRg0000056KcNMAU,RV-2590,81749.2
a0VRg0000056LgPMAU,RV-2587,37000
a0VRg0000056MCfMAM,RV-2588,5
a0VRg0000056MnlMAE,RV-2589,38750
a0VRg0000056PAXMA2,RV-2591,81816
a0VRg00000579GkMAI,RV-2592,1186250
a0VRg0000057ApTMAU,RV-2595,99229.72
a0VRg0000057Bn6MAE,RV-2593,37000
a0VRg0000057ED3MAM,RV-2594,163400
a0VRg0000057GtBMAU,RV-2596,14910
a0VRg0000057HajMAE,RV-2597,20215
a0VRg0000057HcLMAU,RV-2598,16785
a0VRg0000057I3lMAE,RV-2599,85631
a0VRg0000057M8zMAE,RV-2600,182400
a0VRg0000057OtxMAE,RV-2602,221238.22
a0VRg0000058BLBMA2,RV-2603,198593.4
a0VRg0000058Tq0MAE,RV-2604,3910
a0VRg0000058VTZMA2,RV-2605,86910
a0VRg00000598y1MAA,RV-2610,154915.31
a0VRg0000059B7pMAE,RV-2606,13680
a0VRg0000059BSnMAM,RV-2607,12935
a0VRg0000059Bm9MAE,RV-2608,102970
a0VRg0000059CiGMAU,RV-2614,317000
a0VRg0000059EAXMA2,RV-2609,5480.5
a0VRg0000059Gh2MAE,RV-2611,171235.31
a0VRg0000059K6HMAU,RV-2613,55000
a0VRg0000059N7NMAU,RV-2615,306235.31
a0VRg0000059NLwMAM,RV-2618,967394
a0VRg0000059OpsMAE,RV-2617,163675.31
a0VRg0000059PIrMAM,RV-2616,50000
a0VRg000005A4M1MAK,RV-2619,54155.45
a0VRg000005A5TNMA0,RV-2620,10000
a0VRg000005A6vhMAC,RV-2621,14261
a0VRg000005A7a1MAC,RV-2622,103026
a0VRg000005A7dFMAS,RV-2623,85000
a0VRg000005A87tMAC,RV-2624,107448.7
a0VRg000005A9ToMAK,RV-2625,37000
a0VRg000005ADltMAG,RV-2626,313435.31
a0VRg000005AEbVMAW,RV-2627,151795.31
a0VRg000005AEjZMAW,RV-2628,270000
a0VRg000005AEy5MAG,RV-2629,148915.31
a0VRg000005AFvlMAG,RV-2630,147475.31
a0VRg000005AHhRMAW,RV-2631,174475.31
a0VRg000005AI41MAG,RV-2632,142915.31
a0VRg000005B0g9MAC,RV-2633,80050.64
a0VRg000005B0oGMAS,RV-2634,26835
a0VRg000005B2EvMAK,RV-2635,221995.31
a0VRg000005B2OeMAK,RV-2636,158155.31
a0VRg000005B6QbMAK,RV-2637,315955.31
a0VRg000005CExBMAW,RV-2638,3250
a0VRg000005CFBhMAO,RV-2639,3250
a0VRg000005CGEDMA4,RV-2640,654384.05
a0VRg000005CJSGMA4,RV-2642,28451.48
a0VRg000005CNyrMAG,RV-2643,836170.26
a0VRg000005CPSnMAO,RV-2644,250000
a0VRg000005CQjqMAG,RV-2645,238000
a0VRg000005DdS5MAK,RV-2646,14701.38
a0VRg000005DjKcMAK,RV-2647,50000
a0VRg000005EWbRMAW,RV-2648,149731.26
a0VRg000005EWoLMAW,RV-2649,329498.1
a0VRg000005EWoMMAW,RV-2650,2838.21
a0VRg000005EXu5MAG,RV-2651,307922
a0VRg000005EYroMAG,RV-2653,20887.65
a0VRg000005EaOvMAK,RV-2652,2101.65
a0VRg000005EeIrMAK,RV-2654,172230
a0VRg000005EmRkMAK,RV-2657,33552
a0VRg000005En61MAC,RV-2655,73400
a0VRg000005EnHJMA0,RV-2656,36000
a0VRg000005EnijMAC,RV-2658,79563.76
a0VRg000005FcRtMAK,RV-2659,3150
a0VRg000005FdvpMAC,RV-2660,1000000
a0VRg000005FgYjMAK,RV-2661,113224
a0VRg000005FjDFMA0,RV-2662,255360
a0VRg000005FmXhMAK,RV-2663,1939630
a0VRg000005FnGrMAK,RV-2664,99090
a0VRg000005GluXMAS,RV-2665,162909.4
a0VRg000005Gn5AMAS,RV-2666,37000
a0VRg000005Gu6bMAC,RV-2667,37000
a0VRg000005Gv5tMAC,RV-2668,43605.52
a0VRg000005Hu69MAC,RV-2669,18500
a0VRg000005Hu9NMAS,RV-2670,18500
a0VRg000005HxGvMAK,RV-2671,101078.8
a0VRg000005JAdVMAW,RV-2672,75384
a0VRg000005JAlZMAW,RV-2673,286738
a0VRg000005JEArMAO,RV-2674,1907953.68
a0VRg000005JHBxMAO,RV-2675,36000
a0VRg000005K2xIMAS,RV-2676,79194
a0VRg000005K7GzMAK,RV-2677,198909.4
a0VRg000005K83NMAS,RV-2678,95750
a0VRg000005K8PyMAK,RV-2679,209265.22
a0VRg000005KGlhMAG,RV-2680,135970
a0VRg000005LBiOMAW,RV-2682,179344.5
a0VRg000005LCePMAW,RV-2681,89298.8
a0VRg000005LEI1MAO,RV-2683,107190.6
a0VRg000005LFMCMA4,RV-2684,103127.5
a0VRg000005LNOXMA4,RV-2685,41962.5
a0VRg000005MGjEMAW,RV-2687,218590.85
a0VRg000005MIUuMAO,RV-2688,73400
a0VRg000005MIwHMAW,RV-2686,90579.44
a0VRg000005MMYTMA4,RV-2689,22023
a0VRg000005MSvdMAG,RV-2690,137900
a0VRg000005MTdBMAW,RV-2691,130000
a0VRg000005NKfzMAG,RV-2693,72400
a0VRg000005NKjAMAW,RV-2692,2910.86
a0VRg000005NSLhMAO,RV-2694,95463.69
a0VRg000005NTRSMA4,RV-2695,218590.85
a0VRg000005NVZhMAO,RV-2696,103797.54
a0VRg000005NW17MAG,RV-2697,99175.2
a0VRg000005NWIrMAO,RV-2698,84825
a0VRg000005NWXNMA4,RV-2699,55350
a0VRg000005OWiEMAW,RV-2700,47118.44
a0VRg000005OdGjMAK,RV-2701,146560.64
a0VRg000005OghaMAC,RV-2703,92130
a0VRg000005OrebMAC,RV-2702,83038.88
a0VRg000005OrgGMAS,RV-2704,108911
a0VRg000005Otq5MAC,RV-2705,109921.1
a0VRg000005QLqjMAG,RV-2706,209708.31
a0VRg000005QMDMMA4,RV-2709,218832.58
a0VRg000005QMRpMAO,RV-2707,376452.93
a0VRg000005QRL3MAO,RV-2708,32428.31
a0VRg000005RKUPMA4,RV-2710,50000
a0VRg000005RKpNMAW,RV-2711,153100
a0VRg000005SCkvMAG,RV-2712,49970
a0VRg000005SDAjMAO,RV-2713,86112.5
a0VRg000005SDaXMAW,RV-2714,92668.41
a0VRg000005SEJhMAO,RV-2715,47217.18
a0VRg000005SEgHMAW,RV-2716,32410
a0VRg000005SFSfMAO,RV-2717,106630
a0VRg000005SHr3MAG,RV-2718,338184.8
a0VRg000005TrqrMAC,RV-2719,255800
a0VRg000005TsbkMAC,RV-2721,14901
a0VRg000005TvuTMAS,RV-2720,1493896.25
a0VRg000005UovlMAC,RV-2722,278383
a0VRg000005UtdhMAC,RV-2723,162200
a0VRg000005Uw0WMAS,RV-2724,13680
a0VRg000005UxFtMAK,RV-2725,29262
a0VRg000005VijUMAS,RV-2728,379629.72
a0VRg000005Vm0iMAC,RV-2726,71200
a0VRg000005VmOrMAK,RV-2727,87552
a0VRg000005WuCKMA0,RV-2729,102921.25
a0VRg000005X1AaMAK,RV-2732,72700
a0VRg000005X209MAC,RV-2730,13000
a0VRg000005X28DMAS,RV-2731,37000
a0VRg000005X2EiMAK,RV-2738,5000
a0VRg000005X2GIMA0,RV-2733,5000
a0VRg000005X2Y1MAK,RV-2734,112500
a0VRg000005X4mmMAC,RV-2737,72700
a0VRg000005X5hBMAS,RV-2735,13000
a0VRg000005X5kPMAS,RV-2736,37000
a0VRg000005X6BpMAK,RV-2739,112500
a0VRg000005XsA1MAK,RV-2740,204555
a0VRg000005XuF3MAK,RV-2741,72450
a0VRg000005XuLVMA0,RV-2742,71850
a0VRg000005Yr2GMAS,RV-2743,100000
a0VRg000005Zm8XMAS,RV-2744,101860
a0VRg000005Zoa9MAC,RV-2745,13906.18
a0VRg000005adxgMAA,RV-2747,298127
a0VRg000005afmaMAA,RV-2746,14261
a0VRg000005amT6MAI,RV-2748,3250
a0VRg000005bchlMAA,RV-2749,54997.12
a0VRg000005beDJMAY,RV-2750,64231
a0VRg000005cqkKMAQ,RV-2751,13906.18
a0VRg000005du2fMAA,RV-2752,82558.6
a0VRg000005enNMMAY,RV-2753,20246.75
a0VRg000005epDpMAI,RV-2754,92000
a0VRg000005erltMAA,RV-2755,135500
a0VRg000005iyonMAA,RV-2756,106675.8
a0VRg000005j0dhMAA,RV-2757,12965
a0VRg000005jqyrMAA,RV-2758,57289.05
a0VRg000005jroTMAQ,RV-2759,36133
a0VRg000005k0ADMAY,RV-2760,33552
a0VRg000005k39hMAA,RV-2761,62042.4
a0VRg000005k3MbMAI,RV-2762,18978.8
a0VRg000005k45lMAA,RV-2763,81021.2
a0VRg000005koF3MAI,RV-2764,85787.1
a0VRg000005koerMAA,RV-2765,358526
a0VRg000005kp4fMAA,RV-2766,209708.31
a0VRg000005lrHJMAY,RV-2767,346346
a0VRg000005lwbxMAA,RV-2768,98858.5
a0VRg000005lxkvMAA,RV-2769,92140.4
a0VRg000005lyM1MAI,RV-2770,38800
a0VRg000005moAvMAI,RV-2771,165822
a0VRg000005nacCMAQ,RV-2773,3442227
a0VRg000005ngCyMAI,RV-2774,1158875
a0VRg000005ngT3MAI,RV-2772,820
a0VRg000005nhlhMAA,RV-2775,3298234
a0VRg000005nhovMAA,RV-2776,1285000
a0VRg000005nkhxMAA,RV-2777,71376
a0VRg000005nktFMAQ,RV-2778,85400
a0VRg000005nlpJMAQ,RV-2779,994347
a0VRg000005nlvlMAA,RV-2780,955857
a0VRg000005nm5RMAQ,RV-2781,953879
a0VRg000005nmAHMAY,RV-2782,1165295
a0VRg000005nmILMAY,RV-2783,3566057
a0VRg000005nmoeMAA,RV-2784,2738175
a0VRg000005nmv3MAA,RV-2785,1491607
a0VRg000005nn7xMAA,RV-2786,914408
a0VRg000005ouc4MAA,RV-2787,1045925
a0VRg000005ovQ1MAI,RV-2788,1427598
a0VRg000005ozTgMAI,RV-2790,41000
a0VRg000005p0mHMAQ,RV-2789,49000
a0VRg000005p15dMAA,RV-2791,193600
a0VRg000005p6ZxMAI,RV-2792,49.65
a0VRg000005ppqSMAQ,RV-2794,29406.62
a0VRg000005prVdMAI,RV-2793,37814.92
a0VRg000005psjRMAQ,RV-2795,31993.96
a0VRg000005q8kzMAA,RV-2796,14701.38
a0VRg000005qvlhMAA,RV-2797,356795.1
a0VRg000005qwGLMAY,RV-2798,91688
a0VRg000005qwg9MAA,RV-2799,27248.16
a0VRg000005qxM5MAI,RV-2800,202818.2
a0VRg000005rCBRMA2,RV-2801,155624.5
a0VRg000005rCrNMAU,RV-2802,110988.9
a0VRg000005rt8PMAQ,RV-2803,1224328.56
a0VRg000005s0ZdMAI,RV-2804,85000
a0VRg000005s0rNMAQ,RV-2805,91279.3
a0VRg000005s1gzMAA,RV-2806,167700
a0VRg000005s21xMAA,RV-2807,206787
a0VRg000005s5pRMAQ,RV-2808,32428.31
a0VRg000005s5xVMAQ,RV-2809,65399.8
a0VRg000005sjdEMAQ,RV-2810,99322
a0VRg000005skZKMAY,RV-2811,113026
a0VRg000005tX6yMAE,RV-2812,22344.3
a0VRg000005tbKDMAY,RV-2813,286738
a0VRg000005viS0MAI,RV-2814,10.22
a0VRg000005vksrMAA,RV-2815,10000
a0VRg000005vmRgMAI,RV-2816,208546.4
a0VRg000005vr37MAA,RV-2817,95235
a0VRg000005vrO8MAI,RV-2819,182896
a0VRg000005vrsjMAA,RV-2818,48498.26
a0VRg000005wcgOMAQ,RV-2821,13680
a0VRg000005we8fMAA,RV-2820,97000
a0VRg000005wfzBMAQ,RV-2822,48436.6
a0VRg000005wgGvMAI,RV-2823,94775.8
a0VRg000005wh1hMAA,RV-2824,82953.6
a0VRg000005whuXMAQ,RV-2825,155900
a0VRg000005wv1RMAQ,RV-2826,161290.32
a0VRg000005xffQMAQ,RV-2827,161290.32
a0VRg000005xlcjMAA,RV-2828,176479.5
a0VRg000005xrF7MAI,RV-2829,92421
a0VRg000005xseDMAQ,RV-2830,45675
a0VRg000005xvfMMAQ,RV-2831,25000
a0VRg000005ybOPMAY,RV-2832,67741.94
a0VRg000005ycqjMAA,RV-2833,14200.8
a0VRg000005ydGXMAY,RV-2834,14901
a0VRg000005yj7UMAQ,RV-2839,43882.4
a0VRg000005yl4QMAQ,RV-2836,99234
a0VRg000005ymdBMAQ,RV-2835,49066.77
a0VRg000005yqvJMAQ,RV-2838,-43882.4
a0VRg000005zUrBMAU,RV-2840,81400
a0VRg000005zYhpMAE,RV-2841,18240
a0VRg0000060mNlMAI,RV-2842,57958
a0VRg0000060nJpMAI,RV-2843,72542
a0VRg0000060nRtMAI,RV-2844,84957.6
a0VRg0000060rbxMAA,RV-2845,99090
a0VRg0000060s1lMAA,RV-2846,49273.51
a0VRg0000061hc9MAA,RV-2847,99800
a0VRg0000061iI5MAI,RV-2848,49179.91
a0VRg0000061oaSMAQ,RV-2849,55000
a0VRg0000062aC1MAI,RV-2850,27659.57
a0VRg0000062qK1MAI,RV-2851,87500
a0VRg0000063fJJMAY,RV-2852,181279
a0VRg0000064UgnMAE,RV-2853,20816.05
a0VRg0000065QfxMAE,RV-2854,14701.38
a0VRg0000067XmzMAE,RV-2855,12965
a0VRg0000067Xv4MAE,RV-2856,32266.42
a0VRg0000067b4DMAQ,RV-2857,119898
a0VRg0000067baTMAQ,RV-2858,13906.18
a0VRg0000067gLoMAI,RV-2859,55000
a0VRg0000068kobMAA,RV-2860,175061.56
a0VRg0000068qlxMAA,RV-2861,89907.8
a0VRg0000069WjcMAE,RV-2863,60000
a0VRg0000069XVxMAM,RV-2862,33552
a0VRg000006AZ2fMAG,RV-2864,43928.04
a0VRg000006BLTzMAO,RV-2866,162200
a0VRg000006Ci0DMAS,RV-2867,364800
a0VRg000006CjcDMAS,RV-2868,3460365.84
a0VRg000006DWUuMAO,RV-2869,198909.4
a0VRg000006Ecl8MAC,RV-2870,272500
a0VRg000006Fa7lMAC,RV-2871,98858.5
a0VRg000006FaJ3MAK,RV-2872,94775.8
a0VRg000006Fae1MAC,RV-2873,218590.85
a0VRg000006Fau9MAC,RV-2874,100000
a0VRg000006FbQPMA0,RV-2875,131400
a0VRg000006FbdJMAS,RV-2876,265200
a0VRg000006FdiLMAS,RV-2877,150100
a0VRg000006FlO9MAK,RV-2878,45700
a0VRg000006GSwCMAW,RV-2880,97770
a0VRg000006GT7UMAW,RV-2879,5082.4
a0VRg000006GVh7MAG,RV-2881,153600
a0VRg000006GYtVMAW,RV-2882,135250
a0VRg000006GdoOMAS,RV-2883,134000
a0VRg000006GdzgMAC,RV-2884,237600
a0VRg000006HVwnMAG,RV-2885,47548
a0VRg000006IfkPMAS,RV-2886,32428.31
a0VRg000006IgDSMA0,RV-2887,100800
a0VRg000006JcPVMA0,RV-2888,117777
a0VRg000006JchFMAS,RV-2889,401153.34
a0VRg000006JdgXMAS,RV-2890,28522
a0VRg000006Ji6jMAC,RV-2891,100000
a0VRg000006JioHMAS,RV-2892,240000
a0VRg000006KgSfMAK,RV-2893,277858.14
a0VRg000006KuFVMA0,RV-2894,132124.78
a0VRg000006LcLNMA0,RV-2895,37000
a0VRg000006Ld9OMAS,RV-2896,89981.57
a0VRg000006LdVxMAK,RV-2897,2096152.2
a0VRg000006LdsXMAS,RV-2898,26835
a0VRg000006Lm7pMAC,RV-2899,122406.8
a0VRg000006LmCfMAK,RV-2900,1453710
a0VRg000006LmhJMAS,RV-2901,264000
a0VRg000006MXwLMAW,RV-2902,26835
a0VRg000006MYnZMAW,RV-2903,162800
a0VRg000006MaMLMA0,RV-2904,20750
a0VRg000006MeGHMA0,RV-2905,165900
a0VRg000006MfKPMA0,RV-2906,140100
a0VRg000006NPaCMAW,RV-2907,16954204
a0VRg000006NTnVMAW,RV-2908,111301.5
a0VRg000006NXELMA4,RV-2909,157165.4
a0VRg000006NXXhMAO,RV-2910,12965
a0VRg000006OgKPMA0,RV-2911,13680
a0VRg000006OkflMAC,RV-2912,30000
a0VRg000006OkkbMAC,RV-2913,7000
a0VRg000006Om85MAC,RV-2914,100000
a0VRg000006OpM5MAK,RV-2915,55000
a0VRg000006PcxwMAC,RV-2919,132000
a0VRg000006PdHFMA0,RV-2916,14901
a0VRg000006PdtxMAC,RV-2917,69000
a0VRg000006Pj89MAC,RV-2918,130000
a0VRg000006QXMfMAO,RV-2920,60100
a0VRg000006RXSfMAO,RV-2921,29333
a0VRg000006RY8eMAG,RV-2922,32342.85
a0VRg000006RYbgMAG,RV-2924,98540
a0VRg000006RZUTMA4,RV-2923,56902.96
a0VRg000006RhS1MAK,RV-2925,179374.5
a0VRg000006Rhi9MAC,RV-2926,92020
a0VRg000006RkhdMAC,RV-2927,139700
a0VRg000006SLZAMA4,RV-2928,145100
a0VRg000006SR3RMAW,RV-2929,136000
a0VRg000006SXATMA4,RV-2930,55000
a0VRg000006SbCTMA0,RV-2931,2775.9
a0VRg000006TN0zMAG,RV-2932,25000
a0VRg000006TNllMAG,RV-2933,13906.18
a0VRg000006TOEnMAO,RV-2934,139300
a0VRg000006UhYjMAK,RV-2935,38297.87
a0VRg000006VTlUMAW,RV-2938,27982.32
a0VRg000006VTvAMAW,RV-2940,14701.38
a0VRg000006VVbxMAG,RV-2936,37000
a0VRg000006VVfEMAW,RV-2937,27733.68
a0VRg000006VX7VMAW,RV-2939,309995.28
a0VRg000006WWR7MAO,RV-2941,20535.05
a0VRg000006WXWrMAO,RV-2942,300000
a0VRg000006WZ2PMAW,RV-2943,56830
a0VRg000006XaUKMA0,RV-2945,230000
a0VRg000006XaqrMAC,RV-2944,33703
a0VRg000006YTk5MAG,RV-2946,117323.6
a0VRg000006YZ9ZMAW,RV-2947,37242.34
a0VRg000006YZPhMAO,RV-2948,593125
a0VRg000006Yd1wMAC,RV-2952,37000
a0VRg000006YfOfMAK,RV-2949,37000
a0VRg000006YfuvMAC,RV-2950,37000
a0VRg000006YgEHMA0,RV-2951,115412
a0VRg000006YhLdMAK,RV-2953,37000
a0VRg000006YiRNMA0,RV-2954,37000
a0VRg000006YiftMAC,RV-2955,37000
a0VRg000006Yj2TMAS,RV-2956,37000
a0VRg000006ZQ12MAG,RV-2958,42845.37
a0VRg000006ZQDtMAO,RV-2957,300000
a0VRg000006ZQvRMAW,RV-2959,36000
a0VRg000006ZViDMAW,RV-2961,33552
a0VRg000006ZW6PMAW,RV-2962,42664
a0VRg000006adH7MAI,RV-2963,61784
a0VRg000006af7dMAA,RV-2964,95118
a0VRg000006afIvMAI,RV-2965,100194.4
a0VRg000006afafMAA,RV-2966,100743.2
a0VRg000006ahMLMAY,RV-2967,35868
a0VRg000006ahkXMAQ,RV-2968,35868
a0VRg000006ahqzMAA,RV-2969,35868
a0VRg000006ahuDMAQ,RV-2970,35868
a0VRg000006ai77MAA,RV-2971,35868
a0VRg000006aiDZMAY,RV-2972,35868
a0VRg000006amU8MAI,RV-2974,37000
a0VRg000006amsHMAQ,RV-2973,55000
a0VRg000006and3MAA,RV-2975,94000
a0VRg000006aplJMAQ,RV-2976,36950
a0VRg000006f9jpMAA,RV-2977,37000
a0VRg000006fA1ZMAU,RV-2978,136900
a0VRg000006fAPlMAM,RV-2979,132124.78
a0VRg000006fAT2MAM,RV-2980,135500
a0VRg000006fFZ7MAM,RV-2981,32346.63
a0VRg000006gRJhMAM,RV-2982,37000
a0VRg000006gTGiMAM,RV-2986,20000
a0VRg000006gWKzMAM,RV-2983,70000
a0VRg000006gWZVMA2,RV-2984,50000
a0VRg000006gWeLMAU,RV-2985,30000
a0VRg000006gXovMAE,RV-2987,105858
a0VRg000006gaejMAA,RV-2988,1329440.2
a0VRg000006hGCaMAM,RV-2991,1883925.38
a0VRg000006hKXtMAM,RV-2989,213170.82
a0VRg000006hKxhMAE,RV-2990,2037327.62
a0VRg000006hL5lMAE,RV-2992,1883925.38
a0VRg000006hLVZMA2,RV-2993,2037327.62
a0VRg000006hM0DMAU,RV-2994,1286295.82
a0VRg000006hN2jMAE,RV-2995,1842378.94
a0VRg000006hN7ZMAU,RV-2996,1551553.86
a0VRg000006hNE1MAM,RV-2997,1436497.18
a0VRg000006hNVlMAM,RV-2998,112403.04
a0VRg000006hO6xMAE,RV-2999,95746
a0VRg000006hPanMAE,RV-3000,92120
a0VRg000006hTHpMAM,RV-3001,940.8
a0VRg000006hTL3MAM,RV-3002,95197.2
a0VRg000006hTg1MAE,RV-3003,36000
a0VRg000006hTg2MAE,RV-3004,30000
a0VRg000006hUM0MAM,RV-3012,116700
a0VRg000006hV6jMAE,RV-3005,30000
a0VRg000006hVbNMAU,RV-3006,18265
a0VRg000006hVzZMAU,RV-3007,37000
a0VRg000006hWFhMAM,RV-3008,309677
a0VRg000006hWfVMAU,RV-3009,32428.31
a0VRg000006hX8XMAU,RV-3010,39989.11
a0VRg000006hXYLMA2,RV-3011,51000
a0VRg000006iJ1tMAE,RV-3013,50000
a0VRg000006iJGPMA2,RV-3014,349210
a0VRg000006iKHNMA2,RV-3016,18000
a0VRg000006iN8qMAE,RV-3015,47900
a0VRg000006iVO2MAM,RV-3017,356795.1
a0VRg000006icCbMAI,RV-3018,37000
a0VRg000006idbhMAA,RV-3019,37000
a0VRg000006jIrlMAE,RV-3020,37000
a0VRg000006jIuzMAE,RV-3021,37000
a0VRg000006jJ1UMAU,RV-3024,6825.9
a0VRg000006jKf3MAE,RV-3022,2008
a0VRg000006jKojMAE,RV-3023,33258.42
a0VRg000006jKyPMAU,RV-3025,20807.1
a0VRg000006jL4rMAE,RV-3026,9897.95
a0VRg000006jNHxMAM,RV-3027,5000
a0VRg000006jNTFMA2,RV-3028,37000
a0VRg000006jO4LMAU,RV-3029,113026
a0VRg000006jOE1MAM,RV-3030,39989.11
a0VRg000006jOIrMAM,RV-3031,14389.11
a0VRg000006jOM8MAM,RV-3033,172708.31
a0VRg000006jOSXMA2,RV-3032,357379.86
a0VRg000006jPOgMAM,RV-3041,10950
a0VRg000006jVIjMAM,RV-3034,278800
a0VRg000006jVLxMAM,RV-3035,277600
a0VRg000006jVqbMAE,RV-3036,63650
a0VRg000006jWMrMAM,RV-3037,36558.5
a0VRg000006jWRhMAM,RV-3038,36558.5
a0VRg000006jWwOMAU,RV-3039,37000
a0VRg000006jYtJMAU,RV-3040,18250
a0VRg000006kGSvMAM,RV-3042,97500
a0VRg000006kJImMAM,RV-3044,5435.1
a0VRg000006kKhsMAE,RV-3048,26000
a0VRg000006kL1BMAU,RV-3043,7265.1
a0VRg000006kPXpMAM,RV-3045,96600
a0VRg000006kQ5hMAE,RV-3046,500000
a0VRg000006kQTtMAM,RV-3047,38000
a0VRg000006kSaXMAU,RV-3049,73854
a0VRg000006lABlMAM,RV-3050,500000
a0VRg000006lBvpMAE,RV-3051,13680
a0VRg000006lCblMAE,RV-3052,14901
a0VRg000006lHLJMA2,RV-3053,50000
a0VRg000006lHhtMAE,RV-3054,37000
a0VRg000006mONxMAM,RV-3055,142500
a0VRg000006mOfiMAE,RV-3058,35532.08
a0VRg000006mQw1MAE,RV-3056,183450
a0VRg000006mSD3MAM,RV-3057,394876.25
a0VRg000006mSOOMA2,RV-3059,20000
a0VRg000006mTPFMA2,RV-3060,3120
a0VRg000006mTYvMAM,RV-3061,50685.6
a0VRg000006mTx7MAE,RV-3062,37000
a0VRg000006mcsLMAQ,RV-3063,37000
a0VRg000006meNtMAI,RV-3064,303224
a0VRg000006nKVBMA2,RV-3065,27634.68
a0VRg000006nKa1MAE,RV-3066,27634.68
a0VRg000006nM0jMAE,RV-3067,133900
a0VRg000006nNo1MAE,RV-3068,212386.61
a0VRg000006nXozMAE,RV-3069,25000
a0VRg000006nXsDMAU,RV-3070,25000
a0VRg000006oIW9MAM,RV-3071,37000
a0VRg000006oIZNMA2,RV-3072,37000
a0VRg000006oO6vMAE,RV-3073,37000
a0VRg000006odVlMAI,RV-3074,207976.99
a0VRg000006ofanMAA,RV-3075,220200
a0VRg000006pMflMAE,RV-3076,22560
a0VRg000006pQeXMAU,RV-3077,160756.35
a0VRg000006pSJoMAM,RV-3078,83613
a0VRg000006pWbtMAE,RV-3079,69541.4
a0VRg000006pXphMAE,RV-3080,39075
a0VRg000006qACmMAM,RV-3081,155900
a0VRg000006qHaoMAE,RV-3084,14701.38
a0VRg000006qJJFMA2,RV-3082,51380.2
a0VRg000006qJUXMA2,RV-3083,5750
a0VRg000006rFQTMA2,RV-3085,13152.8
a0VRg000006rFiDMAU,RV-3086,13463.2
a0VRg000006rH8vMAE,RV-3087,83190.8
a0VRg000006rHQfMAM,RV-3088,207977
a0VRg000006rHSLMA2,RV-3090,95750
a0VRg000006rHthMAE,RV-3089,78000
a0VRg000006rLHNMA2,RV-3091,217464
a0VRg000006rLfZMAU,RV-3092,80215
a0VRg000006rM3lMAE,RV-3093,10000
a0VRg000006tWztMAE,RV-3094,85797
a0VRg000006tXb2MAE,RV-3095,170000
a0VRg000006tZXxMAM,RV-3096,339277.5
a0VRg000006tbMrMAI,RV-3097,99568
a0VRg000006tnXhMAI,RV-3098,593214
a0VRg000006tovBMAQ,RV-3099,37000
a0VRg000006uWmXMAU,RV-3100,81800
a0VRg000006uX2fMAE,RV-3101,51600
a0VRg000006uYLJMA2,RV-3102,42977.2
a0VRg000006uYhtMAE,RV-3103,9500
a0VRg000006uagTMAQ,RV-3104,29397.85
a0VRg000006uppBMAQ,RV-3105,198980.91
a0VRg000006vaBNMAY,RV-3106,87921.4
a0VRg000006vdqnMAA,RV-3107,33352
a0VRg000006viVVMAY,RV-3108,12965
a0VRg000006vignMAA,RV-3109,14261
a0VRg000006viyXMAQ,RV-3110,26536
a0VRg000006vj4zMAA,RV-3111,116930
a0VRg000006vjjJMAQ,RV-3112,35360
a0VRg000006vkPFMAY,RV-3113,87927
a0VRg000006vlbRMAQ,RV-3114,109500
a0VRg000006wXWPMA2,RV-3115,20290.8
a0VRg000006wYx7MAE,RV-3116,50000
a0VRg000006wa2rMAA,RV-3117,36700
a0VRg000006weBLMAY,RV-3118,847778.68
a0VRg000006whNhMAI,RV-3119,89137.5
a0VRg000006xRyZMAU,RV-3121,80939.8
a0VRg000006xT8zMAE,RV-3120,185750
a0VRg000006yjjZMAQ,RV-3122,37000
a0VRg000006ymfpMAA,RV-3123,33564.93
a0VRg000006ythJMAQ,RV-3124,426770
a0VRg000006zfKXMAY,RV-3125,96500
a0VRg000006zgLRMAY,RV-3126,88695.8
a0VRg000006zgbZMAQ,RV-3127,87597.2
a0VRg000006zgwXMAQ,RV-3128,95979
a0VRg000006zhEHMAY,RV-3129,578273.86
a0VRg000006zhNxMAI,RV-3130,84993
a0VRg0000070i6fMAA,RV-3131,47828.35
a0VRg0000070kLNMAY,RV-3132,3326782
a0VRg00000710ErMAI,RV-3133,105669.3
a0VRg00000715MbMAI,RV-3134,71004
a0VRg0000071lFNMAY,RV-3135,41487.6
a0VRg0000071ldZMAQ,RV-3136,37000
a0VRg0000071pHNMAY,RV-3137,81209.7
a0VRg0000071qJtMAI,RV-3138,100000
a0VRg0000071wPJMAY,RV-3139,99400
a0VRg0000072hxhMAA,RV-3140,219600
a0VRg0000072jMqMAI,RV-3142,98979.5
a0VRg0000072k17MAA,RV-3141,11955
a0VRg0000072rk9MAA,RV-3143,37000
a0VRg0000072rx6MAA,RV-3145,42130
a0VRg0000072smfMAA,RV-3144,210050.8
a0VRg0000073iF2MAI,RV-3150,89557
a0VRg0000073j4bMAA,RV-3146,37000
a0VRg0000073jJ7MAI,RV-3147,260160
a0VRg0000073kGoMAI,RV-3149,91279.3
a0VRg0000073n9pMAA,RV-3148,83970
a0VRg0000073nplMAA,RV-3151,88478
a0VRg00000751PFMAY,RV-3152,91650
a0VRg00000752Q9MAI,RV-3153,37000
a0VRg00000752htMAA,RV-3154,25000
a0VRg00000752pxMAA,RV-3155,30000
a0VRg00000759WTMAY,RV-3156,79433
a0VRg0000075teAMAQ,RV-3159,12000
a0VRg0000075ulVMAQ,RV-3157,3744.21
a0VRg0000075uyPMAQ,RV-3158,10000
a0VRg0000075v4rMAA,RV-3160,15000
a0VRg0000075wP7MAI,RV-3161,342603.8
a0VRg0000075xzVMAQ,RV-3162,86973
a0VRg00000760pJMAQ,RV-3163,265596.8
a0VRg00000764bkMAA,RV-3164,82610
a0VRg0000076ElpMAE,RV-3165,95235
a0VRg0000076EyjMAE,RV-3166,90809.74
a0VRg0000076qzBMAQ,RV-3167,138250
a0VRg0000076uDBMAY,RV-3168,104790
a0VRg0000076ugDMAQ,RV-3169,300000
a0VRg0000076wYLMAY,RV-3170,100000
a0VRg0000076z00MAA,RV-3172,108910.6
a0VRg00000773zgMAA,RV-3171,106150
a0VRg0000077EBtMAM,RV-3173,218590.85
a0VRg0000077H8CMAU,RV-3175,151670
a0VRg0000077IllMAE,RV-3174,108911
a0VRg0000077JBZMA2,RV-3176,140800
a0VRg00000781EDMAY,RV-3177,37000
a0VRg00000781ULMAY,RV-3178,73670
a0VRg00000782ILMAY,RV-3179,201350
a0VRg000007836LMAQ,RV-3180,32428.31
a0VRg00000784lZMAQ,RV-3181,262090
a0VRg0000078BVJMA2,RV-3182,204555
a0VRg0000078F4HMAU,RV-3183,37000
a0VRg0000078yHVMAY,RV-3184,92698.41
a0VRg0000078yhJMAQ,RV-3185,99175
a0VRg0000078z77MAA,RV-3186,145521
a0VRg00000796QLMAY,RV-3187,86430
a0VRg0000079AqXMAU,RV-3188,40075
a0VRg0000079BD7MAM,RV-3189,100000
a0VRg0000079EMHMA2,RV-3190,135250
a0VRg0000079EvlMAE,RV-3191,25800
a0VRg0000079oKvMAI,RV-3192,100650
a0VRg0000079ob3MAA,RV-3193,89235.81
a0VRg0000079s1xMAA,RV-3194,94000
a0VRg0000079sA1MAI,RV-3195,85787.1
a0VRg0000079tyvMAA,RV-3196,13370
a0VRg000007B4HBMA0,RV-3197,204288
a0VRg000007B58PMAS,RV-3198,13680
a0VRg000007B6sTMAS,RV-3199,131750
a0VRg000007By3FMAS,RV-3200,86250
a0VRg000007BzLtMAK,RV-3201,40218
a0VRg000007BzaPMAS,RV-3202,81749.2
a0VRg000007C0hlMAC,RV-3203,98909.4
a0VRg000007C1HFMA0,RV-3204,3735
a0VRg000007C5vxMAC,RV-3205,113295
a0VRg000007C9bNMAS,RV-3206,30000
a0VRg000007D68PMAS,RV-3207,90704.38
a0VRg000007D91UMAS,RV-3216,144094.1
a0VRg000007DAAPMA4,RV-3208,103586
a0VRg000007DAIWMA4,RV-3214,114416.48
a0VRg000007DAaDMAW,RV-3209,78172.04
a0VRg000007DAdRMAW,RV-3210,80482.46
a0VRg000007DAiHMAW,RV-3211,315096.77
a0VRg000007DAjtMAG,RV-3212,15248.73
a0VRg000007DAyPMAW,RV-3213,34324.94
a0VRg000007DB1dMAG,RV-3215,171624.71
a0VRg000007DB3FMAW,RV-3217,14901
a0VRg000007DB6TMAW,RV-3218,24539.77
a0VRg000007DBw5MAG,RV-3219,92391
a0VRg000007DR6PMAW,RV-3220,140100
a0VRg000007ECTgMAO,RV-3221,1970
a0VRg000007EDvpMAG,RV-3222,17970
a0VRg000007EE7DMAW,RV-3225,86112.5
a0VRg000007EETkMAO,RV-3224,80256
a0VRg000007EFsnMAG,RV-3223,153100
a0VRg000007EHkvMAG,RV-3226,37600
a0VRg000007ENWzMAO,RV-3227,85000
a0VRg000007EQLBMA4,RV-3228,103658.1
a0VRg000007EQZhMAO,RV-3229,135860
a0VRg000007FCuTMAW,RV-3230,1506053.4
a0VRg000007FEmhMAG,RV-3233,98784
a0VRg000007FEpsMAG,RV-3232,25084.79
a0VRg000007FGoPMAW,RV-3231,132700
a0VRg000007FKQbMAO,RV-3234,41940
a0VRg000007FKVRMA4,RV-3235,59070
a0VRg000007FM93MAG,RV-3236,10200
a0VRg000007G3ltMAC,RV-3237,2500
a0VRg000007G4bVMAS,RV-3238,32818.2
a0VRg000007G6JxMAK,RV-3239,593125
a0VRg000007HLtdMAG,RV-3240,55000
a0VRg000007HWHBMA4,RV-3241,10000
a0VRg000007IEV8MAO,RV-3242,10109.29
a0VRg000007IHWGMA4,RV-3243,37000
a0VRg000007IJOLMA4,RV-3244,60200
a0VRg000007IJoCMAW,RV-3245,14261
a0VRg000007IP0jMAG,RV-3246,10929
a0VRg000007IPojMAG,RV-3247,19125.68
a0VRg000007IRKHMA4,RV-3248,32437
a0VRg000007JCUTMA4,RV-3249,103026
a0VRg000007JCsfMAG,RV-3250,106221.3
a0VRg000007JDojMAG,RV-3251,87369.6
a0VRg000007KDRhMAO,RV-3252,225810.8
a0VRg000007KFRtMAO,RV-3253,3322.13
a0VRg000007L8TBMA0,RV-3254,2732.24
a0VRg000007L9ibMAC,RV-3255,157165.4
a0VRg000007LE8nMAG,RV-3256,10357.42
a0VRg000007LG8zMAG,RV-3257,233483.32
a0VRg000007LIE1MAO,RV-3258,34.59
a0VRg000007LIU9MAO,RV-3259,2732.24
a0VRg000007LKm6MAG,RV-3260,12965
a0VRg000007LN8rMAG,RV-3261,90000
a0VRg000007M7BkMAK,RV-3263,12500
a0VRg000007M7QGMA0,RV-3262,12500
a0VRg000007M8MHMA0,RV-3264,20130.56
a0VRg000007MCUjMAO,RV-3265,105000
a0VRg000007NNxZMAW,RV-3266,20000
a0VRg000007NOC5MAO,RV-3267,20000
a0VRg000007NPo5MAG,RV-3268,70000
a0VRg000007NQM0MAO,RV-3269,3389.42
a0VRg000007OIZFMA4,RV-3270,339277.5
a0VRg000007OQOjMAO,RV-3271,179374.5
a0VRg000007OQwhMAG,RV-3273,10109.29
a0VRg000007OTCvMAO,RV-3272,17622.95
a0VRg000007PK4LMAW,RV-3274,87824.12
