Id,Invoice_Number__c,Paid_Amount__c,Status__c
a0xRg00000AFayIIAT,INV-TRD2-2,38410,Fully Paid
a0xRg00000AFbSxIAL,INV-TRD2-4,176300,Fully Paid
a0xRg00000AFcNNIA1,INV-TRD2-3,,Fully Paid
a0xRg00000AFcOzIAL,INV-TRD2-5,179400,Fully Paid
a0xRg00000AFcVRIA1,INV-TRD2-6,106205,Fully Paid
a0xRg00000AHWwzIAH,INV-TRD2-7,123708,Fully Paid
a0xRg00000AHWybIAH,INV-TRD2-8,86112.5,Fully Paid
a0xRg00000AHXkzIAH,INV-TRD2-9,119883.4,Fully Paid
a0xRg00000AHZMzIAP,INV-BTL-1,5610750,Fully Paid
a0xRg00000AHZTRIA5,INV-BTL-2,2336500,Fully Paid
a0xRg00000AHZYHIA5,INV-BTL-3,2336500,Fully Paid
a0xRg00000AHc4jIAD,INV-TRD2-10,416990.5,Partially Paid
a0xRg00000AHckfIAD,INV-TRD2-11,416990.5,Partially Paid
a0xRg00000AHcntIAD,INV-TRD2-12,424904,Partially Paid
a0xRg00000AHeT8IAL,INV-TRD2-13,101178,Fully Paid
a0xRg00000AHmk2IAD,INV-TRD2-14,560200,Partially Paid
a0xRg00000AJGg1IAH,INV-TRD2-15,223181.4,Partially Paid
a0xRg00000AJGphIAH,INV-TRD-1,161499.4,Fully Paid
a0xRg00000AKCdaIAH,INV-TRD2-16,157165.4,Fully Paid
a0xRg00000AKDeTIAX,INV-TRD-2,132350,Fully Paid
a0xRg00000AKDg5IAH,INV-TRD-3,484499,Fully Paid
a0xRg00000AKEZ1IAP,INV-TRD2-17,297221.12,Fully Paid
a0xRg00000AKF3ZIAX,INV-TRD2-18,210050.8,Fully Paid
a0xRg00000AKG9JIAX,INV-TRD2-19,452985,Fully Paid
a0xRg00000AKGNpIAP,INV-TRD2-20,466011,Partially Paid
a0xRg00000AKGPRIA5,INV-TRD2-21,117691.7,Fully Paid
a0xRg00000AKGakIAH,INV-TRD2-23,450144,Fully Paid
a0xRg00000AKMjOIAX,INV-TRD2-28,201413.52,Fully Paid
a0xRg00000AKNdsIAH,INV-TRD2-22,445540,Fully Paid
a0xRg00000AKS2QIAX,INV-TRD2-25,389623.12,Fully Paid
a0xRg00000AKSbtIAH,INV-TRD2-24,454548,Fully Paid
a0xRg00000AKTGDIA5,INV-TRD2-26,384966.6,Fully Paid
a0xRg00000AKTjGIAX,INV-TRD2-27,283607,Fully Paid
a0xRg00000AKX5JIAX,INV-TRD2-29,37133.04,Fully Paid
a0xRg00000AKaUiIAL,INV-TRD2-30,155624.84,Fully Paid
a0xRg00000AKbgoIAD,INV-TRD2-31,151707,Fully Paid
a0xRg00000AKdxBIAT,INV-TRD2-32,3150,Fully Paid
a0xRg00000AMsonIAD,INV-TRD2-33,148760.08,Fully Paid
a0xRg00000AMyKyIAL,INV-TRD2-34,125883.5,Partially Paid
a0xRg00000AN5r6IAD,INV-TRD2-35,127086.82,Fully Paid
a0xRg00000AN9xwIAD,INV-TRD2-36,128290.12,Fully Paid
a0xRg00000ANAFuIAP,INV-TRD2-38,248007.52,Partially Paid
a0xRg00000ANGWDIA5,INV-TRD2-37,130941.02,Fully Paid
a0xRg00000ANYb9IAH,INV-TRD2-39,5107.2,Cancelled
a0xRg00000APaXBIA1,INV-BTL-4,8951000,Fully Paid
a0xRg00000APac1IAD,INV-BTL-5,10405950,Fully Paid
a0xRg00000APb8HIAT,INV-BTL-6,8743000,Fully Paid
a0xRg00000APbEjIAL,INV-BTL-7,10802000,Fully Paid
a0xRg00000APbwHIAT,INV-BTL-8,9094150,Fully Paid
a0xRg00000APcXNIA1,INV-TRD2-40,116466,Fully Paid
a0xRg00000APcYzIAL,INV-TRD2-41,119305.04,Partially Paid
a0xRg00000APcabIAD,INV-TRD2-42,115467.52,Fully Paid
a0xRg00000APcacIAD,INV-TRD2-44,118804.2,Fully Paid
a0xRg00000APccDIAT,INV-TRD2-43,116556.18,Partially Paid
a0xRg00000APfNFIA1,INV-TRD2-46,34923,Fully Paid
a0xRg00000APoPDIA1,INV-TRD2-50,82953.6,Partially Paid
a0xRg00000APq11IAD,INV-TRD2-48,81749.2,Fully Paid
a0xRg00000APrEwIAL,INV-TRD2-49,82609.8,Fully Paid
a0xRg00000APsPIIA1,INV-TRD2-45,79432.5,Fully Paid
a0xRg00000APsdnIAD,INV-TRD2-47,80226.8,Fully Paid
a0xRg00000APt6vIAD,INV-TRD2-52,21061.4,Fully Paid
a0xRg00000APxljIAD,INV-TRD2-53,452090.5,Fully Paid
a0xRg00000AQ5O7IAL,INV-TRD2-51,89557,Fully Paid
a0xRg00000ARn0UIAT,INV-TRD-6,29802.46,Fully Paid
a0xRg00000ARn6vIAD,INV-TRD2-54,85797,Fully Paid
a0xRg00000ARn8XIAT,INV-TRD2-55,37469,Fully Paid
a0xRg00000ARnEzIAL,INV-TRD2-56,92578.2,Fully Paid
a0xRg00000ARnGbIAL,INV-TRD2-57,21665.64,Fully Paid
a0xRg00000ARnJpIAL,INV-TRD2-58,88478,Fully Paid
a0xRg00000ARnLRIA1,INV-TRD2-59,20845.6,Fully Paid
a0xRg00000ARnOfIAL,INV-TRD2-60,88695.8,Fully Paid
a0xRg00000ARnQHIA1,INV-TRD2-61,20829.1,Partially Paid
a0xRg00000ARnRtIAL,INV-TRD2-62,87627.2,Fully Paid
a0xRg00000ARnTVIA1,INV-TRD2-63,20675.44,Fully Paid
a0xRg00000ARnlFIAT,INV-TRD-4,62754.92,Fully Paid
a0xRg00000ARnmwIAD,INV-TRD-9,29802.46,Fully Paid
a0xRg00000ARnoTIAT,INV-TRD-5,149012.3,Fully Paid
a0xRg00000ARny9IAD,INV-TRD-7,149012.3,Fully Paid
a0xRg00000ARo6DIAT,INV-TRD-8,29802.46,Fully Paid
a0xRg00000ARoNxIAL,INV-TRD-10,29802.46,Fully Paid
a0xRg00000ARoRBIA1,INV-TRD-11,29802.46,Fully Paid
a0xRg00000ARoZFIA1,INV-TRD-12,29802.46,Fully Paid
a0xRg00000ARohJIAT,INV-TRD-13,29802.46,Fully Paid
a0xRg00000ARqrBIAT,INV-BTL-9,5605652.4,Fully Paid
a0xRg00000ARqw1IAD,INV-BTL-10,6946740.25,Partially Paid
a0xRg00000AS2M6IAL,INV-TRD2-64,862368,Fully Paid
a0xRg00000AS7iLIAT,INV-TRD2-65,21233.62,Partially Paid
a0xRg00000AU3yoIAD,INV-TRD-16,345819.7,Partially Paid
a0xRg00000AU48TIAT,INV-TRD-14,487267.58,Partially Paid
a0xRg00000AU4A5IAL,INV-TRD-15,345820,Partially Paid
a0xRg00000AU4BhIAL,INV-TRD-17,69123.94,Partially Paid
a0xRg00000AU4DJIA1,INV-TRD-18,69123.94,Partially Paid
a0xRg00000AU4DLIA1,INV-TRD-28,30875.76,Fully Paid
a0xRg00000AU4EvIAL,INV-TRD-19,69123.94,Partially Paid
a0xRg00000AU4GXIA1,INV-TRD-20,69124,Partially Paid
a0xRg00000AU4JlIAL,INV-TRD-21,69134,Partially Paid
a0xRg00000AU4LNIA1,INV-TRD-22,69174,Fully Paid
a0xRg00000AU4MzIAL,INV-TRD-23,69123.94,Partially Paid
a0xRg00000AU4oRIAT,INV-TRD-39,30875.76,Fully Paid
a0xRg00000AU62DIAT,INV-TRD-24,64901.52,Fully Paid
a0xRg00000AU6AHIA1,INV-TRD-25,154378,Partially Paid
a0xRg00000AU6S2IAL,INV-TRD-32,30875.76,Fully Paid
a0xRg00000AU6YTIA1,INV-TRD-26,154378.8,Fully Paid
a0xRg00000AU6evIAD,INV-TRD-27,30875.76,Fully Paid
a0xRg00000AU6gXIAT,INV-TRD-29,30875.76,Fully Paid
a0xRg00000AU6i9IAD,INV-TRD-30,30875.76,Fully Paid
a0xRg00000AU6jlIAD,INV-TRD-31,30875.76,Fully Paid
a0xRg00000AU6lNIAT,INV-TRD-33,30875.76,Fully Paid
a0xRg00000AU6mzIAD,INV-TRD-34,30875.76,Fully Paid
a0xRg00000AU6obIAD,INV-TRD-35,30875.76,Fully Paid
a0xRg00000AU6qDIAT,INV-TRD-36,30875.76,Fully Paid
a0xRg00000AU6rpIAD,INV-TRD-37,30875.76,Fully Paid
a0xRg00000AU6tRIAT,INV-TRD-38,30875.76,Fully Paid
a0xRg00000AUSvcIAH,INV-TRD2-67,,Cancelled
a0xRg00000AUY6XIAX,INV-TRD2-66,74000,Cancelled
a0xRg00000AUYCzIAP,INV-TRD2-68,,Cancelled
a0xRg00000AW5EvIAL,INV-TRD-40,61381.81,Fully Paid
a0xRg00000AW5GXIA1,INV-TRD-41,145579.53,Fully Paid
a0xRg00000AWQ9xIAH,INV-TRD-118,44727.9,Fully Paid
a0xRg00000AWR0wIAH,INV-TRD-84,27650.98,Fully Paid
a0xRg00000AWXW9IAP,INV-TRD-42,207985.4,Fully Paid
a0xRg00000AWXWAIA5,INV-TRD-47,29275.14,Fully Paid
a0xRg00000AWXWBIA5,INV-TRD-48,29275.14,Fully Paid
a0xRg00000AWXXlIAP,INV-TRD-43,175736.09,Fully Paid
a0xRg00000AWXZNIA5,INV-TRD-44,29246.93,Partially Paid
a0xRg00000AWXazIAH,INV-TRD-45,29640.44,Fully Paid
a0xRg00000AWXcbIAH,INV-TRD-46,29275.14,Fully Paid
a0xRg00000AWXeDIAX,INV-TRD-49,29275.14,Fully Paid
a0xRg00000AWXfpIAH,INV-TRD-50,29275.14,Fully Paid
a0xRg00000AWXhRIAX,INV-TRD-51,29275.14,Fully Paid
a0xRg00000AWXj3IAH,INV-TRD-52,28643.27,Partially Paid
a0xRg00000AWXkfIAH,INV-TRD-53,29235.07,Partially Paid
a0xRg00000AWXmHIAX,INV-TRD-54,29271.55,Fully Paid
a0xRg00000AWXntIAH,INV-TRD-55,29253.31,Partially Paid
a0xRg00000AWXpVIAX,INV-TRD-56,234878.73,Fully Paid
a0xRg00000AWXpWIAX,INV-TRD-80,1945023,Fully Paid
a0xRg00000AWXr8IAH,INV-TRD-73,64856.62,Fully Paid
a0xRg00000AWXsjIAH,INV-TRD-57,49655.85,Fully Paid
a0xRg00000AWXskIAH,INV-TRD-62,49655.85,Fully Paid
a0xRg00000AWXuLIAX,INV-TRD-58,49655.85,Fully Paid
a0xRg00000AWXvyIAH,INV-TRD-89,21396.08,Partially Paid
a0xRg00000AWXxZIAX,INV-TRD-59,49655.85,Fully Paid
a0xRg00000AWXzBIAX,INV-TRD-60,49655.85,Fully Paid
a0xRg00000AWY0nIAH,INV-TRD-61,49655.85,Fully Paid
a0xRg00000AWY5dIAH,INV-TRD-63,49655.85,Fully Paid
a0xRg00000AWY7FIAX,INV-TRD-64,49655.85,Fully Paid
a0xRg00000AWY8rIAH,INV-TRD-65,49655.85,Fully Paid
a0xRg00000AWYATIA5,INV-TRD-66,49655.85,Fully Paid
a0xRg00000AWYC5IAP,INV-TRD-67,132863.24,Fully Paid
a0xRg00000AWYDhIAP,INV-TRD-68,648565.76,Partially Paid
a0xRg00000AWYFJIA5,INV-TRD-69,324283.1,Fully Paid
a0xRg00000AWYGvIAP,INV-TRD-70,64856.62,Fully Paid
a0xRg00000AWYGwIAP,INV-TRD-87,27650.98,Fully Paid
a0xRg00000AWYIXIA5,INV-TRD-71,64856.62,Fully Paid
a0xRg00000AWYIYIA5,INV-TRD-86,27650.98,Fully Paid
a0xRg00000AWYK9IAP,INV-TRD-72,64856.62,Fully Paid
a0xRg00000AWYLlIAP,INV-TRD-74,64856.62,Fully Paid
a0xRg00000AWYNNIA5,INV-TRD-75,64856.62,Fully Paid
a0xRg00000AWYNOIA5,INV-TRD-82,414764.7,Fully Paid
a0xRg00000AWYOzIAP,INV-TRD-76,64248.36,Fully Paid
a0xRg00000AWYP1IAP,INV-TRD-95,,Pending
a0xRg00000AWYQbIAP,INV-TRD-77,458237.7,Fully Paid
a0xRg00000AWYTpIAP,INV-TRD-78,30549.18,Fully Paid
a0xRg00000AWYVRIA5,INV-TRD-79,122266.82,Fully Paid
a0xRg00000AWYVSIA5,INV-TRD-88,27650.98,Fully Paid
a0xRg00000AWYX3IAP,INV-TRD-81,58452.26,Fully Paid
a0xRg00000AWYYfIAP,INV-TRD-83,27653,Fully Paid
a0xRg00000AWYaHIAX,INV-TRD-85,27650.98,Fully Paid
a0xRg00000AWYbtIAH,INV-TRD-90,27650.98,Fully Paid
a0xRg00000AWYnBIAX,INV-TRD-91,194306,Fully Paid
a0xRg00000AWYonIAH,INV-TRD-92,159590.88,Pending
a0xRg00000AWYqPIAX,INV-TRD-93,,Pending
a0xRg00000AWYs1IAH,INV-TRD-94,,Pending
a0xRg00000AWYtdIAH,INV-TRD-96,,Pending
a0xRg00000AWYvFIAX,INV-TRD-97,,Pending
a0xRg00000AWZ6ZIAX,INV-TRD-125,145297,Fully Paid
a0xRg00000AWZGDIA5,INV-TRD-98,,Pending
a0xRg00000AWZT8IAP,INV-TRD-138,29060,Fully Paid
a0xRg00000AWZXxIAP,INV-TRD-99,,Pending
a0xRg00000AWZg1IAH,INV-TRD-100,,Pending
a0xRg00000AWZjCIAX,INV-TRD-106,25931,Fully Paid
a0xRg00000AWZsvIAH,INV-TRD-101,,Pending
a0xRg00000AWZswIAH,INV-TRD-116,44727.9,Fully Paid
a0xRg00000AWZszIAH,INV-TRD-137,29060,Fully Paid
a0xRg00000AWa0zIAD,INV-TRD-102,,Pending
a0xRg00000AWa2bIAD,INV-TRD-103,,Pending
a0xRg00000AWa4DIAT,INV-TRD-104,,Pending
a0xRg00000AWa4EIAT,INV-TRD-115,44727.9,Fully Paid
a0xRg00000AWa5pIAD,INV-TRD-105,443918.9,Partially Paid
a0xRg00000AWaAfIAL,INV-TRD-107,25930.52,Fully Paid
a0xRg00000AWaCHIA1,INV-TRD-108,25931.48,Fully Paid
a0xRg00000AWaDtIAL,INV-TRD-109,25930.52,Fully Paid
a0xRg00000AWaFVIA1,INV-TRD-110,25931.48,Fully Paid
a0xRg00000AWaH7IAL,INV-TRD-111,25901,Partially Paid
a0xRg00000AWaIjIAL,INV-TRD-112,25921,Partially Paid
a0xRg00000AWaKLIA1,INV-TRD-113,25901,Partially Paid
a0xRg00000AWaLxIAL,INV-TRD-114,763524.3,Fully Paid
a0xRg00000AWaNZIA1,INV-TRD-117,44727.9,Fully Paid
a0xRg00000AWaPBIA1,INV-TRD-119,44728.2,Fully Paid
a0xRg00000AWaQnIAL,INV-TRD-120,44727.9,Fully Paid
a0xRg00000AWaSPIA1,INV-TRD-121,44728.1,Fully Paid
a0xRg00000AWaU1IAL,INV-TRD-122,44728,Fully Paid
a0xRg00000AWakOIAT,INV-TRD-135,29060,Fully Paid
a0xRg00000AWaozIAD,INV-TRD-123,2155045.12,Fully Paid
a0xRg00000AWb57IAD,INV-TRD-124,61268.8,Fully Paid
a0xRg00000AWb8LIAT,INV-TRD-126,145297,Fully Paid
a0xRg00000AWb8MIAT,INV-TRD-131,29059.2,Partially Paid
a0xRg00000AWbDBIA1,INV-TRD-127,28999.4,Partially Paid
a0xRg00000AWbDCIA1,INV-TRD-152,220799.74,Fully Paid
a0xRg00000AWbI1IAL,INV-TRD-128,29059.4,Fully Paid
a0xRg00000AWbLFIA1,INV-TRD-129,29028.6,Partially Paid
a0xRg00000AWbQ5IAL,INV-TRD-130,29059.4,Fully Paid
a0xRg00000AWbUvIAL,INV-TRD-132,29060,Fully Paid
a0xRg00000AWbY9IAL,INV-TRD-133,29060,Fully Paid
a0xRg00000AWbZlIAL,INV-TRD-134,29060,Fully Paid
a0xRg00000AWbbNIAT,INV-TRD-136,29060,Fully Paid
a0xRg00000AWbczIAD,INV-TRD-139,29060,Fully Paid
a0xRg00000AWbl4IAD,INV-TRD-188,205957.36,Fully Paid
a0xRg00000AWbrWIAT,INV-TRD-155,31093,Fully Paid
a0xRg00000AWbrXIAT,INV-TRD-172,28325.26,Fully Paid
a0xRg00000AWbujIAD,INV-TRD-140,68898.92,Fully Paid
a0xRg00000AWbwLIAT,INV-TRD-141,164372,Partially Paid
a0xRg00000AWbxxIAD,INV-TRD-142,295870,Partially Paid
a0xRg00000AWc1BIAT,INV-TRD-143,32874,Partially Paid
a0xRg00000AWc2nIAD,INV-TRD-144,32874.46,Fully Paid
a0xRg00000AWc4PIAT,INV-TRD-145,32874.46,Fully Paid
a0xRg00000AWc61IAD,INV-TRD-146,32874.46,Fully Paid
a0xRg00000AWc62IAD,INV-TRD-169,141626.3,Fully Paid
a0xRg00000AWc7dIAD,INV-TRD-147,32874.46,Fully Paid
a0xRg00000AWc9FIAT,INV-TRD-148,32874.46,Fully Paid
a0xRg00000AWcArIAL,INV-TRD-149,32871.7,Partially Paid
a0xRg00000AWcCTIA1,INV-TRD-150,32874,Partially Paid
a0xRg00000AWcE5IAL,INV-TRD-151,32874,Partially Paid
a0xRg00000AWcFhIAL,INV-TRD-153,186556.92,Fully Paid
a0xRg00000AWcHJIA1,INV-TRD-154,31093,Fully Paid
a0xRg00000AWcIvIAL,INV-TRD-156,31093,Fully Paid
a0xRg00000AWcKXIA1,INV-TRD-157,31093,Fully Paid
a0xRg00000AWcM9IAL,INV-TRD-158,31093,Fully Paid
a0xRg00000AWcNlIAL,INV-TRD-159,31093,Fully Paid
a0xRg00000AWcPNIA1,INV-TRD-160,31093,Fully Paid
a0xRg00000AWcQzIAL,INV-TRD-161,31093,Fully Paid
a0xRg00000AWcSbIAL,INV-TRD-162,31093,Fully Paid
a0xRg00000AWcVpIAL,INV-TRD-163,31093,Fully Paid
a0xRg00000AWcXRIA1,INV-TRD-164,31093,Fully Paid
a0xRg00000AWcZ3IAL,INV-TRD-165,31093,Fully Paid
a0xRg00000AWcafIAD,INV-TRD-166,59800.53,Fully Paid
a0xRg00000AWccHIAT,INV-TRD-167,141626.3,Fully Paid
a0xRg00000AWcdtIAD,INV-TRD-168,141626.3,Fully Paid
a0xRg00000AWcfVIAT,INV-TRD-170,28325.26,Fully Paid
a0xRg00000AWch7IAD,INV-TRD-171,28325.26,Fully Paid
a0xRg00000AWcijIAD,INV-TRD-173,28325.26,Fully Paid
a0xRg00000AWckLIAT,INV-TRD-174,28325.26,Fully Paid
a0xRg00000AWclxIAD,INV-TRD-175,28325.26,Fully Paid
a0xRg00000AWcnZIAT,INV-TRD-176,28325.26,Fully Paid
a0xRg00000AWcqnIAD,INV-TRD-177,58451.96,Fully Paid
a0xRg00000AWcu1IAD,INV-TRD-178,138254.9,Fully Paid
a0xRg00000AWcvdIAD,INV-TRD-179,138254.9,Fully Paid
a0xRg00000AWcxFIAT,INV-TRD-180,124429.41,Fully Paid
a0xRg00000AWcyrIAD,INV-TRD-181,41476.47,Fully Paid
a0xRg00000AWd0TIAT,INV-TRD-182,41472.16,Partially Paid
a0xRg00000AWd25IAD,INV-TRD-183,41477,Fully Paid
a0xRg00000AWd3hIAD,INV-TRD-184,27651,Fully Paid
a0xRg00000AWd5JIAT,INV-TRD-185,27651,Fully Paid
a0xRg00000AWd6vIAD,INV-TRD-186,27651,Fully Paid
a0xRg00000AWd8XIAT,INV-TRD-187,27650.98,Fully Paid
a0xRg00000AWdA9IAL,INV-TRD-189,144862.4,Fully Paid
a0xRg00000AWdBlIAL,INV-TRD-190,28972.48,Fully Paid
a0xRg00000AWdDNIA1,INV-TRD-191,28972,Partially Paid
a0xRg00000AWdEzIAL,INV-TRD-192,28972,Partially Paid
a0xRg00000AWdGbIAL,INV-TRD-193,28972,Partially Paid
a0xRg00000AWdIDIA1,INV-TRD-194,28972,Partially Paid
a0xRg00000AWdJpIAL,INV-TRD-195,28972,Partially Paid
a0xRg00000AWdLRIA1,INV-TRD-196,28972,Partially Paid
a0xRg00000AWdN3IAL,INV-TRD-197,28972,Partially Paid
a0xRg00000AWdOfIAL,INV-TRD-198,28972,Partially Paid
a0xRg00000AWdQHIA1,INV-TRD-199,28972,Partially Paid
a0xRg00000AWdRtIAL,INV-TRD-200,28972,Partially Paid
a0xRg00000AWdTVIA1,INV-TRD-201,28972,Partially Paid
a0xRg00000AWdV7IAL,INV-TRD-202,28972,Partially Paid
a0xRg00000AX4dNIAT,INV-TRD2-69,202848.2,Fully Paid
a0xRg00000AX5xdIAD,INV-TRD2-70,22955.04,Partially Paid
a0xRg00000AX60rIAD,INV-TRD2-71,99175.2,Fully Paid
a0xRg00000AX6aLIAT,INV-TRD2-72,84992.8,Fully Paid
a0xRg00000AX6dZIAT,INV-TRD2-73,20148.56,Fully Paid
a0xRg00000AX6thIAD,INV-TRD2-74,95979,Fully Paid
a0xRg00000AX6vJIAT,INV-TRD2-75,22315.82,Partially Paid
a0xRg00000AX7UnIAL,INV-TRD-203,1610178,Fully Paid
a0xRg00000AX7WPIA1,INV-TRD2-76,955845,Fully Paid
a0xRg00000AX7kvIAD,INV-TRD-204,64408,Fully Paid
a0xRg00000AX7plIAD,INV-TRD2-77,174818.88,Fully Paid
a0xRg00000AX7rNIAT,INV-TRD2-78,38113.32,Fully Paid
a0xRg00000AXB3mIAH,INV-BTL-12,13633350,Partially Paid
a0xRg00000AXBq9IAH,INV-BTL-11,8531000,Fully Paid
a0xRg00000AXCSrIAP,INV-BTL-13,6546030,Fully Paid
a0xRg00000AXChNIAX,INV-BTL-14,5980000,Fully Paid
a0xRg00000AXCuHIAX,INV-BTL-15,4717000,Fully Paid
a0xRg00000AXDbpIAH,INV-TRD2-79,116579.68,Fully Paid
a0xRg00000AXDdRIAX,INV-TRD2-80,81025.82,Fully Paid
a0xRg00000AXE9hIAH,INV-TRD2-81,116579.68,Fully Paid
a0xRg00000AZCq9IAH,INV-TRD-205,337334.1,Fully Paid
a0xRg00000AZCrlIAH,INV-TRD-206,138000.4,Fully Paid
a0xRg00000AZCtNIAX,INV-TRD-207,337126,Fully Paid
a0xRg00000AZCuzIAH,INV-TRD-208,101137.8,Fully Paid
a0xRg00000AZEDdIAP,INV-TRD2-82,106112,Fully Paid
a0xRg00000AZG2yIAH,INV-TRD-222,29987,Fully Paid
a0xRg00000AZHI6IAP,INV-TRD-213,29987,Fully Paid
a0xRg00000AZKO4IAP,INV-TRD-219,29987,Fully Paid
a0xRg00000AZLLhIAP,INV-TRD-220,29987,Fully Paid
a0xRg00000AZLooIAH,INV-TRD-209,63123.04,Fully Paid
a0xRg00000AZM6bIAH,INV-TRD-221,29987,Fully Paid
a0xRg00000AZNiSIAX,INV-TRD-212,29987,Fully Paid
a0xRg00000AZOEjIAP,INV-TRD-218,29987,Fully Paid
a0xRg00000AZOTGIA5,INV-TRD-211,179919,Partially Paid
a0xRg00000AZOucIAH,INV-TRD-215,29987,Fully Paid
a0xRg00000AZOueIAH,INV-TRD-216,29987,Fully Paid
a0xRg00000AZRNyIAP,INV-TRD-223,29987,Fully Paid
a0xRg00000AZRikIAH,INV-TRD-210,149902.58,Partially Paid
a0xRg00000AZRxHIAX,INV-TRD-217,29987,Fully Paid
a0xRg00000AZRysIAH,INV-TRD-214,29987,Fully Paid
a0xRg00000AZT30IAH,INV-TRD-224,29987,Fully Paid
a0xRg00000AbiacIAB,INV-TRD-227,29403,Fully Paid
a0xRg00000Abjd7IAB,INV-TRD-225,441041.43,Fully Paid
a0xRg00000AbjejIAB,INV-TRD-226,61955.52,Fully Paid
a0xRg00000AbjgLIAR,INV-TRD-228,29403,Fully Paid
a0xRg00000AbjhxIAB,INV-TRD-229,29403,Fully Paid
a0xRg00000AbjjZIAR,INV-TRD-230,29404,Fully Paid
a0xRg00000AbjlBIAR,INV-TRD-231,29403,Fully Paid
a0xRg00000AbjmnIAB,INV-TRD-232,29403,Fully Paid
a0xRg00000AbjoPIAR,INV-TRD-233,29403,Fully Paid
a0xRg00000Abjq1IAB,INV-TRD-234,29403,Fully Paid
a0xRg00000AbjrdIAB,INV-TRD-235,29468,Fully Paid
a0xRg00000AbjwTIAR,INV-TRD2-83,89298.8,Partially Paid
a0xRg00000Abjy5IAB,INV-TRD2-84,38851.52,Partially Paid
a0xRg00000AbkJ4IAJ,INV-TRD2-85,146860.42,Fully Paid
a0xRg00000AbpXFIAZ,INV-TRD2-86,749560.5,Fully Paid
a0xRg00000Ae2TiIAJ,INV-TRD2-90,,Cancelled
a0xRg00000Ae3O2IAJ,INV-TRD2-95,45417.72,Fully Paid
a0xRg00000Ae3PdIAJ,INV-TRD2-87,81025.82,Fully Paid
a0xRg00000Ae3XhIAJ,INV-TRD2-91,,Cancelled
a0xRg00000Ae4jtIAB,INV-TRD2-94,105669.3,Fully Paid
a0xRg00000Ae64RIAR,INV-TRD-247,44285.04,Fully Paid
a0xRg00000Ae7TXIAZ,INV-TRD-243,44285,Partially Paid
a0xRg00000Ae7cvIAB,INV-TRD2-98,95979,Fully Paid
a0xRg00000Ae7d3IAB,INV-TRD2-99,210969.4,Fully Paid
a0xRg00000Ae8UOIAZ,INV-TRD-240,44500,Fully Paid
a0xRg00000Ae9FAIAZ,INV-TRD-238,221425.2,Fully Paid
a0xRg00000Ae9gUIAR,INV-TRD-242,44285,Partially Paid
a0xRg00000AeAEQIA3,INV-TRD-251,44285,Partially Paid
a0xRg00000AeBX4IAN,INV-TRD-248,44285,Partially Paid
a0xRg00000AeBiLIAV,INV-TRD-244,44285,Partially Paid
a0xRg00000AeDc2IAF,INV-TRD-245,44285,Partially Paid
a0xRg00000AeE6iIAF,INV-TRD-249,44285,Partially Paid
a0xRg00000AeEEjIAN,INV-TRD-239,43836,Partially Paid
a0xRg00000AeFM0IAN,INV-TRD-241,36570,Partially Paid
a0xRg00000AeFfPIAV,INV-TRD-250,44285,Partially Paid
a0xRg00000AeGgGIAV,INV-TRD-237,88570.08,Fully Paid
a0xRg00000AeHHJIA3,INV-TRD-236,225717.17,Fully Paid
a0xRg00000AeHu1IAF,INV-TRD-246,44285,Partially Paid
a0xRg00000AgMUbIAN,INV-TRD2-100,205982.08,Fully Paid
a0xRg00000AgNthIAF,INV-TRD-252,29987,Fully Paid
a0xRg00000AgPkDIAV,INV-TRD2-101,287121.8,Partially Paid
a0xRg00000AgTxWIAV,INV-TRD-253,64856.62,Fully Paid
a0xRg00000AgWdeIAF,INV-TRD-257,51550.38,Fully Paid
a0xRg00000AgZ0QIAV,INV-TRD-261,51550.38,Fully Paid
a0xRg00000AgZDKIA3,INV-TRD-255,171834.6,Fully Paid
a0xRg00000AgZI9IAN,INV-TRD-254,243718.44,Fully Paid
a0xRg00000AgZWgIAN,INV-TRD-259,51550.38,Fully Paid
a0xRg00000AgZgLIAV,INV-TRD-256,51550.38,Fully Paid
a0xRg00000Aga69IAB,INV-TRD-258,51550.38,Fully Paid
a0xRg00000AgaNtIAJ,INV-TRD-260,51550.38,Fully Paid
a0xRg00000AgahFIAR,INV-TRD-262,34366.92,Fully Paid
a0xRg00000AhwRBIAZ,INV-TRD2-102,79432.5,Fully Paid
a0xRg00000AhwivIAB,INV-TRD2-103,105669.3,Fully Paid
a0xRg00000Ahx2HIAR,INV-TRD2-105,176945.2,Fully Paid
a0xRg00000Ahx3tIAB,INV-TRD2-106,38440.08,Fully Paid
a0xRg00000AiJXSIA3,INV-TRD-266,237657.92,Fully Paid
a0xRg00000AiKLSIA3,INV-TRD-275,47523.62,Fully Paid
a0xRg00000AiLB3IAN,INV-TRD-263,31093,Fully Paid
a0xRg00000AiLEHIA3,INV-TRD-264,335815.34,Fully Paid
a0xRg00000AiLFtIAN,INV-TRD-265,237618.1,Fully Paid
a0xRg00000AiLHVIA3,INV-TRD-267,47523.62,Fully Paid
a0xRg00000AiLJ7IAN,INV-TRD-268,47523.62,Fully Paid
a0xRg00000AiLKjIAN,INV-TRD-269,47523.62,Fully Paid
a0xRg00000AiLMLIA3,INV-TRD-270,47523.62,Fully Paid
a0xRg00000AiLNxIAN,INV-TRD-271,47523.62,Fully Paid
a0xRg00000AiLNyIAN,INV-TRD-273,47523.62,Fully Paid
a0xRg00000AiLPZIA3,INV-TRD-272,47523.62,Fully Paid
a0xRg00000AiLRBIA3,INV-TRD-274,47523.62,Fully Paid
a0xRg00000AiLkYIAV,INV-TRD-282,45263.02,Fully Paid
a0xRg00000AiLuDIAV,INV-TRD-276,93676.04,Fully Paid
a0xRg00000AiLvpIAF,INV-TRD-277,678945.3,Fully Paid
a0xRg00000AiLxRIAV,INV-TRD-278,45263.02,Fully Paid
a0xRg00000AiLz3IAF,INV-TRD-279,45263.02,Fully Paid
a0xRg00000AiM0fIAF,INV-TRD-280,45263.02,Fully Paid
a0xRg00000AiM2HIAV,INV-TRD-281,45263.02,Fully Paid
a0xRg00000AiM5VIAV,INV-TRD-283,45263.02,Fully Paid
a0xRg00000AiM77IAF,INV-TRD-284,45263.02,Fully Paid
a0xRg00000AiMALIA3,INV-TRD-285,45263.02,Fully Paid
a0xRg00000AiMDZIA3,INV-TRD-286,45263.02,Fully Paid
a0xRg00000AidRKIAZ,INV-BTL-16,2524000,Fully Paid
a0xRg00000AidUXIAZ,INV-TRD-287,45263.02,Fully Paid
a0xRg00000Aie7GIAR,INV-TRD2-107,95979,Fully Paid
a0xRg00000Aie8sIAB,INV-TRD-294,27900,Partially Paid
a0xRg00000AifUkIAJ,INV-TRD-295,27900,Partially Paid
a0xRg00000AifzNIAR,INV-TRD-288,198451.54,Fully Paid
a0xRg00000Aig0zIAB,INV-TRD-289,195301.54,Fully Paid
a0xRg00000Aig2bIAB,INV-TRD-290,27900,Partially Paid
a0xRg00000Aig7RIAR,INV-TRD-291,27900,Partially Paid
a0xRg00000Aig93IAB,INV-TRD-292,27900,Partially Paid
a0xRg00000AigAfIAJ,INV-TRD-293,27900.22,Fully Paid
a0xRg00000AigCHIAZ,INV-TRD-296,27900,Partially Paid
a0xRg00000AigDtIAJ,INV-TRD-297,27900,Partially Paid
a0xRg00000AigFVIAZ,INV-TRD-298,27900,Partially Paid
a0xRg00000AigH7IAJ,INV-TRD-299,27900,Partially Paid
a0xRg00000AigKLIAZ,INV-TRD-300,27900,Partially Paid
a0xRg00000AigLxIAJ,INV-TRD-301,27900,Partially Paid
a0xRg00000AigsDIAR,INV-TRD2-108,555503.01,Fully Paid
a0xRg00000AigygIAB,INV-TRD2-109,108910.6,Fully Paid
a0xRg00000Aih57IAB,INV-TRD2-110,108910.6,Fully Paid
a0xRg00000AiivdIAB,INV-TRD-302,213223.22,Fully Paid
a0xRg00000AiiysIAB,INV-TRD-303,240083.68,Fully Paid
a0xRg00000Aij3hIAB,INV-TRD-304,30010.46,Fully Paid
a0xRg00000Aij8XIAR,INV-TRD-305,30010.46,Fully Paid
a0xRg00000AijJqIAJ,INV-TRD-311,4383.38,Partially Paid
a0xRg00000AijN4IAJ,INV-TRD2-112,,Cancelled
a0xRg00000AikRCIAZ,INV-TRD-312,,Pending
a0xRg00000AilFCIAZ,INV-TRD-315,,Pending
a0xRg00000AilFDIAZ,INV-TRD-318,26579.36,Fully Paid
a0xRg00000AilYXIAZ,INV-TRD2-111,17000,Cancelled
a0xRg00000AimUcIAJ,INV-TRD-306,189205.52,Fully Paid
a0xRg00000AinH0IAJ,INV-TRD-316,398690.4,Fully Paid
a0xRg00000Aio3OIAR,INV-TRD-310,,Pending
a0xRg00000AiplpIAB,INV-TRD-307,22560,Partially Paid
a0xRg00000AipqfIAB,INV-TRD-308,,Pending
a0xRg00000AipvVIAR,INV-TRD-309,,Pending
a0xRg00000AiqErIAJ,INV-TRD-313,,Pending
a0xRg00000AiqI5IAJ,INV-TRD-314,,Pending
a0xRg00000Air9KIAR,INV-TRD-319,26579.36,Fully Paid
a0xRg00000AisQLIAZ,INV-TRD-317,26579.36,Fully Paid
a0xRg00000AisYPIAZ,INV-TRD-320,26579.36,Fully Paid
a0xRg00000AismvIAB,INV-TRD2-113,84957.6,Fully Paid
a0xRg00000AkZzVIAV,INV-TRD-321,238611.94,Fully Paid
a0xRg00000Aka17IAB,INV-TRD-322,168189.06,Fully Paid
a0xRg00000Aka2jIAB,INV-TRD-323,168187.1,Fully Paid
a0xRg00000Aka4LIAR,INV-TRD-324,33637.42,Fully Paid
a0xRg00000Aka5xIAB,INV-TRD-325,33637.42,Fully Paid
a0xRg00000Aka7ZIAR,INV-TRD-326,33637.42,Fully Paid
a0xRg00000Aka9BIAR,INV-TRD-327,33637.42,Fully Paid
a0xRg00000AkaAnIAJ,INV-TRD-328,33637.42,Fully Paid
a0xRg00000AkaCPIAZ,INV-TRD-329,33637.42,Fully Paid
a0xRg00000AkaFdIAJ,INV-TRD-330,33637.42,Fully Paid
a0xRg00000AkaSYIAZ,INV-TRD-333,30456,Partially Paid
a0xRg00000AkaigIAB,INV-TRD-332,274105,Partially Paid
a0xRg00000AkbWgIAJ,INV-TRD-335,30456,Partially Paid
a0xRg00000AkbZwIAJ,INV-TRD-337,60912,Partially Paid
a0xRg00000AkbgLIAR,INV-TRD-331,216343.12,Fully Paid
a0xRg00000AkbmpIAB,INV-TRD-340,30456,Partially Paid
a0xRg00000AkboPIAR,INV-TRD-334,30456.16,Fully Paid
a0xRg00000Akbq1IAB,INV-TRD-336,30456,Partially Paid
a0xRg00000AkbrdIAB,INV-TRD-338,30456,Partially Paid
a0xRg00000AkbtFIAR,INV-TRD-339,30856,Fully Paid
a0xRg00000AkbwTIAR,INV-TRD-341,30456,Partially Paid
a0xRg00000Akc4XIAR,INV-TRD-342,207175,Fully Paid
a0xRg00000Akc69IAB,INV-TRD-343,145731.6,Fully Paid
a0xRg00000AkcAzIAJ,INV-TRD-344,116585.28,Fully Paid
a0xRg00000AkcHRIAZ,INV-TRD-345,87438.96,Fully Paid
a0xRg00000AkcKfIAJ,INV-TRD-346,87438.96,Fully Paid
a0xRg00000AkcNtIAJ,INV-TRD-347,29146.32,Fully Paid
a0xRg00000AkcR7IAJ,INV-TRD-348,29146.32,Fully Paid
a0xRg00000AkcSjIAJ,INV-TRD-349,29146.32,Fully Paid
a0xRg00000AkcVxIAJ,INV-TRD-350,29146.32,Fully Paid
a0xRg00000AkdDWIAZ,INV-TRD-357,31460.22,Fully Paid
a0xRg00000AkdJxIAJ,INV-TRD2-114,147386.4,Fully Paid
a0xRg00000Akda6IAB,INV-TRD-351,223371.54,Fully Paid
a0xRg00000AkdevIAB,INV-TRD-352,157301.1,Fully Paid
a0xRg00000AkdgXIAR,INV-TRD-353,157301.1,Fully Paid
a0xRg00000Akdi9IAB,INV-TRD-354,157301.1,Fully Paid
a0xRg00000AkdjlIAB,INV-TRD-355,31460.22,Fully Paid
a0xRg00000AkdlNIAR,INV-TRD-356,31460.22,Fully Paid
a0xRg00000AkdmzIAB,INV-TRD-358,31460.22,Fully Paid
a0xRg00000AkdqDIAR,INV-TRD-359,31460.22,Fully Paid
a0xRg00000AkdrpIAB,INV-TRD-360,31460.22,Fully Paid
a0xRg00000AkeJGIAZ,INV-BTL-19,4334500,Fully Paid
a0xRg00000AkfnBIAR,INV-BTL-17,4475500,Fully Paid
a0xRg00000AkghdIAB,INV-BTL-18,4334500,Partially Paid
a0xRg00000AkhqbIAB,INV-BTL-20,13114499.96,Partially Paid
a0xRg00000AkkTWIAZ,INV-BTL-21,4910000,Fully Paid
a0xRg00000AknPnIAJ,INV-BTL-22,3150,Fully Paid
a0xRg00000AkrQAIAZ,INV-BTL-24,4265500,Fully Paid
a0xRg00000AksVtIAJ,INV-BTL-23,4265500,Fully Paid
a0xRg00000AmpfCIAR,INV-TRD2-117,88448,Partially Paid
a0xRg00000AmqhiIAB,INV-TRD2-115,92578.2,Fully Paid
a0xRg00000AmuF5IAJ,INV-TRD-364,79031.04,Fully Paid
a0xRg00000AmulJIAR,INV-TRD2-116,89557,Fully Paid
a0xRg00000AmuuzIAB,INV-TRD2-118,88695.8,Fully Paid
a0xRg00000AmvKnIAJ,INV-TRD2-119,87597.2,Partially Paid
a0xRg00000Amwn9IAB,INV-TRD-363,131718.4,Fully Paid
a0xRg00000An2MJIAZ,INV-TRD-361,187555.76,Fully Paid
a0xRg00000An2MKIAZ,INV-TRD-365,26343.68,Fully Paid
a0xRg00000An3rpIAB,INV-TRD-362,263436.8,Fully Paid
a0xRg00000AopfuIAB,INV-TRD-371,31000,Fully Paid
a0xRg00000AorbGIAR,INV-TRD-369,154999.15,Fully Paid
a0xRg00000Aorg6IAB,INV-TRD-379,28451.48,Fully Paid
a0xRg00000AoskDIAR,INV-TRD-366,220148.81,Fully Paid
a0xRg00000AoslpIAB,INV-TRD-367,155000,Fully Paid
a0xRg00000AosnRIAR,INV-TRD-368,155000,Fully Paid
a0xRg00000Aosp3IAB,INV-TRD-370,31000,Fully Paid
a0xRg00000AosqfIAB,INV-TRD-372,31000,Fully Paid
a0xRg00000Aosx7IAB,INV-TRD2-120,440683,Fully Paid
a0xRg00000Aot5BIAR,INV-TRD-373,856694.44,Fully Paid
a0xRg00000Aot8PIAR,INV-TRD-374,199160.36,Fully Paid
a0xRg00000AotA1IAJ,INV-TRD-375,170709,Fully Paid
a0xRg00000AotBdIAJ,INV-TRD-376,28451.48,Fully Paid
a0xRg00000AotDFIAZ,INV-TRD-377,28451.48,Fully Paid
a0xRg00000AotErIAJ,INV-TRD-378,28451.48,Fully Paid
a0xRg00000AotI5IAJ,INV-TRD-380,28451.48,Fully Paid
a0xRg00000AotJhIAJ,INV-TRD-381,28451.48,Fully Paid
a0xRg00000AotQ9IAJ,INV-TRD-382,221542.86,Fully Paid
a0xRg00000AotRlIAJ,INV-TRD-383,155994.9,Fully Paid
a0xRg00000AotTNIAZ,INV-TRD-384,155994.9,Fully Paid
a0xRg00000AotWbIAJ,INV-TRD-385,138998.9,Partially Paid
a0xRg00000AoyBJIAZ,INV-TRD2-121,169878.19,Partially Paid
a0xRg00000AoyODIAZ,INV-TRD2-122,37464.84,Fully Paid
a0xRg00000AqtvVIAR,INV-TRD-386,471226.98,Fully Paid
a0xRg00000Aqu1xIAB,INV-TRD-387,334340.7,Fully Paid
a0xRg00000Aqu3ZIAR,INV-TRD-388,133736.28,Fully Paid
a0xRg00000AqwDRIAZ,INV-TRD2-123,85797,Fully Paid
a0xRg00000AqwGfIAJ,INV-TRD2-124,85631,Fully Paid
a0xRg00000Ar1BVIAZ,INV-BTL-25,23793150,Fully Paid
a0xRg00000Ar217IAB,INV-TRD-389,29235.07,Partially Paid
a0xRg00000Ar2IrIAJ,INV-TRD-390,49655.85,Fully Paid
a0xRg00000ArmK6IAJ,INV-TRD2-125,1271845.48,Partially Paid
a0xRg00000AslDtIAJ,INV-TRD2-126,81815.5,Fully Paid
a0xRg00000AslH7IAJ,INV-TRD2-127,119803.32,Fully Paid
a0xRg00000AslIjIAJ,INV-TRD2-128,83323.8,Fully Paid
a0xRg00000AthzRIAR,INV-TRD2-129,103384.44,Partially Paid
a0xRg00000Ati5tIAB,INV-TRD-391,243776.54,Fully Paid
a0xRg00000AtiCLIAZ,INV-TRD-392,343752.2,Fully Paid
a0xRg00000AtiKPIAZ,INV-TRD-393,51562.83,Fully Paid
a0xRg00000AtiU5IAJ,INV-TRD-394,51562.83,Fully Paid
a0xRg00000AtiXJIAZ,INV-TRD-395,51562.83,Fully Paid
a0xRg00000AtiaXIAR,INV-TRD-396,51562,Partially Paid
a0xRg00000AtjTNIAZ,INV-TRD-397,27650.98,Fully Paid
a0xRg00000Atk4UIAR,INV-TRD-398,,Pending
a0xRg00000AtkPRIAZ,INV-TRD-399,25901,Partially Paid
a0xRg00000AtkR3IAJ,INV-TRD-400,44727.9,Fully Paid
a0xRg00000AtkSfIAJ,INV-TRD-401,29060,Fully Paid
a0xRg00000AtkUHIAZ,INV-TRD-402,32874,Partially Paid
a0xRg00000AtkXVIAZ,INV-TRD-403,27519.1,Partially Paid
a0xRg00000AtkajIAB,INV-TRD-404,27651.02,Fully Paid
a0xRg00000AtkcLIAR,INV-TRD-405,27307.98,Fully Paid
a0xRg00000AtkhCIAR,INV-TRD-406,400000,Fully Paid
a0xRg00000AtkinIAB,INV-TRD2-130,201530,Partially Paid
a0xRg00000AtksTIAR,INV-TRD-407,60000,Fully Paid
a0xRg00000Atku5IAB,INV-TRD-408,60000,Fully Paid
a0xRg00000AtkvhIAB,INV-TRD-409,60000,Fully Paid
a0xRg00000AtkyvIAB,INV-TRD-410,60000,Fully Paid
a0xRg00000Atl8bIAB,INV-TRD-411,203769.72,Fully Paid
a0xRg00000AtlADIAZ,INV-TRD-412,257939.64,Fully Paid
a0xRg00000AtlBpIAJ,INV-TRD-413,171959.76,Fully Paid
a0xRg00000AtlF3IAJ,INV-TRD-414,28288.85,Partially Paid
a0xRg00000AtlGfIAJ,INV-TRD-415,28630.16,Partially Paid
a0xRg00000AtlIHIAZ,INV-TRD-416,28660,Fully Paid
a0xRg00000AtlLVIAZ,INV-TRD-417,28660,Fully Paid
a0xRg00000AtlRyIAJ,INV-TRD-421,860442.8,Fully Paid
a0xRg00000AtlbdIAB,INV-TRD-418,44285.04,Fully Paid
a0xRg00000AtljhIAB,INV-TRD-419,212550,Fully Paid
a0xRg00000Atm33IAB,INV-TRD-422,221450.74,Fully Paid
a0xRg00000Atm4fIAB,INV-TRD-423,31185.82,Fully Paid
a0xRg00000AtmKnIAJ,INV-TRD-424,202019.86,Fully Paid
a0xRg00000AtmnpIAB,INV-TRD-425,197285.76,Fully Paid
a0xRg00000AtmpSIAR,INV-TRD-428,27389.66,Fully Paid
a0xRg00000AtmsfIAB,INV-TRD-426,27733.68,Fully Paid
a0xRg00000Atmz7IAB,INV-TRD-427,194877.62,Fully Paid
a0xRg00000AtnC1IAJ,INV-TRD-429,410000,Fully Paid
a0xRg00000AtnGrIAJ,INV-TRD-430,33738.02,Fully Paid
a0xRg00000Atnn8IAB,INV-TRD-436,669489.2,Fully Paid
a0xRg00000AtntZIAR,INV-TRD-431,317181.76,Fully Paid
a0xRg00000Ato02IAB,INV-TRD-432,28972,Partially Paid
a0xRg00000Ato85IAB,INV-TRD-433,234877.3,Fully Paid
a0xRg00000AtoG9IAJ,INV-TRD-434,31000,Fully Paid
a0xRg00000AtoJOIAZ,INV-TRD-437,200846.76,Fully Paid
a0xRg00000AtoT3IAJ,INV-TRD-435,471792.44,Fully Paid
a0xRg00000AtocjIAB,INV-TRD-438,66948.92,Fully Paid
a0xRg00000AtofxIAB,INV-TRD-439,66948.92,Fully Paid
a0xRg00000AtoknIAB,INV-TRD-440,66948.92,Fully Paid
a0xRg00000AtouTIAR,INV-TRD-441,67941.28,Fully Paid
a0xRg00000AtpLvIAJ,INV-TRD2-131,910303,Fully Paid
a0xRg00000AtptnIAB,INV-TRD-442,199661,Cancelled
a0xRg00000AttUMIAZ,INV-TRD2-133,84992.8,Fully Paid
a0xRg00000Atv1WIAR,INV-TRD2-132,99145.2,Partially Paid
a0xRg00000AtwFMIAZ,INV-TRD-444,27843.96,Fully Paid
a0xRg00000AtwTrIAJ,INV-TRD-446,883406.93,Partially Paid
a0xRg00000Atz0JIAR,INV-TRD-445,195639.92,Fully Paid
a0xRg00000Au1N4IAJ,INV-TRD-443,198133.35,Fully Paid
a0xRg00000Au3tWIAR,INV-BTL-29,2091500,Fully Paid
a0xRg00000Au6D3IAJ,INV-BTL-26,2091500,Fully Paid
a0xRg00000Au6PxIAJ,INV-BTL-27,839720,Partially Paid
a0xRg00000Au6WPIAZ,INV-BTL-28,4183000,Fully Paid
a0xRg00000AvwRJIAZ,INV-BTL-30,425000,Cancelled
a0xRg00000AvxYfIAJ,INV-TRD-447,186455.92,Fully Paid
a0xRg00000AvxdVIAR,INV-TRD-448,130932.8,Fully Paid
a0xRg00000AvxqPIAR,INV-TRD-449,130935.65,Fully Paid
a0xRg00000AvxwsIAB,INV-TRD-452,26187,Fully Paid
a0xRg00000Avy05IAB,INV-TRD-450,130935,Fully Paid
a0xRg00000Avy1hIAB,INV-TRD-451,52374,Fully Paid
a0xRg00000Avy4vIAB,INV-TRD-453,26187,Fully Paid
a0xRg00000Aw1FlIAJ,INV-TRD-471,196592.76,Fully Paid
a0xRg00000Aw1VpIAJ,INV-TRD-454,3150,Cancelled
a0xRg00000Aw1lxIAB,INV-TRD-455,370798.22,Cancelled
a0xRg00000Aw1vdIAB,INV-TRD-456,85568.82,Cancelled
a0xRg00000Aw1xFIAR,INV-TRD-457,28522.94,Cancelled
a0xRg00000Aw1yrIAB,INV-TRD-458,28522.94,Cancelled
a0xRg00000Aw28XIAR,INV-TRD-459,28522.94,Cancelled
a0xRg00000Aw2QIIAZ,INV-TRD-468,28664.16,Fully Paid
a0xRg00000Aw3FtIAJ,INV-TRD-460,315308.7,Cancelled
a0xRg00000Aw6KEIAZ,INV-TRD-466,223403.74,Fully Paid
a0xRg00000Aw73NIAR,INV-TRD-461,29115.9,Fully Paid
a0xRg00000Aw7Y1IAJ,INV-TRD-462,233915,Fully Paid
a0xRg00000Aw7kvIAB,INV-TRD-463,32938.4,Fully Paid
a0xRg00000Aw84HIAR,INV-TRD-464,459393.9,Fully Paid
a0xRg00000Aw8HBIAZ,INV-TRD-465,65177.7,Fully Paid
a0xRg00000Aw8ttIAB,INV-TRD-467,203799.12,Fully Paid
a0xRg00000Aw9DFIAZ,INV-TRD-469,199022.6,Fully Paid
a0xRg00000Aw9RlIAJ,INV-TRD-470,27956.07,Partially Paid
a0xRg00000Aw9zdIAB,INV-TRD-472,27634.68,Fully Paid
a0xRg00000AyJTRIA3,INV-TRD-473,475724.38,Fully Paid
a0xRg00000AyJV3IAN,INV-TRD-474,337553,Partially Paid
a0xRg00000AyJWfIAN,INV-TRD-475,607595.58,Fully Paid
a0xRg00000AyJYHIA3,INV-TRD-476,67510.62,Fully Paid
a0xRg00000AyJZtIAN,INV-TRD-477,67510.62,Fully Paid
a0xRg00000AyJbVIAV,INV-TRD-478,67510.62,Fully Paid
a0xRg00000AyJd7IAF,INV-TRD-479,67510.62,Fully Paid
a0xRg00000AyJejIAF,INV-TRD-480,67510.62,Fully Paid
a0xRg00000AyJoPIAV,INV-TRD-481,246506.94,Fully Paid
a0xRg00000AyJq1IAF,INV-TRD-482,164337.96,Fully Paid
a0xRg00000AyJrdIAF,INV-TRD-483,54783.29,Fully Paid
a0xRg00000AyJtFIAV,INV-TRD-484,27389.66,Fully Paid
a0xRg00000AyJy5IAF,INV-TRD-485,54780.68,Fully Paid
a0xRg00000AyK2vIAF,INV-TRD2-134,81460,Fully Paid
a0xRg00000AyKFpIAN,INV-TRD2-135,81710,Fully Paid
a0xRg00000AyKMHIA3,INV-BTL-31,3324650,Fully Paid
a0xRg00000AyKNtIAN,INV-BTL-32,2372500,Fully Paid
a0xRg00000AyKULIA3,INV-BTL-33,2372500,Fully Paid
a0xRg00000AyKXZIA3,INV-BTL-34,2372500,Fully Paid
a0xRg00000AyKsYIAV,INV-BTL-35,3075451,Fully Paid
a0xRg00000AyL8fIAF,INV-BTL-36,2194500,Fully Paid
a0xRg00000AyLDVIA3,INV-BTL-37,2194500,Fully Paid
a0xRg00000AyLlNIAV,INV-BTL-38,11414550,Fully Paid
a0xRg00000AyLqFIAV,INV-TRD-489,47523.62,Fully Paid
a0xRg00000AyMKrIAN,INV-BTL-39,5269950,Fully Paid
a0xRg00000AyMO5IAN,INV-BTL-40,2194500,Fully Paid
a0xRg00000AyMSvIAN,INV-BTL-41,2194500,Fully Paid
a0xRg00000AyMpVIAV,INV-TRD-486,45263.02,Fully Paid
a0xRg00000AyN0nIAF,INV-TRD-487,45263.02,Fully Paid
a0xRg00000AyQ9xIAF,INV-TRD-488,47523.62,Fully Paid
a0xRg00000AyXxqIAF,INV-TRD2-137,103658.1,Fully Paid
a0xRg00000AycUTIAZ,INV-TRD2-136,148271.34,Fully Paid
a0xRg00000B0iE1IAJ,INV-TRD-490,111375.84,Fully Paid
a0xRg00000B0iFdIAJ,INV-TRD-491,473347.32,Fully Paid
a0xRg00000B0iHFIAZ,INV-TRD-492,27843.96,Fully Paid
a0xRg00000B2p0EIAR,INV-TRD-494,171984,Partially Paid
a0xRg00000B2puXIAR,INV-BTL-42,2194500,Fully Paid
a0xRg00000B2pzNIAR,INV-TRD-493,257886.71,Partially Paid
a0xRg00000B2q0zIAB,INV-TRD-495,57328,Partially Paid
a0xRg00000B2q2bIAB,INV-TRD-496,28664.16,Fully Paid
a0xRg00000B32JwIAJ,INV-TRD-498,34375.22,Fully Paid
a0xRg00000B36fFIAR,INV-TRD-497,29802.46,Fully Paid
a0xRg00000B4gK5IAJ,INV-TRD-499,67510.62,Fully Paid
a0xRg00000B4gOvIAJ,INV-TRD-500,468379.9,Cancelled
a0xRg00000B4gQXIAZ,INV-TRD-501,731082,Cancelled
a0xRg00000B4gS9IAJ,INV-TRD-502,199386,Cancelled
a0xRg00000B4gTlIAJ,INV-TRD-503,66462,Cancelled
a0xRg00000B4gVNIAZ,INV-TRD-504,66462,Cancelled
a0xRg00000B4gf3IAB,INV-TRD-505,291160.23,Fully Paid
a0xRg00000B4ggfIAB,INV-TRD-506,145579.9,Fully Paid
a0xRg00000B4giHIAR,INV-TRD-507,29116,Fully Paid
a0xRg00000B4gjtIAB,INV-TRD-508,29116,Fully Paid
a0xRg00000B4glVIAR,INV-TRD-509,29116,Fully Paid
a0xRg00000B4gqLIAR,INV-TRD-510,276348,Fully Paid
a0xRg00000B4grxIAB,INV-TRD-511,138175,Fully Paid
a0xRg00000B4gtZIAR,INV-TRD-512,27635,Fully Paid
a0xRg00000B4gvBIAR,INV-TRD-513,27634.68,Fully Paid
a0xRg00000B4gwnIAB,INV-TRD-514,27634.68,Fully Paid
a0xRg00000B5k2HIAR,INV-TRD2-138,131784,Fully Paid
a0xRg00000B5n1lIAB,INV-TRD2-139,455413,Fully Paid
a0xRg00000B5oFZIAZ,INV-TRD-515,64856.62,Fully Paid
a0xRg00000B5oM1IAJ,INV-TRD-516,754243.14,Fully Paid
a0xRg00000B5oPFIAZ,INV-TRD-517,125182.19,Fully Paid
a0xRg00000B5pWbIAJ,INV-TRD-518,82953.04,Fully Paid
a0xRg00000B5uPpIAJ,INV-TRD-519,27843.96,Fully Paid
a0xRg00000B7zoPIAR,INV-TRD-520,101137.8,Fully Paid
a0xRg00000B7zwTIAR,INV-TRD-521,64408,Fully Paid
a0xRg00000B7zy5IAB,INV-TRD2-140,217821.6,Fully Paid
a0xRg00000B7zzhIAB,INV-TRD2-141,46714.32,Fully Paid
a0xRg00000B82UXIAZ,INV-TRD-522,357629.84,Fully Paid
a0xRg00000B82W9IAJ,INV-TRD-523,89406.92,Partially Paid
a0xRg00000B82XlIAJ,INV-TRD-524,89406,Partially Paid
a0xRg00000B82XmIAJ,INV-TRD-526,29802,Partially Paid
a0xRg00000B82azIAB,INV-TRD-525,29802,Partially Paid
a0xRg00000B82j3IAB,INV-TRD-527,29802,Partially Paid
a0xRg00000B83DhIAJ,INV-BTL-43,4733000,Fully Paid
a0xRg00000B83FJIAZ,INV-BTL-44,,Pending
a0xRg00000B83GvIAJ,INV-BTL-45,,Pending
a0xRg00000B84zNIAR,INV-TRD-528,26343.68,Fully Paid
a0xRg00000B87CTIAZ,INV-BTL-46,10816550,Fully Paid
a0xRg00000B8BWDIA3,INV-BTL-47,24515000,Fully Paid
a0xRg00000B8EAmIAN,INV-TRD-529,26343.68,Fully Paid
a0xRg00000BAKlVIAX,INV-BTL-48,24110000,Fully Paid
a0xRg00000BAKwnIAH,INV-BTL-49,12927500,Fully Paid
a0xRg00000BAa77IAD,INV-TRD2-142,453438.37,Partially Paid
a0xRg00000BCZWmIAP,,2033162.59,Cancelled
a0xRg00000BCbK1IAL,INV-TRD2-143,40106.4,Fully Paid
a0xRg00000BCbLdIAL,INV-TRD2-144,92391,Fully Paid
a0xRg00000BCdVVIA1,INV-TRD-530,187005.84,Fully Paid
a0xRg00000BCdYjIAL,INV-TRD-531,236386.08,Fully Paid
a0xRg00000BCdfBIAT,INV-TRD-532,131325.6,Fully Paid
a0xRg00000BCdk1IAD,INV-TRD-533,131325.6,Fully Paid
a0xRg00000BCdldIAD,INV-TRD-534,26265.12,Fully Paid
a0xRg00000BCdorIAD,INV-TRD-535,26265.12,Fully Paid
a0xRg00000BCdqTIAT,INV-TRD-536,26265.12,Fully Paid
a0xRg00000BCnl0IAD,INV-TRD2-145,208618.8,Fully Paid
a0xRg00000BEhUzIAL,INV-BTL-50,261700,Fully Paid
a0xRg00000BEhWbIAL,INV-BTL-51,485350,Fully Paid
a0xRg00000BEl2LIAT,INV-TRD2-146,208618.8,Fully Paid
a0xRg00000BEl3xIAD,INV-TRD2-147,86597.52,Fully Paid
a0xRg00000BEnnJIAT,INV-TRD2-148,649673.4,Partially Paid
a0xRg00000BEq3dIAD,INV-TRD2-149,666904.2,Partially Paid
a0xRg00000BEqWfIAL,INV-TRD2-150,660716.4,Partially Paid
a0xRg00000BGXXxIAP,INV-TRD-537,25901,Partially Paid
a0xRg00000BGXZaIAP,INV-TRD-558,502954,Fully Paid
a0xRg00000BGXsvIAH,INV-TRD-538,,Pending
a0xRg00000BGXw9IAH,INV-TRD-539,194704.72,Fully Paid
a0xRg00000BGXxlIAH,INV-TRD-540,128253.63,Partially Paid
a0xRg00000BGXzNIAX,INV-TRD-541,,Pending
a0xRg00000BGY0zIAH,INV-TRD-542,,Pending
a0xRg00000BGY2bIAH,INV-TRD-543,,Pending
a0xRg00000BGY4DIAX,INV-TRD-544,,Pending
a0xRg00000BGY5pIAH,INV-TRD-545,,Pending
a0xRg00000BGY7RIAX,INV-TRD-546,,Pending
a0xRg00000BGYAfIAP,INV-TRD-547,200904.62,Fully Paid
a0xRg00000BGYAgIAP,INV-TRD-555,125860,Fully Paid
a0xRg00000BGYCHIA5,INV-TRD-548,423760.38,Fully Paid
a0xRg00000BGYDtIAP,INV-TRD-549,28250.66,Fully Paid
a0xRg00000BGYFVIA5,INV-TRD-550,28250.66,Fully Paid
a0xRg00000BGYH7IAP,INV-TRD-551,28250.66,Fully Paid
a0xRg00000BGYIjIAP,INV-TRD-552,28252.02,Fully Paid
a0xRg00000BGYIkIAP,INV-TRD-562,45708.96,Fully Paid
a0xRg00000BGYKLIA5,INV-TRD-553,28250.66,Fully Paid
a0xRg00000BGYLxIAP,INV-TRD-554,471973.59,Fully Paid
a0xRg00000BGYNZIA5,INV-TRD-556,31465,Fully Paid
a0xRg00000BGYQnIAP,INV-TRD-557,323112.72,Fully Paid
a0xRg00000BGYQoIAP,INV-TRD-559,45708.96,Fully Paid
a0xRg00000BGYVeIAP,INV-TRD-569,,Pending
a0xRg00000BGYYrIAP,INV-TRD-560,45708.96,Fully Paid
a0xRg00000BGYaTIAX,INV-TRD-561,45708.96,Fully Paid
a0xRg00000BGYc5IAH,INV-TRD-563,45708.96,Fully Paid
a0xRg00000BGYdhIAH,INV-TRD-564,45708.96,Fully Paid
a0xRg00000BGYfJIAX,INV-TRD-565,45708.96,Fully Paid
a0xRg00000BGYgvIAH,INV-TRD-566,45708.96,Fully Paid
a0xRg00000BGYiXIAX,INV-TRD-567,45708.96,Fully Paid
a0xRg00000BGYk9IAH,INV-TRD-568,27650.98,Fully Paid
a0xRg00000BHLT9IAP,INV-TRD-577,329384,Fully Paid
a0xRg00000BHMXFIA5,INV-TRD-570,34366.92,Fully Paid
a0xRg00000BHMdhIAH,INV-TRD-571,209729.76,Fully Paid
a0xRg00000BHMfJIAX,INV-TRD-572,324784.2,Fully Paid
a0xRg00000BHMgvIAH,INV-TRD-573,176909.16,Partially Paid
a0xRg00000BHMiXIAX,INV-TRD-574,29511.38,Fully Paid
a0xRg00000BHMk9IAH,INV-TRD-575,29491.46,Partially Paid
a0xRg00000BHMllIAH,INV-TRD-576,29335,Partially Paid
a0xRg00000BHOh8IAH,INV-TRD-582,32938.4,Fully Paid
a0xRg00000BHOijIAH,INV-TRD-578,164692,Fully Paid
a0xRg00000BHOkLIAX,INV-TRD-579,32938.4,Fully Paid
a0xRg00000BHOlxIAH,INV-TRD-580,32938.4,Fully Paid
a0xRg00000BHOnZIAX,INV-TRD-581,32938.4,Fully Paid
a0xRg00000BHPEzIAP,INV-TRD2-151,200327,Fully Paid
a0xRg00000BHQvpIAH,INV-TRD2-152,208055.9,Partially Paid
a0xRg00000BHR0fIAH,INV-TRD2-153,86342.36,Partially Paid
a0xRg00000BHRDZIA5,INV-TRD2-154,417749.84,Fully Paid
a0xRg00000BHRFBIA5,INV-TRD2-155,85614.4,Fully Paid
a0xRg00000BHUbFIAX,INV-TRD-583,69133.94,Partially Paid
a0xRg00000BHUkvIAH,INV-TRD-584,32874,Partially Paid
a0xRg00000BHVc9IAH,INV-TRD-585,29253.31,Partially Paid
a0xRg00000BHVibIAH,INV-TRD-586,49655.85,Fully Paid
a0xRg00000BHVtuIAH,INV-TRD-587,44727.9,Fully Paid
a0xRg00000BHXyvIAH,INV-TRD-588,29060,Fully Paid
a0xRg00000BI5XaIAL,INV-BTL-52,300000,Cancelled
a0xRg00000BJYndIAH,INV-TRD2-156,,Pending
a0xRg00000BJYpFIAX,INV-TRD2-157,1023380.74,Partially Paid
a0xRg00000BJYqrIAH,INV-TRD-589,28522.94,Cancelled
a0xRg00000BJYsTIAX,INV-TRD-590,28522.94,Cancelled
a0xRg00000BJZv0IAH,INV-TRD-592,468281.26,Fully Paid
a0xRg00000BJaUUIA1,INV-TRD-591,330916.74,Fully Paid
a0xRg00000BJbDdIAL,INV-TRD-593,234120,Fully Paid
a0xRg00000BJbK5IAL,INV-TRD-594,140472,Fully Paid
a0xRg00000BJbQXIA1,INV-TRD-595,46824,Fully Paid
a0xRg00000BJbS9IAL,INV-TRD-596,46824,Fully Paid
a0xRg00000BJc4rIAD,INV-TRD-597,31093,Fully Paid
a0xRg00000BJc6TIAT,INV-TRD-598,27307.98,Fully Paid
a0xRg00000BJcfxIAD,INV-TRD2-158,338184.8,Fully Paid
a0xRg00000BJcjBIAT,INV-TRD2-159,138423.92,Fully Paid
a0xRg00000BJcuTIAT,INV-TRD-599,44285.04,Fully Paid
a0xRg00000BJeHzIAL,INV-TRD-602,27734,Fully Paid
a0xRg00000BJeg9IAD,INV-TRD-600,29146.32,Fully Paid
a0xRg00000BJf4LIAT,INV-TRD-601,31185.82,Fully Paid
a0xRg00000BJfvbIAD,INV-TRD-609,,Pending
a0xRg00000BJgRpIAL,INV-TRD-603,33738.02,Fully Paid
a0xRg00000BJglBIAT,INV-TRD-604,28972,Partially Paid
a0xRg00000BJh2vIAD,INV-TRD-605,31000,Fully Paid
a0xRg00000BJhHRIA1,INV-TRD-606,66948,Partially Paid
a0xRg00000BJi5RIAT,INV-TRD-607,26187,Fully Paid
a0xRg00000BJiBtIAL,INV-TRD-608,,Cancelled
a0xRg00000BJjazIAD,INV-TRD-610,29115.9,Fully Paid
a0xRg00000BM2PqIAL,INV-TRD-613,64408,Fully Paid
a0xRg00000BM3YqIAL,INV-TRD-614,64408,Fully Paid
a0xRg00000BM4Q1IAL,INV-TRD-611,29402.76,Fully Paid
a0xRg00000BM4RdIAL,INV-TRD-612,64408,Fully Paid
a0xRg00000BM4TFIA1,INV-TRD-615,64407.12,Fully Paid
a0xRg00000BM4UrIAL,INV-TRD-616,64407.12,Fully Paid
a0xRg00000BM4xtIAD,INV-TRD-617,65177.7,Fully Paid
a0xRg00000BM4zVIAT,INV-TRD-618,28664.16,Fully Paid
a0xRg00000BM52jIAD,INV-TRD-619,27982,Fully Paid
a0xRg00000BM54LIAT,INV-TRD-620,,Pending
a0xRg00000BM55xIAD,INV-TRD-621,26579.36,Fully Paid
a0xRg00000BM5E1IAL,INV-TRD-622,214281.04,Fully Paid
a0xRg00000BM5FdIAL,INV-TRD-623,331754.02,Fully Paid
a0xRg00000BM5IrIAL,INV-TRD-624,120636,Partially Paid
a0xRg00000BM5KTIA1,INV-TRD-625,30159,Partially Paid
a0xRg00000BM5M5IAL,INV-TRD-626,30159,Partially Paid
a0xRg00000BM5NhIAL,INV-TRD-627,30159,Partially Paid
a0xRg00000BM5PJIA1,INV-TRD-628,30159.02,Fully Paid
a0xRg00000BM5PKIA1,INV-TRD-646,28939.56,Fully Paid
a0xRg00000BM5QvIAL,INV-TRD-629,30159.02,Fully Paid
a0xRg00000BM5abIAD,INV-TRD-630,133736.28,Fully Paid
a0xRg00000BM60PIAT,INV-TRD-631,28660,Fully Paid
a0xRg00000BM65FIAT,INV-TRD-632,658963.56,Fully Paid
a0xRg00000BM68TIAT,INV-TRD-633,279069.7,Cancelled
a0xRg00000BM6A5IAL,INV-TRD-634,139534.8,Cancelled
a0xRg00000BM6EvIAL,INV-TRD-635,27906.96,Cancelled
a0xRg00000BM6GXIA1,INV-TRD-636,19958.24,Cancelled
a0xRg00000BM6I9IAL,INV-TRD-637,,Cancelled
a0xRg00000BM6JlIAL,INV-TRD-638,,Cancelled
a0xRg00000BM6MzIAL,INV-TRD-639,,Cancelled
a0xRg00000BM6gLIAT,INV-TRD-640,30456.16,Fully Paid
a0xRg00000BM6q1IAD,INV-TRD-641,471158.43,Fully Paid
a0xRg00000BM72vIAD,INV-TRD-642,66858.34,Fully Paid
a0xRg00000BM7NtIAL,INV-TRD-643,66858.34,Fully Paid
a0xRg00000BM7xOIAT,INV-TRD-647,28939.56,Fully Paid
a0xRg00000BM8ztIAD,INV-TRD-644,205726.92,Fully Paid
a0xRg00000BM91VIAT,INV-TRD-645,405153.84,Fully Paid
a0xRg00000BM9EPIA1,INV-TRD-648,28939.56,Fully Paid
a0xRg00000BM9G1IAL,INV-TRD-649,28939.56,Fully Paid
a0xRg00000BM9MTIA1,INV-TRD-650,28939.56,Fully Paid
a0xRg00000BM9O5IAL,INV-TRD-651,28950,Fully Paid
a0xRg00000BM9cbIAD,INV-TRD-652,27900,Partially Paid
a0xRg00000BM9xZIAT,INV-TRD2-160,205259.8,Fully Paid
a0xRg00000BMA0nIAH,INV-TRD2-161,85253.92,Fully Paid
a0xRg00000BMAlbIAH,INV-TRD-657,137093.76,Fully Paid
a0xRg00000BMClmIAH,INV-TRD-660,216291.6,Fully Paid
a0xRg00000BMEytIAH,INV-TRD-658,45697.92,Fully Paid
a0xRg00000BMFEzIAP,INV-TRD-653,190844,Partially Paid
a0xRg00000BMFdBIAX,INV-TRD-654,26835,Fully Paid
a0xRg00000BMFrhIAH,INV-TRD-655,26835,Fully Paid
a0xRg00000BMGPaIAP,INV-TRD-663,45673.2,Fully Paid
a0xRg00000BMJgoIAH,INV-TRD-661,274039.2,Fully Paid
a0xRg00000BMJthIAH,INV-TRD-656,1008504.32,Fully Paid
a0xRg00000BMK8DIAX,INV-TRD-659,45697.92,Fully Paid
a0xRg00000BML13IAH,INV-TRD-662,45673.2,Fully Paid
a0xRg00000BONJhIAP,INV-TRD2-162,205485.05,Partially Paid
a0xRg00000BOOinIAH,INV-TRD-664,44728.2,Fully Paid
a0xRg00000BOP8bIAH,INV-TRD-665,30875.76,Fully Paid
a0xRg00000BOPBpIAP,INV-TRD-666,30875.76,Fully Paid
a0xRg00000BOPtNIAX,INV-TRD-667,1143920.04,Fully Paid
a0xRg00000BOPwbIAH,INV-BTL-53,998750,Fully Paid
a0xRg00000BOPyDIAX,INV-BTL-54,4978000,Fully Paid
a0xRg00000BOQ6HIAX,INV-TRD-668,335520.6,Fully Paid
a0xRg00000BOQ7tIAH,INV-TRD-669,67104.12,Fully Paid
a0xRg00000BOQ9VIAX,INV-TRD-670,67106.4,Fully Paid
a0xRg00000BOQB7IAP,INV-TRD-671,67104.12,Fully Paid
a0xRg00000BOSEYIA5,INV-TRD-681,,Pending
a0xRg00000BOSfyIAH,INV-TRD-680,,Pending
a0xRg00000BOSrFIAX,INV-TRD-672,234404.13,Fully Paid
a0xRg00000BOSxhIAH,INV-TRD-673,165181.5,Fully Paid
a0xRg00000BOT0vIAH,INV-TRD-674,33036.3,Fully Paid
a0xRg00000BOT5lIAH,INV-TRD-675,33036.3,Fully Paid
a0xRg00000BOTCDIA5,INV-TRD-676,22304.9,Partially Paid
a0xRg00000BOTH3IAP,INV-TRD-677,,Pending
a0xRg00000BOTKIIA5,INV-TRD-686,,Pending
a0xRg00000BOTLtIAP,INV-TRD-678,,Pending
a0xRg00000BOTNVIA5,INV-TRD-679,,Pending
a0xRg00000BOTYnIAP,INV-TRD-682,,Pending
a0xRg00000BOTfFIAX,INV-TRD-683,,Pending
a0xRg00000BOTgrIAH,INV-TRD-684,,Pending
a0xRg00000BOTk5IAH,INV-TRD-685,,Pending
a0xRg00000BOTtlIAH,INV-TRD-687,,Pending
a0xRg00000BOTybIAH,INV-TRD-688,,Pending
a0xRg00000BOXR7IAP,INV-TRD-689,28451.48,Fully Paid
a0xRg00000BOYDVIA5,INV-TRD2-163,,Cancelled
a0xRg00000BOZ39IAH,INV-TRD-697,216097.71,Fully Paid
a0xRg00000BOateIAD,INV-TRD-702,30421,Partially Paid
a0xRg00000BOcAgIAL,INV-TRD-694,31051,Fully Paid
a0xRg00000BOcVeIAL,INV-TRD-703,30421,Pending
a0xRg00000BOeZ5IAL,INV-TRD-700,30421,Partially Paid
a0xRg00000BOeh8IAD,INV-TRD-691,155250.7,Partially Paid
a0xRg00000BOf0TIAT,INV-TRD-690,531017,Fully Paid
a0xRg00000BOf3iIAD,INV-TRD-692,31050,Partially Paid
a0xRg00000BOfRtIAL,INV-TRD-693,31050,Partially Paid
a0xRg00000BOfZxIAL,INV-TRD-695,31051,Fully Paid
a0xRg00000BOfdBIAT,INV-TRD-696,31051,Fully Paid
a0xRg00000BOj5hIAD,INV-TRD-698,304218,Fully Paid
a0xRg00000BOjFNIA1,INV-TRD-699,152105,Partially Paid
a0xRg00000BOjTtIAL,INV-TRD-701,30421,Partially Paid
a0xRg00000BOjbxIAD,INV-TRD-704,30421.1,Fully Paid
a0xRg00000BQX8VIAX,INV-TRD-715,32549.82,Fully Paid
a0xRg00000BQXV8IAP,INV-TRD-707,34414.94,Fully Paid
a0xRg00000BQYMHIA5,INV-TRD-705,588204,Fully Paid
a0xRg00000BQYNtIAP,INV-TRD-706,172410,Fully Paid
a0xRg00000BQYPVIA5,INV-TRD-708,34415.06,Fully Paid
a0xRg00000BQYR7IAP,INV-TRD-709,34415,Fully Paid
a0xRg00000BQYSjIAP,INV-TRD-710,34414.94,Fully Paid
a0xRg00000BQYULIA5,INV-TRD-711,34415.06,Fully Paid
a0xRg00000BQYZCIA5,INV-TRD-725,29652.58,Fully Paid
a0xRg00000BQZa5IAH,INV-TRD-712,101137.8,Fully Paid
a0xRg00000BQZbhIAH,INV-TRD-713,556497,Fully Paid
a0xRg00000BQZdJIAX,INV-TRD-714,162750,Fully Paid
a0xRg00000BQZevIAH,INV-TRD-716,32550.18,Fully Paid
a0xRg00000BQZgXIAX,INV-TRD-717,32550,Fully Paid
a0xRg00000BQZi9IAH,INV-TRD-718,32549.82,Fully Paid
a0xRg00000BQZjlIAH,INV-TRD-719,32550.18,Fully Paid
a0xRg00000BQZmzIAH,INV-TRD-720,388633.54,Fully Paid
a0xRg00000BQZrpIAH,INV-TRD-721,148237.54,Partially Paid
a0xRg00000BQZtRIAX,INV-TRD-722,118612,Fully Paid
a0xRg00000BQZv3IAH,INV-TRD-723,29653,Fully Paid
a0xRg00000BQZwfIAH,INV-TRD-724,29653,Fully Paid
a0xRg00000BQZyHIAX,INV-TRD-726,29652.58,Fully Paid
a0xRg00000BQZztIAH,INV-TRD-727,29652.58,Fully Paid
a0xRg00000BSRdFIAX,INV-TRD2-164,101643.9,Fully Paid
a0xRg00000BSRerIAH,INV-TRD2-165,43868.07,Fully Paid
a0xRg00000BSRrmIAH,INV-TRD-731,,Cancelled
a0xRg00000BSSHZIA5,INV-TRD-728,176830.08,Fully Paid
a0xRg00000BSSJBIA5,INV-TRD-729,139267.85,Partially Paid
a0xRg00000BSSKnIAP,INV-TRD-730,,Pending
a0xRg00000BSSMPIA5,INV-TRD-732,,Cancelled
a0xRg00000BSSO1IAP,INV-TRD-733,,Cancelled
a0xRg00000BSSPdIAP,INV-TRD-734,,Cancelled
a0xRg00000BSSRFIA5,INV-TRD-735,,Cancelled
a0xRg00000BSSSrIAP,INV-TRD-736,,Cancelled
a0xRg00000BSSUTIA5,INV-TRD-737,,Cancelled
a0xRg00000BSSW5IAP,INV-TRD-738,,Cancelled
a0xRg00000BSSXhIAP,INV-TRD-739,,Cancelled
a0xRg00000BSSe9IAH,INV-TRD-740,,Cancelled
a0xRg00000BSSflIAH,INV-TRD-741,,Cancelled
a0xRg00000BSShNIAX,INV-TRD-742,,Cancelled
a0xRg00000BSShOIAX,INV-TRD-746,571752,Fully Paid
a0xRg00000BSSizIAH,INV-TRD-743,,Cancelled
a0xRg00000BSSkbIAH,INV-TRD-744,174675.6,Fully Paid
a0xRg00000BSSmDIAX,INV-TRD-745,171525.6,Fully Paid
a0xRg00000BSSpRIAX,INV-TRD-747,,Cancelled
a0xRg00000BSSr3IAH,INV-TRD-748,,Cancelled
a0xRg00000BSSsfIAH,INV-TRD-749,,Cancelled
a0xRg00000BSSz7IAH,INV-TRD-750,,Cancelled
a0xRg00000BST0jIAH,INV-TRD-751,,Cancelled
a0xRg00000BST2LIAX,INV-TRD-752,,Cancelled
a0xRg00000BST3xIAH,INV-TRD-753,,Cancelled
a0xRg00000BST5ZIAX,INV-TRD-754,,Cancelled
a0xRg00000BST7BIAX,INV-TRD-755,,Cancelled
a0xRg00000BST8nIAH,INV-TRD-756,,Cancelled
a0xRg00000BSTAPIA5,INV-TRD-757,,Cancelled
a0xRg00000BSTC1IAP,INV-TRD-758,,Cancelled
a0xRg00000BSTDdIAP,INV-TRD-759,,Cancelled
a0xRg00000BTNanIAH,INV-TRD2-166,158865,Fully Paid
a0xRg00000BTNcPIAX,INV-TRD2-167,34923,Fully Paid
a0xRg00000BTOLZIA5,INV-TRD2-168,84957.6,Fully Paid
a0xRg00000BTOWrIAP,INV-BTL-55,975000,Partially Paid
a0xRg00000BTOtTIAX,INV-TRD-770,,Pending
a0xRg00000BTPfqIAH,INV-TRD-774,,Pending
a0xRg00000BTQ5eIAH,INV-TRD-767,,Pending
a0xRg00000BTQFKIA5,INV-TRD-761,197697.52,Partially Paid
a0xRg00000BTR3KIAX,INV-TRD-769,,Pending
a0xRg00000BTR6YIAX,INV-TRD-777,27496,Fully Paid
a0xRg00000BTR9lIAH,INV-TRD-760,249645.48,Fully Paid
a0xRg00000BTRBNIA5,INV-TRD-762,,Pending
a0xRg00000BTRCzIAP,INV-TRD-763,,Pending
a0xRg00000BTREbIAP,INV-TRD-764,,Pending
a0xRg00000BTRGDIA5,INV-TRD-765,,Pending
a0xRg00000BTRHpIAP,INV-TRD-766,,Pending
a0xRg00000BTRL3IAP,INV-TRD-768,,Pending
a0xRg00000BTRT7IAP,INV-TRD-771,,Pending
a0xRg00000BTRUjIAP,INV-TRD-772,,Pending
a0xRg00000BTRWLIA5,INV-TRD-773,,Pending
a0xRg00000BTRZZIA5,INV-TRD-775,,Pending
a0xRg00000BTS0zIAH,INV-TRD-776,608060,Fully Paid
a0xRg00000BTS2bIAH,INV-TRD-778,27495.9,Fully Paid
a0xRg00000BTSCHIA5,INV-TRD-779,27495.9,Fully Paid
a0xRg00000BTSFVIA5,INV-TRD-780,27495.9,Fully Paid
a0xRg00000BTSKLIA5,INV-TRD-781,27495.9,Fully Paid
a0xRg00000BVT5pIAH,INV-TRD2-169,40350.6,Fully Paid
a0xRg00000BVT7RIAX,INV-TRD2-170,93001.5,Fully Paid
a0xRg00000BVV9FIAX,INV-TRD-782,26579.36,Fully Paid
a0xRg00000BVVsPIAX,INV-BTL-56,4475500,Fully Paid
a0xRg00000BVVu1IAH,INV-BTL-57,4910000,Fully Paid
a0xRg00000BVXFtIAP,INV-BTL-58,2726200,Fully Paid
a0xRg00000BVXHVIA5,INV-BTL-59,2726200,Fully Paid
a0xRg00000BVeqrIAD,INV-BTL-60,2091500,Fully Paid
a0xRg00000BXrwrIAD,INV-TRD-783,26835,Fully Paid
a0xRg00000BXryTIAT,INV-TRD-784,26835,Fully Paid
a0xRg00000BXs05IAD,INV-TRD-785,26834.76,Fully Paid
a0xRg00000BXs1hIAD,INV-TRD-786,161010.24,Fully Paid
a0xRg00000BXs3JIAT,INV-TRD-787,26835,Fully Paid
a0xRg00000BXs3KIAT,INV-TRD-791,26835,Fully Paid
a0xRg00000BXs4vIAD,INV-TRD-788,26835,Fully Paid
a0xRg00000BXs6XIAT,INV-TRD-789,26835,Fully Paid
a0xRg00000BXs89IAD,INV-TRD-790,26835,Fully Paid
a0xRg00000BXs9lIAD,INV-TRD-792,26835,Fully Paid
a0xRg00000BXsBNIA1,INV-TRD-793,26835,Fully Paid
a0xRg00000BXsCzIAL,INV-TRD-794,26835,Fully Paid
a0xRg00000BXsEbIAL,INV-TRD-795,26835,Fully Paid
a0xRg00000Ba9cjIAB,INV-BTL-61,4565000,Cancelled
a0xRg00000Ba9eLIAR,INV-BTL-62,2282500,Cancelled
a0xRg00000Ba9fxIAB,INV-BTL-63,,Cancelled
a0xRg00000Ba9jBIAR,INV-BTL-64,4535000,Cancelled
a0xRg00000Ba9knIAB,INV-BTL-65,2267500,Cancelled
a0xRg00000Ba9mPIAR,INV-BTL-66,,Cancelled
a0xRg00000BaA2XIAV,INV-BTL-67,4989150,Fully Paid
a0xRg00000BaA5lIAF,INV-BTL-68,2077500,Fully Paid
a0xRg00000BaA7NIAV,INV-BTL-69,1000000,Partially Paid
a0xRg00000BaBkzIAF,INV-BTL-70,4985050,Fully Paid
a0xRg00000BaBmbIAF,INV-BTL-71,2264500,Fully Paid
a0xRg00000BaBrRIAV,INV-BTL-72,2264500,Fully Paid
a0xRg00000BaC17IAF,INV-BTL-73,2261350,Partially Paid
a0xRg00000BaD8TIAV,INV-BTL-74,7066650,Fully Paid
a0xRg00000BaDA5IAN,INV-BTL-75,2077500,Fully Paid
a0xRg00000BaDBhIAN,INV-BTL-76,2077500,Fully Paid
a0xRg00000BaDDJIA3,INV-BTL-77,2804793,Partially Paid
a0xRg00000BaDObIAN,INV-BTL-78,818314,Fully Paid
a0xRg00000BaDQDIA3,INV-BTL-79,4075820,Fully Paid
a0xRg00000BaDRpIAN,INV-BTL-80,2037910,Fully Paid
a0xRg00000BaDTRIA3,INV-BTL-81,2037910,Fully Paid
a0xRg00000BaEcQIAV,INV-TRD2-171,79432.5,Fully Paid
a0xRg00000BaIg1IAF,INV-BTL-82,5557757,Partially Paid
a0xRg00000BaIrJIAV,INV-BTL-83,2314000,Partially Paid
a0xRg00000BaJ4DIAV,INV-BTL-84,2314052,Partially Paid
a0xRg00000BcK0zIAF,INV-TRD-796,26343.68,Fully Paid
a0xRg00000BcPGpIAN,INV-TRD-798,212603.68,Fully Paid
a0xRg00000BcQcfIAF,INV-TRD2-172,209040,Fully Paid
a0xRg00000BcUl7IAF,INV-TRD-797,454932.82,Fully Paid
a0xRg00000BcV7hIAF,INV-TRD-799,26575.46,Fully Paid
a0xRg00000BcV9JIAV,INV-TRD-800,26575.46,Fully Paid
a0xRg00000BcW5NIAV,INV-TRD-801,132877.3,Fully Paid
a0xRg00000BcaQjIAJ,INV-TRD-802,23188.14,Fully Paid
a0xRg00000Bcb6fIAB,INV-TRD-803,0,Partially Paid
a0xRg00000Be409IAB,INV-TRD2-173,149346.12,Fully Paid
a0xRg00000Be46bIAB,INV-TRD2-174,90180.3,Fully Paid
a0xRg00000Be48DIAR,INV-TRD2-175,39143.37,Partially Paid
a0xRg00000BesmXIAR,INV-TRD2-176,204555,Fully Paid
a0xRg00000Beso9IAB,INV-TRD2-177,84972,Fully Paid
a0xRg00000BeuA2IAJ,INV-BTL-86,2417500,Fully Paid
a0xRg00000BevHNIAZ,INV-BTL-85,5802000,Partially Paid
a0xRg00000BevIzIAJ,INV-BTL-87,2417500,Fully Paid
a0xRg00000BevxJIAR,INV-TRD2-178,89298.8,Partially Paid
a0xRg00000Bew29IAB,INV-BTL-88,,Pending
a0xRg00000Bew3lIAB,INV-BTL-89,,Pending
a0xRg00000BfS6rIAF,INV-TRD2-179,93001.5,Fully Paid
a0xRg00000BfTNtIAN,INV-TRD2-180,39747.6,Fully Paid
a0xRg00000BfTPVIA3,INV-TRD2-181,91494,Fully Paid
a0xRg00000Bho9hIAB,INV-TRD-804,106317.44,Fully Paid
a0xRg00000BhqppIAB,INV-BTL-90,2194500,Fully Paid
a0xRg00000BhtFpIAJ,INV-TRD-805,137093.76,Fully Paid
a0xRg00000BhtNtIAJ,INV-TRD-806,45697.92,Fully Paid
a0xRg00000BhvmHIAR,INV-TRD-807,98918.4,Fully Paid
a0xRg00000BhvpVIAR,INV-TRD-808,32972.8,Fully Paid
a0xRg00000BhxCzIAJ,INV-TRD-809,501508.8,Partially Paid
a0xRg00000Bk98PIAR,INV-TRD2-182,87667,Fully Paid
a0xRg00000Bk9DFIAZ,INV-TRD-810,182791.68,Fully Paid
a0xRg00000Bk9d3IAB,INV-TRD-811,25901,Partially Paid
a0xRg00000BkEEYIA3,INV-TRD2-183,89382.8,Fully Paid
a0xRg00000BkFtlIAF,INV-TRD2-184,103026,Fully Paid
a0xRg00000BkG0DIAV,INV-TRD2-185,205259.8,Fully Paid
a0xRg00000BkHVlIAN,INV-TRD2-186,91881.1,Fully Paid
a0xRg00000BmPIjIAN,INV-TRD2-187,39395.4,Fully Paid
a0xRg00000BmPKLIA3,INV-TRD2-188,90604.6,Partially Paid
a0xRg00000BpXLOIA3,PES-1003-2025,2195700,Cancelled
a0xRg00000BpXhxIAF,INV-TRD-812,29802.46,Fully Paid
a0xRg00000BpXjZIAV,INV-TRD-813,34375.22,Fully Paid
a0xRg00000BpYUNIA3,INV-TRD-819,31465,Fully Paid
a0xRg00000BpZBzIAN,INV-TRD-816,,Pending
a0xRg00000BpZtRIAV,INV-TRD-814,,Pending
a0xRg00000BpZv3IAF,INV-TRD-815,33637.42,Fully Paid
a0xRg00000BpZwfIAF,INV-TRD-817,66462,Cancelled
a0xRg00000BpZyHIAV,INV-TRD-818,28250.66,Fully Paid
a0xRg00000BpZztIAF,INV-TRD-820,27650.98,Fully Paid
a0xRg00000Bpa1VIAR,INV-TRD-821,207200,Fully Paid
a0xRg00000Bpa37IAB,INV-TRD-822,207200,Fully Paid
a0xRg00000Bpa4jIAB,INV-TRD-823,234400,Fully Paid
a0xRg00000Bpa6LIAR,INV-TRD-824,234400,Fully Paid
a0xRg00000Bpa7xIAB,INV-TRD-825,459400,Fully Paid
a0xRg00000Bpa9ZIAR,INV-TRD-826,459400,Fully Paid
a0xRg00000BpaBBIAZ,INV-TRD-827,221800,Fully Paid
a0xRg00000BpaCnIAJ,INV-TRD2-189,92391,Fully Paid
a0xRg00000BpaEPIAZ,INV-TRD-828,221800,Fully Paid
a0xRg00000BpaG1IAJ,INV-TRD-829,471400,Fully Paid
a0xRg00000BpaHdIAJ,INV-TRD-830,471400,Fully Paid
a0xRg00000BpaJFIAZ,INV-TRD-831,202000,Fully Paid
a0xRg00000BpaJGIAZ,INV-TRD-834,197200,Fully Paid
a0xRg00000BpaKrIAJ,INV-TRD-832,202000,Fully Paid
a0xRg00000BpaMTIAZ,INV-TRD-833,197200,Fully Paid
a0xRg00000BpaO5IAJ,INV-TRD-835,194800,Fully Paid
a0xRg00000BpaPhIAJ,INV-TRD-836,194800,Fully Paid
a0xRg00000BpaRJIAZ,INV-TRD-837,239800,Fully Paid
a0xRg00000BpaSvIAJ,INV-TRD-838,239800,Fully Paid
a0xRg00000BpaUXIAZ,INV-TRD-839,187200,Fully Paid
a0xRg00000BpaW9IAJ,INV-TRD-840,187200,Fully Paid
a0xRg00000BpaXlIAJ,INV-TRD-841,319000,Fully Paid
a0xRg00000BpaZNIAZ,INV-TRD-842,319000,Fully Paid
a0xRg00000BpaazIAB,INV-TRD-843,212600,Fully Paid
a0xRg00000BpacbIAB,INV-TRD-844,212600,Fully Paid
a0xRg00000BpaeDIAR,INV-TRD-845,475600,Fully Paid
a0xRg00000BpafpIAB,INV-TRD-846,475600,Fully Paid
a0xRg00000BruH3IAJ,INV-TRD-847,64856.62,Fully Paid
a0xRg00000BrvZhIAJ,INV-TRD-848,141227.04,Partially Paid
a0xRg00000BrvbJIAR,INV-TRD-849,334291.75,Fully Paid
a0xRg00000BrvcvIAB,INV-TRD-850,200575.02,Fully Paid
a0xRg00000BrveXIAR,INV-TRD-851,66858.34,Fully Paid
a0xRg00000Brvg9IAB,INV-TRD-852,66858.34,Fully Paid
a0xRg00000BrvgAIAR,INV-TRD-855,66858.34,Fully Paid
a0xRg00000BrvhmIAB,INV-TRD-859,66858.34,Fully Paid
a0xRg00000BrvjNIAR,INV-TRD-853,66858.34,Fully Paid
a0xRg00000BrvkzIAB,INV-TRD-854,66858.34,Fully Paid
a0xRg00000BrvmbIAB,INV-TRD-856,66858.34,Fully Paid
a0xRg00000BrvoDIAR,INV-TRD-857,66858.24,Partially Paid
a0xRg00000BrvppIAB,INV-TRD-858,66858.34,Fully Paid
a0xRg00000BrvrRIAR,INV-TRD-860,66858.34,Fully Paid
a0xRg00000BuUZnIAN,INV-BTL-92,1012750,Fully Paid
a0xRg00000BuVXTIA3,INV-BTL-91,2524000,Fully Paid
a0xRg00000C1cltIAB,INV-TRD2-190,93001.5,Fully Paid
a0xRg00000C1dy5IAB,INV-TRD-861,26265.12,Fully Paid
a0xRg00000C1dzhIAB,INV-TRD-862,29802,Partially Paid
a0xRg00000C1eSlIAJ,INV-TRD-864,29402.76,Fully Paid
a0xRg00000C1exPIAR,INV-TRD2-192,37372.65,Partially Paid
a0xRg00000C1f3pIAB,INV-TRD-863,122196,Partially Paid
a0xRg00000C1f8fIAB,INV-TRD2-191,257940.82,Partially Paid
a0xRg00000C1fBtIAJ,INV-TRD2-193,92140.4,Fully Paid
a0xRg00000C1fDVIAZ,INV-TRD2-194,40006.16,Fully Paid
a0xRg00000C1h8rIAB,INV-TRD-865,29262.2,Fully Paid
a0xRg00000C1i4vIAB,INV-TRD-866,,Pending
a0xRg00000C3sBRIAZ,INV-TRD-867,201311.88,Partially Paid
a0xRg00000C3sTBIAZ,INV-BTL-93,,Cancelled
a0xRg00000C43OcIAJ,INV-TRD2-195,208618.8,Fully Paid
a0xRg00000C6BebIAF,INV-TRD2-196,,Cancelled
a0xRg00000C6BhpIAF,INV-TRD2-197,,Cancelled
a0xRg00000C6DzlIAF,INV-TRD-868,25901,Partially Paid
a0xRg00000C6KV0IAN,INV-TRD-869,32874,Partially Paid
a0xRg00000C6Mq9IAF,INV-TRD-870,69173.94,Fully Paid
a0xRg00000C6OaDIAV,INV-BTL-94,50000,Cancelled
a0xRg00000C8PyPIAV,INV-TRD2-198,92124.65,Partially Paid
a0xRg00000C8QHmIAN,INV-BTL-95,,Cancelled
a0xRg00000C8UJlIAN,INV-TRD2-199,462787.5,Fully Paid
a0xRg00000C8WBtIAN,INV-TRD2-200,21661.5,Fully Paid
a0xRg00000CAlI5IAL,INV-TRD-871,29060,Fully Paid
a0xRg00000CAlJhIAL,INV-TRD-872,31093,Fully Paid
a0xRg00000CAlOXIA1,INV-TRD-873,27307.98,Fully Paid
a0xRg00000CCcsEIAT,INV-BTL-96,2327961.3,Partially Paid
a0xRg00000CCdl3IAD,INV-TRD-874,66948,Partially Paid
a0xRg00000CDWMXIA5,INV-TRD-875,44285.04,Fully Paid
a0xRg00000CDWO9IAP,INV-TRD-876,29146.32,Fully Paid
a0xRg00000CDWRNIA5,INV-TRD-877,33737.96,Partially Paid
a0xRg00000CDWSzIAP,INV-TRD-878,60000,Fully Paid
a0xRg00000CDWUbIAP,INV-TRD-879,28972,Partially Paid
a0xRg00000CDWWDIA5,INV-TRD-880,31000,Fully Paid
a0xRg00000CDWxdIAH,INV-TRD-881,26186.56,Fully Paid
a0xRg00000CDX45IAH,INV-TRD-882,,Cancelled
a0xRg00000CDXP3IAP,INV-TRD-883,,Pending
a0xRg00000CDXfBIAX,INV-TRD-884,29115.9,Fully Paid
a0xRg00000CDXiPIAX,INV-TRD-885,32938.4,Fully Paid
a0xRg00000CDXldIAH,INV-TRD-886,65177.7,Fully Paid
a0xRg00000CDYrNIAX,INV-TRD-887,28664.16,Fully Paid
a0xRg00000CDYszIAH,INV-TRD-888,27982,Fully Paid
a0xRg00000CDYubIAH,INV-TRD-889,,Pending
a0xRg00000CDZDyIAP,INV-TRD-890,319962.72,Fully Paid
a0xRg00000CDZVhIAP,INV-TRD-891,342817.2,Fully Paid
a0xRg00000CDZYvIAP,INV-TRD-892,348061.44,Partially Paid
a0xRg00000CDmzCIAT,INV-TRD2-201,101643.9,Fully Paid
a0xRg00000CFpJRIA1,INV-TRD-893,89961,Fully Paid
a0xRg00000CFrujIAD,INV-TRD-894,,Pending
a0xRg00000CFrwLIAT,INV-TRD-895,46824,Fully Paid
a0xRg00000CFtgPIAT,INV-TRD-896,27900.22,Fully Paid
a0xRg00000CIKmAIAX,INV-TRD2-202,39469.16,Fully Paid
a0xRg00000CIKsbIAH,INV-TRD2-203,90797.9,Fully Paid
a0xRg00000CIKvpIAH,INV-TRD2-204,39795.2,Partially Paid
a0xRg00000CIKxRIAX,INV-TRD2-205,91658,Partially Paid
a0xRg00000CIVBLIA5,INV-TRD-898,136539.9,Fully Paid
a0xRg00000CIYSYIA5,INV-TRD-899,27307.98,Fully Paid
a0xRg00000CIYabIAH,INV-TRD-897,467385.66,Fully Paid
a0xRg00000CIZRpIAP,INV-TRD-900,27307.98,Fully Paid
a0xRg00000CIZbVIAX,INV-TRD-901,27307.98,Fully Paid
a0xRg00000CKYUrIAP,INV-BTL-97,2489000,Fully Paid
a0xRg00000CKYZhIAP,INV-TRD2-206,,Cancelled
a0xRg00000CKYbJIAX,INV-TRD2-207,103658.1,Fully Paid
a0xRg00000CKYwHIAX,INV-TRD2-208,93001.5,Fully Paid
a0xRg00000CKZPoIAP,INV-TRD2-209,176479.5,Fully Paid
a0xRg00000CKb1JIAT,INV-TRD2-210,73741.8,Fully Paid
a0xRg00000CKbfdIAD,INV-BTL-98,2417500,Fully Paid
a0xRg00000CKdmHIAT,INV-TRD2-211,86112.5,Fully Paid
a0xRg00000CMFeDIAX,INV-TRD2-212,91494,Fully Paid
a0xRg00000CMHbBIAX,INV-TRD-902,419898,Partially Paid
a0xRg00000CMIQoIAP,INV-TRD-908,32550,Fully Paid
a0xRg00000CMJQ5IAP,INV-TRD-903,27495.9,Fully Paid
a0xRg00000CMJRhIAP,INV-TRD-904,,Pending
a0xRg00000CMJZlIAP,INV-TRD-905,,Cancelled
a0xRg00000CMJbNIAX,INV-TRD-906,,Cancelled
a0xRg00000CMJczIAH,INV-TRD-907,29652.58,Fully Paid
a0xRg00000CMJl3IAH,INV-TRD-909,101137.8,Fully Paid
a0xRg00000CMJl4IAH,INV-TRD-921,45673.2,Fully Paid
a0xRg00000CMJmfIAH,INV-TRD-910,34415,Fully Paid
a0xRg00000CMJwLIAX,INV-TRD-911,30421,Partially Paid
a0xRg00000CMJxxIAH,INV-TRD-912,31051,Fully Paid
a0xRg00000CMKFhIAP,INV-TRD-913,47523.62,Fully Paid
a0xRg00000CMKXRIA5,INV-TRD-914,28451.48,Fully Paid
a0xRg00000CMKfVIAX,INV-TRD-915,29511.38,Fully Paid
a0xRg00000CML0UIAX,INV-TRD-918,67510.62,Fully Paid
a0xRg00000CML5JIAX,INV-TRD-916,,Pending
a0xRg00000CMLIDIA5,INV-TRD-917,30875.76,Fully Paid
a0xRg00000CMLRtIAP,INV-TRD-919,45673.2,Fully Paid
a0xRg00000CMLV7IAP,INV-TRD-920,45673.2,Fully Paid
a0xRg00000CMLWjIAP,INV-TRD-922,45673.2,Fully Paid
a0xRg00000CMMB6IAP,INV-TRD-924,26835,Fully Paid
a0xRg00000CMNgbIAH,INV-TRD-923,45673.2,Fully Paid
a0xRg00000CODgLIAX,INV-TRD-925,28522.94,Cancelled
a0xRg00000CPFOSIA5,INV-TRD2-213,166647.6,Fully Paid
a0xRg00000CPLTmIAP,INV-TRD-926,28939.56,Fully Paid
a0xRg00000CPSF8IAP,INV-TRD-929,,Cancelled
a0xRg00000CPUYhIAP,INV-TRD-931,133736.28,Fully Paid
a0xRg00000CPXjRIAX,INV-TRD-927,66858.34,Fully Paid
a0xRg00000CPY7dIAH,INV-TRD-928,30456.16,Fully Paid
a0xRg00000CPZriIAH,INV-TRD-932,30159.02,Fully Paid
a0xRg00000CPZtJIAX,INV-TRD-930,28660,Fully Paid
a0xRg00000CRXnOIAX,INV-TRD2-214,85631,Fully Paid
a0xRg00000CRtEPIA1,INV-TRD2-215,222603,Fully Paid
a0xRg00000CRtpVIAT,INV-TRD2-216,47670,Partially Paid
a0xRg00000CWOBZIA5,INV-TRD2-217,338184.8,Fully Paid
a0xRg00000CWOGPIA5,INV-TRD2-218,338184.8,Fully Paid
a0xRg00000CWSK1IAP,INV-TRD2-219,88695.8,Fully Paid
a0xRg00000CWSThIAP,INV-TRD2-220,87597.2,Partially Paid
a0xRg00000CWdliIAD,INV-TRD2-221,44612.4,Fully Paid
a0xRg00000CWi74IAD,INV-TRD2-222,103656,Fully Paid
a0xRg00000CaofJIAR,INV-TRD2-223,45182.96,Fully Paid
a0xRg00000CaogvIAB,INV-TRD2-224,210164.8,Fully Paid
a0xRg00000CaollIAB,INV-TRD-933,69708.08,Partially Paid
a0xRg00000Cbw7lIAB,INV-TRD2-225,101643.9,Fully Paid
a0xRg00000CbxQPIAZ,INV-TRD2-226,204555,Fully Paid
a0xRg00000Cc7ETIAZ,INV-TRD2-227,92578.2,Fully Paid
a0xRg00000CeP2PIAV,INV-TRD-934,34366.92,Fully Paid
a0xRg00000CgkifIAB,INV-TRD2-228,42843.6,Fully Paid
a0xRg00000CgkkHIAR,INV-TRD2-229,198468,Fully Paid
a0xRg00000Cgn73IAB,INV-TRD-935,64856.62,Fully Paid
a0xRg00000Cgn8fIAB,INV-TRD-936,66462,Cancelled
a0xRg00000CgnDVIAZ,INV-TRD2-230,91658,Partially Paid
a0xRg00000CgnLZIAZ,INV-TRD-937,277287.61,Partially Paid
a0xRg00000CgnNBIAZ,INV-TRD-938,138620,Partially Paid
a0xRg00000CgnOnIAJ,INV-TRD-939,27685.28,Partially Paid
a0xRg00000CgnQPIAZ,INV-TRD-940,27000,Partially Paid
a0xRg00000CgnS1IAJ,INV-TRD-941,27734,Fully Paid
a0xRg00000CgnTdIAJ,INV-TRD-942,27733.68,Fully Paid
a0xRg00000CgnYTIAZ,INV-TRD-943,101137.8,Fully Paid
a0xRg00000CgnbhIAB,INV-TRD-944,279866.99,Fully Paid
a0xRg00000CgndJIAR,INV-TRD-945,139860,Partially Paid
a0xRg00000CgnevIAB,INV-TRD-946,27932.52,Partially Paid
a0xRg00000Cgni9IAB,INV-TRD-947,28000,Fully Paid
a0xRg00000CgxOBIAZ,INV-TRD2-231,65399.8,Fully Paid
a0xRg00000Cj21xIAB,INV-TRD-948,27982,Fully Paid
a0xRg00000Cj46zIAB,INV-BTL-99,2314500,Fully Paid
a0xRg00000Cj4q9IAB,INV-TRD2-232,88195.2,Partially Paid
a0xRg00000Cj4uzIAB,INV-TRD2-233,106675.8,Fully Paid
a0xRg00000Cj57tIAB,INV-TRD2-234,105083.6,Fully Paid
a0xRg00000Cj5JBIAZ,INV-TRD-949,29802.46,Fully Paid
a0xRg00000CkrDkIAJ,INV-TRD2-235,37310,Fully Paid
a0xRg00000CksPtIAJ,INV-TRD2-236,87408.3,Fully Paid
a0xRg00000Ckt7RIAR,INV-TRD-950,157301.1,Fully Paid
a0xRg00000CktPBIAZ,INV-BTL-100,12432500,Fully Paid
a0xRg00000ClpTEIAZ,INV-TRD2-238,91350,Fully Paid
a0xRg00000ClvrxIAB,INV-TRD2-237,39690,Fully Paid
a0xRg00000CntndIAB,INV-TRD-951,32550,Fully Paid
a0xRg00000Cnw2LIAR,INV-TRD2-239,23277.5,Fully Paid
a0xRg00000Cnw3xIAB,INV-TRD2-240,100637.5,Fully Paid
a0xRg00000CqFnFIAV,INV-TRD2-241,440467.6,Partially Paid
a0xRg00000CqGwDIAV,INV-TRD2-242,444592.8,Partially Paid
a0xRg00000CqK2AIAV,INV-TRD2-243,433105.6,Partially Paid
a0xRg00000CqR0TIAV,INV-TRD-952,29802,Partially Paid
a0xRg00000CqVwuIAF,INV-TRD-953,34375.22,Fully Paid
a0xRg00000CsWP6IAN,INV-TRD-957,65177.7,Fully Paid
a0xRg00000CsWf7IAF,INV-TRD2-244,103127.5,Fully Paid
a0xRg00000CsWgjIAF,INV-TRD2-245,44401,Fully Paid
a0xRg00000CsWiLIAV,INV-TRD-954,29402.76,Fully Paid
a0xRg00000CsWnBIAV,INV-TRD-955,977665.5,Fully Paid
a0xRg00000CsWonIAF,INV-TRD-956,65177.7,Fully Paid
a0xRg00000CsWqPIAV,INV-TRD-958,65177.7,Fully Paid
a0xRg00000CuosrIAB,INV-BTL-101,,Pending
a0xRg00000CuoxhIAB,INV-BTL-102,4334500,Fully Paid
a0xRg00000CupCDIAZ,INV-BTL-103,4910000,Fully Paid
a0xRg00000CupIfIAJ,INV-BTL-104,4265500,Fully Paid
a0xRg00000CupqXIAR,INV-BTL-105,452012.73,Partially Paid
a0xRg00000CupvNIAR,INV-BTL-106,2726200,Fully Paid
a0xRg00000Cuq1pIAB,INV-BTL-107,,Pending
a0xRg00000CuqBVIAZ,INV-BTL-108,,Pending
a0xRg00000CuqRdIAJ,INV-BTL-109,,Cancelled
a0xRg00000CuqcvIAB,INV-BTL-110,,Cancelled
a0xRg00000CxH2yIAF,INV-TRD-959,18725.32,Cancelled
a0xRg00000CxhV3IAJ,INV-TRD2-246,85864.8,Fully Paid
a0xRg00000CxhYHIAZ,INV-TRD2-247,170804.11,Fully Paid
a0xRg00000CxiUSIAZ,INV-TRD2-248,206787,Fully Paid
a0xRg00000Cxjv3IAB,INV-TRD-960,29262.2,Fully Paid
a0xRg00000CxjwfIAB,INV-TRD-961,,Pending
a0xRg00000CxjyHIAR,INV-TRD-962,44728,Fully Paid
a0xRg00000CxjztIAB,INV-TRD-963,69173.94,Fully Paid
a0xRg00000Cxk1VIAR,INV-TRD-964,29059.4,Fully Paid
a0xRg00000Cxk37IAB,INV-TRD-965,32874,Partially Paid
a0xRg00000Cxk4jIAB,INV-TRD-966,31093,Fully Paid
a0xRg00000Cxk6LIAR,INV-TRD-967,,Pending
a0xRg00000CxlDhIAJ,INV-TRD2-249,158865,Fully Paid
a0xRg00000CxlNNIAZ,INV-TRD2-250,84957.6,Fully Paid
a0xRg00000D01uHIAR,INV-TRD-968,66948,Partially Paid
a0xRg00000D02lVIAR,INV-TRD2-251,40893.44,Fully Paid
a0xRg00000D02n7IAB,INV-TRD2-252,283075.8,Fully Paid
a0xRg00000D04QjIAJ,INV-TRD2-253,176300,Fully Paid
a0xRg00000D04SLIAZ,INV-TRD2-254,179066.33,Partially Paid
a0xRg00000D2MhhIAF,INV-TRD2-255,90613.5,Fully Paid
a0xRg00000D2Q5NIAV,INV-TRD-969,30159.02,Fully Paid
a0xRg00000D2QVBIA3,INV-TRD-970,116585.28,Fully Paid
a0xRg00000D2aJGIAZ,INV-TRD-971,30456.16,Fully Paid
a0xRg00000D4fTKIAZ,INV-TRD-972,27650.98,Fully Paid
a0xRg00000D4fbNIAR,INV-TRD-973,33637.42,Fully Paid
a0xRg00000D4fhpIAB,INV-TRD-974,44285.04,Fully Paid
a0xRg00000D4gE5IAJ,INV-TRD-975,311858.2,Fully Paid
a0xRg00000D4gHKIAZ,INV-TRD-982,31185.82,Fully Paid
a0xRg00000D4gM9IAJ,INV-TRD-976,31185.82,Fully Paid
a0xRg00000D4gQzIAJ,INV-TRD-977,31185.82,Fully Paid
a0xRg00000D4gXRIAZ,INV-TRD-978,31185.82,Fully Paid
a0xRg00000D4gafIAB,INV-TRD-979,31185.82,Fully Paid
a0xRg00000D4gnZIAR,INV-TRD-980,31185.82,Fully Paid
a0xRg00000D4gxFIAR,INV-TRD-981,31185.82,Fully Paid
a0xRg00000D4h0TIAR,INV-TRD-983,31185.82,Fully Paid
a0xRg00000D4h25IAB,INV-TRD-984,31185.82,Fully Paid
a0xRg00000D4h3hIAB,INV-TRD-985,31185.82,Fully Paid
a0xRg00000D4iCfIAJ,INV-TRD-986,27900,Partially Paid
a0xRg00000D4iSoIAJ,INV-TRD-988,27389.66,Fully Paid
a0xRg00000D4jThIAJ,INV-TRD-987,27733.68,Fully Paid
a0xRg00000D4jrtIAB,INV-TRD-989,33738.02,Fully Paid
a0xRg00000D4kG5IAJ,INV-TRD-990,60000,Fully Paid
a0xRg00000D75mgIAB,INV-TRD-991,27307.98,Fully Paid
a0xRg00000D8kPZIAZ,INV-BTL-111,,Pending
a0xRg00000D8kSnIAJ,INV-BTL-112,,Pending
a0xRg00000D8kW1IAJ,INV-BTL-113,2336500,Fully Paid
a0xRg00000D8kmAIAR,INV-TRD-1002,28451.48,Fully Paid
a0xRg00000D8kuDIAR,INV-TRD-992,46824,Fully Paid
a0xRg00000D8kvpIAB,INV-TRD-993,27495.9,Fully Paid
a0xRg00000D8kxRIAR,INV-TRD-994,,Pending
a0xRg00000D8kz3IAB,INV-TRD-995,,Cancelled
a0xRg00000D8l0fIAB,INV-TRD-996,,Cancelled
a0xRg00000D8l2HIAR,INV-TRD-997,29652.58,Fully Paid
a0xRg00000D8l3uIAB,INV-TRD-1003,27858.62,Partially Paid
a0xRg00000D8l8jIAB,INV-TRD-998,34415,Fully Paid
a0xRg00000D8lALIAZ,INV-TRD-999,30421.1,Fully Paid
a0xRg00000D8lBxIAJ,INV-TRD-1000,31051,Fully Paid
a0xRg00000D8lDZIAZ,INV-TRD-1001,,Pending
a0xRg00000D8lFBIAZ,INV-TRD-1004,,Pending
a0xRg00000D8lGnIAJ,INV-TRD-1005,30875.76,Fully Paid
a0xRg00000D8lK1IAJ,INV-TRD-1006,67510.62,Fully Paid
a0xRg00000D8lLdIAJ,INV-TRD-1007,45680.89,Fully Paid
a0xRg00000D8lNFIAZ,INV-TRD-1008,26835,Fully Paid
a0xRg00000D8lOrIAJ,INV-TRD-1009,28250.66,Fully Paid
a0xRg00000D8lQTIAZ,INV-TRD-1010,28939.56,Fully Paid
a0xRg00000D8lS5IAJ,INV-TRD-1011,66858.34,Fully Paid
a0xRg00000D9YCfIAN,INV-TRD-1012,28972,Partially Paid
a0xRg00000D9YHVIA3,INV-TRD-1013,31000,Fully Paid
a0xRg00000D9YJ7IAN,INV-TRD-1014,26186.56,Fully Paid
a0xRg00000D9YMLIA3,INV-TRD-1015,,Pending
a0xRg00000D9YUPIA3,INV-TRD-1016,29115.9,Fully Paid
a0xRg00000D9YXdIAN,INV-TRD-1017,32938.4,Fully Paid
a0xRg00000D9YarIAF,INV-TRD-1018,65177.7,Fully Paid
a0xRg00000D9YhJIAV,INV-TRD-1019,31465,Fully Paid
a0xRg00000D9YqzIAF,INV-TRD-1020,28664.16,Fully Paid
a0xRg00000D9YvpIAF,INV-TRD-1021,27982,Fully Paid
a0xRg00000D9ZALIA3,INV-TRD-1022,,Pending
a0xRg00000D9ZFBIA3,INV-TRD-1023,133736.28,Fully Paid
a0xRg00000D9ZS5IAN,INV-TRD-1024,,Cancelled
a0xRg00000D9a1ZIAR,INV-TRD-1025,28660,Fully Paid
a0xRg00000D9aO9IAJ,INV-TRD-1026,,Cancelled
a0xRg00000D9aw3IAB,INV-TRD-1040,47140,Fully Paid
a0xRg00000D9bgoIAB,INV-TRD-1030,28409.98,Fully Paid
a0xRg00000D9d5uIAB,INV-TRD-1041,28260.66,Partially Paid
a0xRg00000D9d98IAB,INV-TRD-1042,20200,Fully Paid
a0xRg00000D9d99IAB,INV-TRD-1046,45940,Fully Paid
a0xRg00000D9eBdIAJ,INV-TRD-1027,426149.7,Fully Paid
a0xRg00000D9eJhIAJ,INV-TRD-1028,28409.98,Fully Paid
a0xRg00000D9eRlIAJ,INV-TRD-1029,28409.98,Fully Paid
a0xRg00000D9egHIAR,INV-TRD-1031,28409.98,Fully Paid
a0xRg00000D9ejVIAR,INV-TRD-1032,28409.98,Fully Paid
a0xRg00000D9ejWIAR,INV-TRD-1034,28409.98,Fully Paid
a0xRg00000D9epxIAB,INV-TRD-1033,28409.98,Fully Paid
a0xRg00000D9gYPIAZ,INV-TRD-1035,20720,Fully Paid
a0xRg00000D9gq9IAB,INV-TRD-1036,23440,Fully Paid
a0xRg00000D9gwbIAB,INV-TRD-1037,113639.92,Fully Paid
a0xRg00000D9h4fIAB,INV-TRD-1038,45940,Fully Paid
a0xRg00000D9hKnIAJ,INV-TRD-1039,22180,Fully Paid
a0xRg00000D9j4rIAB,INV-TRD-1043,19720,Fully Paid
a0xRg00000D9k49IAB,INV-TRD-1044,20720,Fully Paid
a0xRg00000D9kfFIAR,INV-TRD-1045,23440,Fully Paid
a0xRg00000D9kgtIAB,INV-TRD-1048,47140,Fully Paid
a0xRg00000D9mNiIAJ,INV-TRD-1047,22180,Fully Paid
a0xRg00000D9nlCIAR,INV-TRD-1050,19720,Fully Paid
a0xRg00000D9oqvIAB,INV-TRD-1049,20200,Fully Paid
a0xRg00000D9q6LIAR,INV-TRD-1051,19480,Fully Paid
a0xRg00000D9qxZIAR,INV-TRD-1052,19480,Fully Paid
a0xRg00000D9rTpIAJ,INV-TRD-1053,23980,Fully Paid
a0xRg00000D9sJRIAZ,INV-TRD-1054,23980,Fully Paid
a0xRg00000D9sePIAR,INV-TRD-1055,18720,Fully Paid
a0xRg00000D9t5pIAB,INV-TRD-1056,18720,Fully Paid
a0xRg00000D9tCIIAZ,INV-TRD-1057,31900,Fully Paid
a0xRg00000D9uY9IAJ,INV-TRD-1058,31900,Fully Paid
a0xRg00000DBoLUIA1,INV-TRD-1060,21260,Fully Paid
a0xRg00000DBqGjIAL,INV-TRD-1059,21260,Fully Paid
a0xRg00000DBqNBIA1,INV-TRD-1061,47560,Fully Paid
a0xRg00000DBqOnIAL,INV-TRD-1062,47560,Fully Paid
a0xRg00000DBqVFIA1,INV-TRD2-256,90180.3,Fully Paid
a0xRg00000DBqWrIAL,INV-TRD2-257,88871.27,Partially Paid
a0xRg00000DBqa5IAD,INV-TRD2-258,90797.9,Fully Paid
a0xRg00000DBqbhIAD,INV-TRD2-259,87667,Fully Paid
a0xRg00000DBqjlIAD,INV-TRD2-260,103127.5,Fully Paid
a0xRg00000DBqrpIAD,INV-TRD2-261,208618.8,Fully Paid
a0xRg00000DBqwfIAD,INV-TRD2-262,82953.6,Partially Paid
a0xRg00000DBr7xIAD,INV-BTL-114,,Cancelled
a0xRg00000DBrCnIAL,INV-BTL-115,,Cancelled
a0xRg00000DBrMTIA1,INV-TRD2-263,6677.35,Partially Paid
a0xRg00000DBs41IAD,INV-TRD2-264,205259.8,Fully Paid
a0xRg00000DBw1BIAT,INV-BTL-116,,Cancelled
a0xRg00000DBzTjIAL,INV-TRD2-267,88526.3,Fully Paid
a0xRg00000DC0BGIA1,INV-TRD2-266,207776.32,Partially Paid
a0xRg00000DC0O9IAL,INV-TRD2-265,208105.9,Fully Paid
a0xRg00000DC7MPIA1,INV-TRD2-268,323584.82,Partially Paid
a0xRg00000DC7mDIAT,INV-TRD2-269,68481.48,Fully Paid
a0xRg00000DE8cXIAT,INV-TRD2-270,71455,Partially Paid
a0xRg00000DED7aIAH,INV-TRD2-271,35706.76,Fully Paid
a0xRg00000DEEhyIAH,INV-TRD2-273,81391.9,Fully Paid
a0xRg00000DEL9xIAH,INV-TRD2-272,162783.8,Fully Paid
a0xRg00000DGMzZIAX,INV-TRD2-274,85757.1,Partially Paid
a0xRg00000DIb3FIAT,INV-TRD2-275,88150,Fully Paid
a0xRg00000DLVdzIAH,INV-TRD-1065,27498.56,Fully Paid
a0xRg00000DLWwfIAH,INV-TRD-1063,274985.6,Fully Paid
a0xRg00000DLWyHIAX,INV-TRD-1064,137492.8,Fully Paid
a0xRg00000DLWztIAH,INV-TRD-1066,27498.56,Fully Paid
a0xRg00000DLX1VIAX,INV-TRD-1067,27498.56,Fully Paid
a0xRg00000DLX37IAH,INV-TRD-1068,27498.56,Fully Paid
a0xRg00000DLX38IAH,INV-TRD-1072,27498.56,Fully Paid
a0xRg00000DLX4jIAH,INV-TRD-1069,27498.56,Fully Paid
a0xRg00000DLX6LIAX,INV-TRD-1070,27498.56,Fully Paid
a0xRg00000DLX7xIAH,INV-TRD-1071,27498.56,Fully Paid
a0xRg00000DLX9ZIAX,INV-TRD-1073,27498.56,Fully Paid
a0xRg00000DLXEPIA5,INV-TRD-1074,1588358,Fully Paid
a0xRg00000DLXHdIAP,INV-TRD-1075,1696165.15,Fully Paid
a0xRg00000DLXMUIA5,INV-TRD-1078,47523.62,Fully Paid
a0xRg00000DLXPhIAP,INV-TRD-1076,135789.06,Fully Paid
a0xRg00000DLXRJIA5,INV-TRD-1077,47523.62,Fully Paid
a0xRg00000DLYFJIA5,INV-TRD2-276,206787,Fully Paid
a0xRg00000DLYQbIAP,INV-TRD-1079,496558.48,Partially Paid
a0xRg00000DLYTpIAP,INV-TRD-1080,165519.5,Fully Paid
a0xRg00000DLYvFIAX,INV-TRD-1081,231727.3,Fully Paid
a0xRg00000DLbZlIAL,INV-TRD-1082,3290992,Fully Paid
a0xRg00000DLhyXIAT,INV-TRD-1083,3396340,Fully Paid
a0xRg00000DNhxdIAD,INV-TRD2-277,90797.9,Fully Paid
a0xRg00000DQ1PBIA1,INV-TRD2-278,283075.8,Fully Paid
a0xRg00000DQ1QnIAL,INV-TRD2-279,1066.26,Partially Paid
a0xRg00000DQ1SPIA1,INV-TRD2-280,103656,Fully Paid
a0xRg00000DQ3nZIAT,INV-TRD2-281,103655.6,Partially Paid
a0xRg00000DQ4LRIA1,INV-TRD-1084,25901,Partially Paid
a0xRg00000DQ5xRIAT,INV-TRD-1085,122504.8,Partially Paid
a0xRg00000DQ8bzIAD,INV-TRD2-283,176479.5,Fully Paid
a0xRg00000DSFCjIAP,INV-TRD-1086,66462,Cancelled
a0xRg00000DSHfxIAH,INV-TRD-1087,3334189,Fully Paid
a0xRg00000DSHknIAH,INV-TRD-1088,3150,Fully Paid
a0xRg00000DSISLIA5,INV-TRD2-284,80226.8,Fully Paid
a0xRg00000DSIaPIAX,INV-TRD2-285,339277.5,Fully Paid
a0xRg00000DSIgrIAH,INV-TRD2-286,81021.2,Fully Paid
a0xRg00000DSIiTIAX,INV-TRD2-287,81021.2,Fully Paid
a0xRg00000DSInJIAX,INV-TRD2-288,157165.4,Fully Paid
a0xRg00000DUT3VIAX,INV-TRD-1089,27307.98,Fully Paid
a0xRg00000DUUIvIAP,INV-TRD-1090,29235.07,Partially Paid
a0xRg00000DUUNlIAP,INV-TRD-1091,64856.62,Fully Paid
a0xRg00000DUUPNIA5,INV-TRD-1092,27389.66,Fully Paid
a0xRg00000DUUh7IAH,INV-TRD-1093,27650,Partially Paid
a0xRg00000DUUpBIAX,INV-TRD-1094,,Pending
a0xRg00000DUUu1IAH,INV-TRD-1095,26265.12,Fully Paid
a0xRg00000DUV5JIAX,INV-TRD-1096,44728,Fully Paid
a0xRg00000DUVA9IAP,INV-TRD-1097,29802.46,Fully Paid
a0xRg00000DUVIDIA5,INV-TRD-1098,29060,Fully Paid
a0xRg00000DUVOfIAP,INV-TRD-1099,32874,Partially Paid
a0xRg00000DUVQIIA5,INV-TRD2-289,21785.4,Fully Paid
a0xRg00000DUWZFIA5,INV-TRD2-290,409979.6,Partially Paid
a0xRg00000DUXWwIAP,INV-TRD-1105,44285.04,Fully Paid
a0xRg00000DUYETIA5,INV-TRD-1100,31093,Fully Paid
a0xRg00000DUbHBIA1,INV-TRD-1101,,Pending
a0xRg00000DUbqfIAD,INV-TRD-1102,34375.22,Fully Paid
a0xRg00000DUcRmIAL,INV-TRD-1104,33637.42,Fully Paid
a0xRg00000DUdAvIAL,INV-TRD-1103,27650.98,Fully Paid
a0xRg00000DUdHPIA1,INV-TRD-1108,33738.02,Fully Paid
a0xRg00000DUdPSIA1,INV-TRD-1106,31185.82,Fully Paid
a0xRg00000DUhknIAD,INV-TRD-1107,27733.68,Fully Paid
a0xRg00000DUkKTIA1,INV-TRD-1109,60000,Fully Paid
a0xRg00000DWOqvIAH,INV-TRD2-291,99145.2,Partially Paid
a0xRg00000DWOu9IAH,INV-TRD2-292,108911,Fully Paid
a0xRg00000DWOyzIAH,INV-TRD-1110,28972,Partially Paid
a0xRg00000DWP0bIAH,INV-TRD-1111,31000,Fully Paid
a0xRg00000DWP2DIAX,INV-TRD-1112,66948,Partially Paid
a0xRg00000DWP3pIAH,INV-TRD-1113,26186.56,Fully Paid
a0xRg00000DWP5RIAX,INV-TRD-1114,,Cancelled
a0xRg00000DWP73IAH,INV-TRD-1115,,Pending
a0xRg00000DWPAHIA5,INV-TRD2-293,491440.4,Fully Paid
a0xRg00000DWPBtIAP,INV-TRD-1116,29115.9,Fully Paid
a0xRg00000DWPDVIA5,INV-TRD-1117,32938.4,Fully Paid
a0xRg00000DWPF7IAP,INV-TRD-1118,65177.7,Fully Paid
a0xRg00000DWPGjIAP,INV-TRD-1119,31465,Fully Paid
a0xRg00000DWPILIA5,INV-TRD-1120,28664.16,Fully Paid
a0xRg00000DWPJxIAP,INV-TRD-1121,27982,Fully Paid
a0xRg00000DWPNBIA5,INV-TRD-1122,,Pending
a0xRg00000DWPQPIA5,INV-TRD-1123,30159.02,Fully Paid
a0xRg00000DWPVFIA5,INV-TRD-1124,133736.28,Fully Paid
a0xRg00000DWPWrIAP,INV-TRD-1125,29402.76,Fully Paid
a0xRg00000DWPwfIAH,INV-TRD-1126,28660,Fully Paid
a0xRg00000DWPztIAH,INV-TRD-1127,,Cancelled
a0xRg00000DXIhpIAH,INV-BTL-117,,Cancelled
a0xRg00000DXIl3IAH,INV-BTL-118,,Cancelled
a0xRg00000DXLB3IAP,INV-GFF-1,139400,Fully Paid
a0xRg00000DXLHVIA5,INV-TRD-1128,29652.28,Partially Paid
a0xRg00000DXMzyIAH,INV-TRD-1132,28248.02,Partially Paid
a0xRg00000DXNeIIAX,INV-TRD-1129,30456.16,Fully Paid
a0xRg00000DXNuPIAX,INV-TRD-1130,66858.34,Fully Paid
a0xRg00000DXOQgIAP,INV-TRD-1135,26835,Fully Paid
a0xRg00000DXPQ1IAP,INV-TRD-1134,34366.92,Fully Paid
a0xRg00000DXT2BIAX,INV-TRD-1131,28939.56,Fully Paid
a0xRg00000DXZ5xIAH,INV-TRD-1133,27900,Partially Paid
a0xRg00000DXa3dIAD,INV-TRD-1136,45673.2,Fully Paid
a0xRg00000DXaYHIA1,INV-TRD-1137,67510.62,Fully Paid
a0xRg00000DXbMHIA1,INV-TRD-1138,30875.76,Fully Paid
a0xRg00000DXdntIAD,INV-TRD-1139,,Pending
a0xRg00000DZWS9IAP,INV-TRD-1140,25901,Partially Paid
a0xRg00000DZXfxIAH,INV-TRD2-294,92391,Fully Paid
a0xRg00000DZY0vIAH,INV-TRD2-295,83970,Fully Paid
a0xRg00000DZb5FIAT,INV-TRD2-296,182557.98,Partially Paid
a0xRg00000DZh94IAD,INV-TRD-1142,,Pending
a0xRg00000DZizbIAD,INV-TRD-1143,1045925,Fully Paid
a0xRg00000DZl1OIAT,INV-TRD-1145,,Pending
a0xRg00000DZmrtIAD,INV-TRD-1141,2039400,Fully Paid
a0xRg00000DZoLrIAL,INV-TRD-1144,28451.33,Fully Paid
a0xRg00000DZqYxIAL,INV-TRD-1146,31051,Fully Paid
a0xRg00000DbqGHIAZ,INV-TRD2-297,202848.2,Fully Paid
a0xRg00000Dbrc9IAB,INV-TRD2-298,503187.5,Fully Paid
a0xRg00000Dbs5BIAR,INV-TRD2-299,91350,Fully Paid
a0xRg00000DbsmjIAB,INV-TRD2-300,205259.8,Fully Paid
a0xRg00000DbtCXIAZ,INV-TRD-1147,101137.8,Fully Paid
a0xRg00000Dby5lIAB,INV-GFF-1,292200,Fully Paid
a0xRg00000DeAh7IAF,INV-TRD2-301,86591.4,Fully Paid
a0xRg00000DeAijIAF,INV-TRD2-302,85797,Fully Paid
a0xRg00000DeAkLIAV,INV-TRD2-303,84992.8,Fully Paid
a0xRg00000DeAnZIAV,INV-TRD2-304,91881.1,Fully Paid
a0xRg00000DeApBIAV,INV-TRD2-305,210050.79,Partially Paid
a0xRg00000DeAqnIAF,INV-TRD2-306,79237.04,Partially Paid
a0xRg00000DeAsPIAV,INV-TRD2-307,,Pending
a0xRg00000DeAvdIAF,INV-TRD2-308,200327,Fully Paid
a0xRg00000DeAxFIAV,INV-TRD2-309,81815.5,Fully Paid
a0xRg00000DeAyrIAF,INV-TRD2-310,102044.8,Fully Paid
a0xRg00000DeB0TIAV,INV-TRD2-311,89557,Fully Paid
a0xRg00000DeB25IAF,INV-TRD2-312,88448,Partially Paid
a0xRg00000DeB3hIAF,INV-TRD2-313,,Pending
a0xRg00000DeB5JIAV,INV-TRD2-314,82610,Fully Paid
a0xRg00000DeB6vIAF,INV-TRD2-315,103026,Fully Paid
a0xRg00000DeB8XIAV,INV-TRD2-316,105669.3,Fully Paid
a0xRg00000DeBDNIA3,INV-TRD2-317,89298.8,Partially Paid
a0xRg00000DeBEzIAN,INV-TRD-1148,30421.1,Fully Paid
a0xRg00000DeBGbIAN,INV-TRD-1149,34415,Fully Paid
a0xRg00000DeBJpIAN,INV-TRD-1150,32550,Fully Paid
a0xRg00000DeBLRIA3,INV-TRD-1151,,Cancelled
a0xRg00000DeBOfIAN,INV-TRD-1152,,Cancelled
a0xRg00000DeBQHIA3,INV-TRD-1153,,Pending
a0xRg00000DeCuEIAV,INV-TRD-1162,20200,Fully Paid
a0xRg00000DeDYYIA3,INV-TRD-1157,20720,Fully Paid
a0xRg00000DeDogIAF,INV-TRD2-318,22807.6,Fully Paid
a0xRg00000DeFGzIAN,INV-TRD-1154,27495.9,Fully Paid
a0xRg00000DeFSHIA3,INV-TRD-1155,46824,Fully Paid
a0xRg00000DeFaLIAV,INV-TRD-1156,69123.94,Partially Paid
a0xRg00000DeFgnIAF,INV-TRD-1158,23440,Fully Paid
a0xRg00000DeFldIAF,INV-TRD-1159,45940,Fully Paid
a0xRg00000DeHaXIAV,INV-TRD-1160,22180,Fully Paid
a0xRg00000DeHsHIAV,INV-TRD-1161,47140,Fully Paid
a0xRg00000DeI0LIAV,INV-TRD-1163,19720,Fully Paid
a0xRg00000DeIgHIAV,INV-TRD-1164,19480,Fully Paid
a0xRg00000DgOZVIA3,INV-TRD-1165,29802,Partially Paid
a0xRg00000DgcB3IAJ,INV-GFF-2,292200,Fully Paid
a0xRg00000DiI3NIAV,INV-TRD-1166,27307.98,Fully Paid
a0xRg00000Dj75uIAB,INV-GFF-3,292200,Fully Paid
a0xRg00000Dj9R3IAJ,INV-GFF-4,135100,Fully Paid
a0xRg00000DjALVIA3,INV-GFF-5,140100,Fully Paid
a0xRg00000DjARxIAN,INV-GFF-6,153600,Fully Paid
a0xRg00000DlMTpIAN,INV-GFF-7,433200,Fully Paid
a0xRg00000DlMaHIAV,INV-GFF-8,144000,Fully Paid
a0xRg00000DlNEbIAN,INV-GFF-9,2800,Partially Paid
a0xRg00000DlODtIAN,INV-GFF-10,3250,Fully Paid
a0xRg00000DlOKLIA3,INV-GFF-11,135970,Partially Paid
a0xRg00000DnoCHIAZ,INV-GFF-12,142279.57,Partially Paid
a0xRg00000DnpGPIAZ,INV-TRD2-319,497171,Fully Paid
a0xRg00000Dnq7dIAB,INV-TRD2-320,22838,Fully Paid
a0xRg00000Dnq9FIAR,INV-TRD2-321,492195,Fully Paid
a0xRg00000Dq5NeIAJ,INV-GFF-13,153600,Fully Paid
a0xRg00000Dq75xIAB,INV-GFF-14,559250,Fully Paid
a0xRg00000Dq79BIAR,INV-GFF-15,151700,Fully Paid
a0xRg00000Dq7FdIAJ,INV-GFF-16,817470,Partially Paid
a0xRg00000Dq9sXIAR,INV-GFF-17,138800,Fully Paid
a0xRg00000Dq9vlIAB,INV-GFF-18,138800,Fully Paid
a0xRg00000DqAS1IAN,INV-GFF-19,139400,Fully Paid
a0xRg00000DqCdVIAV,INV-TRD2-322,131978,Fully Paid
a0xRg00000DqDGEIA3,INV-GFF-22,3250,Fully Paid
a0xRg00000DqEFWIA3,INV-GFF-21,169320,Fully Paid
a0xRg00000DqH8XIAV,INV-GFF-20,169320,Fully Paid
a0xRg00000DsND3IAN,INV-TRD2-323,101643.9,Fully Paid
a0xRg00000DsNucIAF,INV-GFF-25,150100,Fully Paid
a0xRg00000DsOykIAF,INV-TRD-1167,337380.2,Fully Paid
a0xRg00000DsPWgIAN,INV-TRD-1169,33738.02,Fully Paid
a0xRg00000DsPbRIAV,INV-GFF-23,,Cancelled
a0xRg00000DsPd3IAF,INV-TRD-1168,33738.02,Fully Paid
a0xRg00000DsPefIAF,INV-TRD-1170,33738.02,Fully Paid
a0xRg00000DsPgHIAV,INV-GFF-24,150100,Fully Paid
a0xRg00000DsQ2rIAF,INV-GFF-26,161000,Fully Paid
a0xRg00000DsQ9JIAV,INV-GFF-27,3250,Fully Paid
a0xRg00000DsQFlIAN,INV-GFF-28,3255,Fully Paid
a0xRg00000DsXluIAF,INV-TRD-1172,,Cancelled
a0xRg00000DsZHSIA3,INV-TRD-1173,,Cancelled
a0xRg00000DsZsXIAV,INV-TRD-1171,186580.05,Cancelled
a0xRg00000DsaS1IAJ,INV-TRD-1174,,Cancelled
a0xRg00000DuMCrIAN,INV-TRD-1175,672925.2,Fully Paid
a0xRg00000DuMETIA3,INV-TRD-1176,269170.08,Fully Paid
a0xRg00000DuMSzIAN,INV-TRD-1177,224308.4,Fully Paid
a0xRg00000DuMb3IAF,INV-TRD-1178,,Cancelled
a0xRg00000DuMcfIAF,INV-TRD-1179,,Cancelled
a0xRg00000DuMeHIAV,INV-TRD-1180,,Cancelled
a0xRg00000DuMftIAF,INV-TRD-1181,,Cancelled
a0xRg00000DuMhVIAV,INV-TRD-1182,,Cancelled
a0xRg00000DuMhWIAV,INV-TRD-1183,,Cancelled
a0xRg00000DvGzpIAF,INV-GFF-29,162200,Fully Paid
a0xRg00000DvHcXIAV,INV-GFF-30,237600,Fully Paid
a0xRg00000DvHe9IAF,INV-GFF-31,134000,Fully Paid
a0xRg00000DvIn7IAF,INV-GFF-32,3250,Fully Paid
a0xRg00000DvIqLIAV,INV-GFF-33,131400,Fully Paid
a0xRg00000DvJ4sIAF,INV-GFF-37,265200,Fully Paid
a0xRg00000DvJEXIA3,INV-GFF-34,131400,Fully Paid
a0xRg00000DvJMbIAN,INV-GFF-35,3250,Fully Paid
a0xRg00000DvJODIA3,INV-GFF-36,265200,Fully Paid
a0xRg00000DvVPPIA3,INV-GFF-39,132700,Fully Paid
a0xRg00000DvaldIAB,INV-GFF-38,3250,Fully Paid
a0xRg00000DxmqjIAB,INV-PES-6,7789100,Fully Paid
a0xRg00000E2NmrIAF,INV-GFF-40,137900,Fully Paid
a0xRg00000E2NoTIAV,INV-GFF-41,137900,Fully Paid
a0xRg00000E2QcfIAF,INV-BTL-119,500450,Fully Paid
a0xRg00000E2SkvIAF,INV-TRD2-325,20810,Fully Paid
a0xRg00000E2VAwIAN,INV-TRD-1184,23980,Fully Paid
a0xRg00000E2XeCIAV,INV-TRD2-326,81690,Fully Paid
a0xRg00000E4lRhIAJ,INV-TRD2-329,204555,Fully Paid
a0xRg00000E4lTJIAZ,INV-TRD2-330,204555,Fully Paid
a0xRg00000E4oMLIAZ,INV-GFF-42,133146.82,Fully Paid
a0xRg00000E4qftIAB,INV-TRD2-331,80939,Partially Paid
a0xRg00000E4wF3IAJ,INV-TRD-1185,27650,Partially Paid
a0xRg00000E52XNIAZ,INV-TRD2-332,98468.5,Fully Paid
a0xRg00000E6sdZIAR,INV-TRD-1186,26343.68,Fully Paid
a0xRg00000E6sfBIAR,INV-TRD2-333,,Pending
a0xRg00000E6sgnIAB,INV-TRD2-334,,Pending
a0xRg00000E6siPIAR,INV-TRD2-335,,Pending
a0xRg00000E6sk1IAB,INV-TRD2-336,,Pending
a0xRg00000E6sldIAB,INV-TRD2-337,,Cancelled
a0xRg00000E6sorIAB,INV-TRD2-338,,Cancelled
a0xRg00000E6t09IAB,INV-TRD2-339,264.4,Partially Paid
a0xRg00000E6t4zIAB,INV-TRD2-340,36173.44,Fully Paid
a0xRg00000E6t6bIAB,INV-TRD2-341,82558.6,Fully Paid
a0xRg00000E6t8DIAR,INV-TRD2-342,82558.6,Fully Paid
a0xRg00000E6tD3IAJ,INV-TRD2-343,82558.6,Fully Paid
a0xRg00000E88GTIAZ,INV-BTL-120,2489000,Fully Paid
a0xRg00000E8C2NIAV,INV-GFF-43,187560,Fully Paid
a0xRg00000E8Kr7IAF,INV-TRD2-344,42879,Fully Paid
a0xRg00000E8L5dIAF,INV-TRD2-345,198641,Fully Paid
a0xRg00000EASZGIA5,INV-GFF-45,3205,Partially Paid
a0xRg00000EASivIAH,INV-GFF-44,3235,Partially Paid
a0xRg00000EAUCsIAP,INV-TRD-1190,60000,Fully Paid
a0xRg00000EAV7JIAX,INV-TRD-1187,34375.22,Fully Paid
a0xRg00000EAV8vIAH,INV-TRD-1188,,Pending
a0xRg00000EAVC9IAP,INV-TRD-1189,33637.42,Fully Paid
a0xRg00000EAVDlIAP,INV-GFF-46,135500,Fully Paid
a0xRg00000EAVFNIA5,INV-GFF-47,3250,Fully Paid
a0xRg00000EAW09IAH,INV-TRD2-346,106111.8,Fully Paid
a0xRg00000EAX13IAH,INV-TRD-1191,31465,Fully Paid
a0xRg00000EAY8QIAX,INV-TRD-1192,133736.28,Fully Paid
a0xRg00000ECu82IAD,INV-TRD-1193,136197.48,Partially Paid
a0xRg00000ECuJJIA1,INV-TRD-1194,332663.7,Partially Paid
a0xRg00000ECvVcIAL,INV-TRD-1195,25901,Partially Paid
a0xRg00000ECwDAIA1,INV-TRD-1203,20200,Fully Paid
a0xRg00000ECwjJIAT,INV-TRD-1196,25901,Partially Paid
a0xRg00000ECxc9IAD,INV-TRD2-347,441500,Fully Paid
a0xRg00000ED0v0IAD,INV-TRD-1200,45940,Fully Paid
a0xRg00000ED1flIAD,INV-TRD-1197,,Pending
a0xRg00000ED1sgIAD,INV-TRD-1202,47140,Fully Paid
a0xRg00000ED2K6IAL,INV-TRD-1204,19720,Fully Paid
a0xRg00000ED2WzIAL,INV-TRD-1198,20720,Fully Paid
a0xRg00000ED2X0IAL,INV-TRD-1206,23980,Fully Paid
a0xRg00000ED3CvIAL,INV-TRD-1199,23440,Fully Paid
a0xRg00000ED3b7IAD,INV-TRD-1201,22180,Fully Paid
a0xRg00000ED4DpIAL,INV-TRD-1205,19480,Fully Paid
a0xRg00000EFOpxIAH,INV-TRD-1207,47523.62,Fully Paid
a0xRg00000EFOrZIAX,INV-TRD-1208,47523.62,Fully Paid
a0xRg00000EFOy1IAH,INV-TRD-1209,45263.02,Fully Paid
a0xRg00000EFOzdIAH,INV-TRD-1210,45263.02,Fully Paid
a0xRg00000EFP1FIAX,INV-TRD-1211,22631.51,Fully Paid
a0xRg00000EHbSvIAL,INV-GFF-48,133900,Fully Paid
a0xRg00000EHbUXIA1,INV-GFF-49,3250,Fully Paid
a0xRg00000EHbW9IAL,INV-GFF-50,133900,Fully Paid
a0xRg00000EHbXlIAL,INV-GFF-51,133900,Fully Paid
a0xRg00000EHbazIAD,INV-TRD-1212,27389.66,Fully Paid
a0xRg00000EHbcbIAD,INV-TRD-1213,27389.66,Fully Paid
a0xRg00000EHbeDIAT,INV-TRD-1214,27389.66,Fully Paid
a0xRg00000EHbfpIAD,INV-TRD-1215,27391.7,Fully Paid
a0xRg00000EHctdIAD,INV-GFF-52,270500,Fully Paid
a0xRg00000EHcvFIAT,INV-GFF-53,3250,Fully Paid
a0xRg00000EHdsvIAD,INV-GFF-54,147100,Fully Paid
a0xRg00000EHdxlIAD,INV-GFF-55,143415.27,Partially Paid
a0xRg00000EHi6EIAT,INV-BTL-121,24495000,Fully Paid
a0xRg00000EJY5xIAH,INV-TRD-1216,332663.7,Partially Paid
a0xRg00000EJYdpIAH,INV-TRD2-348,106111.8,Fully Paid
a0xRg00000EJYh3IAH,INV-TRD2-349,95359.5,Fully Paid
a0xRg00000EJYkHIAX,INV-TRD-1217,66462,Cancelled
a0xRg00000EJYqkIAH,INV-TRD-1218,201312,Partially Paid
a0xRg00000EKSEbIAP,INV-TRD2-350,86652.56,Fully Paid
a0xRg00000EKShdIAH,INV-TRD2-351,626269.2,Fully Paid
a0xRg00000EKUt7IAH,INV-GFF-56,187560,Fully Paid
a0xRg00000EKrmTIAT,INV-TRD2-352,259245.12,Partially Paid
a0xRg00000EKu2nIAD,INV-TRD2-353,346346,Fully Paid
a0xRg00000EKwarIAD,INV-TRD2-354,141688.4,Fully Paid
a0xRg00000EKysnIAD,INV-TRD2-355,41293.8,Fully Paid
a0xRg00000EKz45IAD,INV-TRD2-356,95359.5,Fully Paid
a0xRg00000EL0eUIAT,INV-TRD2-357,98468.5,Fully Paid
a0xRg00000EL5pRIAT,INV-TRD2-358,55000,Partially Paid
a0xRg00000ENGaHIAX,INV-TRD-1219,32550,Fully Paid
a0xRg00000ENGbtIAH,INV-TRD-1220,64856.62,Fully Paid
a0xRg00000ENJLFIA5,INV-TRD-1221,29802,Partially Paid
a0xRg00000ENLN3IAP,INV-GFF-57,153600,Fully Paid
a0xRg00000ENRU5IAP,INV-TRD2-359,92020,Fully Paid
a0xRg00000ENUqBIAX,INV-TRD2-360,97039.5,Fully Paid
a0xRg00000ENeSvIAL,INV-TRD2-361,41965.8,Fully Paid
a0xRg00000EPeNBIA1,INV-GFF-58,135970,Partially Paid
a0xRg00000EPfZNIA1,INV-GFF-59,140340.41,Fully Paid
a0xRg00000EPfhRIAT,INV-TRD-1222,29987,Fully Paid
a0xRg00000EPrM2IAL,INV-POST-7,116836.5,Fully Paid
a0xRg00000EQ1ZtIAL,INV-GFF-60,159000,Fully Paid
a0xRg00000EQ6L3IAL,INV-BTL-122,7872.53,Partially Paid
a0xRg00000EU2dpIAD,INV-GFF-61,160800,Fully Paid
a0xRg00000EU2fRIAT,INV-GFF-62,160800,Fully Paid
a0xRg00000EU2ltIAD,INV-TRD-1223,27307.98,Fully Paid
a0xRg00000EU2xBIAT,INV-TRD2-362,346316,Partially Paid
a0xRg00000EV4thIAD,INV-TRD2-363,91279.3,Fully Paid
a0xRg00000EXPPNIA5,INV-GFF-63,165900,Fully Paid
a0xRg00000EXS0fIAH,INV-GFF-64,140770,Partially Paid
a0xRg00000EXS77IAH,INV-GFF-65,3250,Fully Paid
a0xRg00000EXSALIA5,INV-GFF-66,140770,Partially Paid
a0xRg00000EZrFtIAL,INV-TRD-1224,101137.8,Fully Paid
a0xRg00000EZvHtIAL,INV-BTL-123,982950,Fully Paid
a0xRg00000EZvJVIA1,INV-TRD2-364,21269.4,Fully Paid
a0xRg00000EZzQLIA1,INV-TRD-1225,28451.48,Fully Paid
a0xRg00000Ec5RdIAJ,INV-TRD2-365,102650.3,Fully Paid
a0xRg00000Ec5TFIAZ,INV-TRD2-366,102650.3,Fully Paid
a0xRg00000Ec5UrIAJ,INV-GFF-67,,Pending
a0xRg00000Ec5WTIAZ,INV-GFF-68,130000,Fully Paid
a0xRg00000Ec5Y5IAJ,INV-GFF-69,130000,Fully Paid
a0xRg00000Ec5ZiIAJ,INV-GFF-70,3250,Fully Paid
a0xRg00000Ec5gDIAR,INV-TRD-1226,34336.92,Partially Paid
a0xRg00000Ec6cDIAR,INV-GFF-71,132000,Fully Paid
a0xRg00000Ec6ifIAB,INV-GFF-72,132000,Fully Paid
a0xRg00000Ee6t3IAB,INV-GFF-73,,Pending
a0xRg00000Ee6ufIAB,INV-GFF-74,140070,Partially Paid
a0xRg00000Ee6wHIAR,INV-GFF-75,140070,Partially Paid
a0xRg00000Ee9SjIAJ,INV-TRD2-367,,Pending
a0xRg00000Ee9ULIAZ,INV-TRD2-368,469313,Fully Paid
a0xRg00000Ee9VxIAJ,INV-TRD2-369,,Pending
a0xRg00000Ee9XZIAZ,INV-TRD2-370,463659,Fully Paid
a0xRg00000Ee9ZCIAZ,INV-TRD2-371,,Pending
a0xRg00000Ee9cPIAR,INV-TRD2-372,480417.5,Fully Paid
a0xRg00000EeCIYIA3,INV-TRD2-373,445210.5,Fully Paid
a0xRg00000Efrl3IAB,INV-GFF-76,3250,Fully Paid
a0xRg00000EfrmfIAB,INV-GFF-77,135100,Fully Paid
a0xRg00000EgLj7IAF,INV-TRD-1227,69173.94,Fully Paid
a0xRg00000EgOKPIA3,INV-TRD-1228,29402.76,Fully Paid
a0xRg00000EgOM1IAN,INV-TRD-1229,29235.07,Partially Paid
a0xRg00000EgONdIAN,INV-TRD-1230,122196,Partially Paid
a0xRg00000EgOPFIA3,INV-TRD-1231,,Pending
a0xRg00000EgOQrIAN,INV-TRD-1232,44728,Fully Paid
a0xRg00000EgOc9IAF,INV-TRD-1233,28664.16,Fully Paid
a0xRg00000EgOlpIAF,INV-TRD-1234,29802.46,Fully Paid
a0xRg00000EgOnRIAV,INV-TRD-1235,29060,Fully Paid
a0xRg00000EgOnSIAV,INV-TRD-1246,31000,Fully Paid
a0xRg00000EgOp3IAF,INV-TRD-1236,32874,Partially Paid
a0xRg00000EgOp4IAF,INV-TRD-1237,31093,Fully Paid
a0xRg00000EgOvVIAV,INV-TRD-1238,27650.98,Fully Paid
a0xRg00000EgOyjIAF,INV-TRD-1239,26265.12,Fully Paid
a0xRg00000EgP1xIAF,INV-TRD-1240,44285.04,Fully Paid
a0xRg00000EgPErIAN,INV-TRD-1241,31185.82,Fully Paid
a0xRg00000EgPI5IAN,INV-TRD-1242,27733.68,Fully Paid
a0xRg00000EgPJhIAN,INV-TRD-1243,33738.02,Fully Paid
a0xRg00000EgPLJIA3,INV-TRD-1244,26343.68,Fully Paid
a0xRg00000EgPOXIA3,INV-TRD-1245,28972,Partially Paid
a0xRg00000EgPTNIA3,INV-TRD-1247,66948,Partially Paid
a0xRg00000EgPUzIAN,INV-TRD-1248,28522.94,Fully Paid
a0xRg00000EgPjVIAV,INV-TRD-1249,26186.56,Fully Paid
a0xRg00000EgQhBIAV,INV-TRD-1250,,Cancelled
a0xRg00000EgQioIAF,INV-TRD-1269,,Pending
a0xRg00000EgQm1IAF,INV-TRD-1251,,Pending
a0xRg00000EgQsTIAV,INV-TRD-1252,29115.9,Fully Paid
a0xRg00000EgR6zIAF,INV-TRD-1253,32938.4,Fully Paid
a0xRg00000EgRF3IAN,INV-TRD-1254,65177.7,Fully Paid
a0xRg00000EgRJtIAN,INV-TRD-1255,27982,Fully Paid
a0xRg00000EgRLVIA3,INV-TRD-1256,,Pending
a0xRg00000EgRLWIA3,INV-TRD-1258,28659.96,Fully Paid
a0xRg00000EgRQLIA3,INV-TRD-1257,30159.02,Fully Paid
a0xRg00000EgRbdIAF,INV-TRD-1259,,Cancelled
a0xRg00000EgRtNIAV,INV-TRD-1260,30456.16,Fully Paid
a0xRg00000EgS33IAF,INV-TRD-1261,66858.34,Fully Paid
a0xRg00000EgSB7IAN,INV-TRD-1262,28939.56,Fully Paid
a0xRg00000EgTwnIAF,INV-TRD-1263,,Pending
a0xRg00000EgU1dIAF,INV-TRD-1264,27900,Partially Paid
a0xRg00000EgUBJIA3,INV-TRD-1265,26835,Fully Paid
a0xRg00000EgVCDIA3,INV-TRD-1266,45673.2,Fully Paid
a0xRg00000EgVDqIAN,INV-TRD-1272,30421.1,Fully Paid
a0xRg00000EgVDrIAN,INV-TRD-1275,,Cancelled
a0xRg00000EgVk5IAF,INV-TRD-1267,67510.62,Fully Paid
a0xRg00000EgVowIAF,INV-TRD-1273,34414.94,Fully Paid
a0xRg00000EgVqXIAV,INV-TRD-1268,30875.76,Fully Paid
a0xRg00000EgW53IAF,INV-TRD-1270,,Pending
a0xRg00000EgWRdIAN,INV-TRD-1271,31051,Fully Paid
a0xRg00000EgXFeIAN,INV-TRD-1276,,Cancelled
a0xRg00000EgY6rIAF,INV-TRD-1274,29652.58,Fully Paid
a0xRg00000EgYreIAF,INV-TRD-1279,46824,Fully Paid
a0xRg00000EgZ69IAF,INV-TRD-1277,,Pending
a0xRg00000EgZEDIA3,INV-TRD-1278,27495.9,Fully Paid
a0xRg00000EgaNBIAZ,INV-TRD-1280,18720,Fully Paid
a0xRg00000EgaWrIAJ,INV-TRD-1281,18720,Fully Paid
a0xRg00000EgadKIAR,INV-TRD-1285,95120,Fully Paid
a0xRg00000EgaqDIAR,INV-TRD-1282,31900,Fully Paid
a0xRg00000EgatRIAR,INV-TRD-1283,31900,Fully Paid
a0xRg00000Egb7xIAB,INV-TRD-1284,42520,Fully Paid
a0xRg00000EgctdIAB,INV-GFF-78,3250,Fully Paid
a0xRg00000EgcwrIAB,INV-GFF-79,165900,Fully Paid
a0xRg00000EiZoPIAV,INV-GFF-80,136900,Fully Paid
a0xRg00000EiZq1IAF,INV-GFF-81,136900,Fully Paid
a0xRg00000EiaqvIAB,INV-GFF-82,258800,Fully Paid
a0xRg00000Eib8fIAB,INV-GFF-83,257200,Fully Paid
a0xRg00000EibNBIAZ,INV-GFF-84,262400,Fully Paid
a0xRg00000EibQPIAZ,INV-GFF-85,3600,Partially Paid
a0xRg00000EibgXIAR,INV-GFF-86,134000,Fully Paid
a0xRg00000EibmzIAB,INV-GFF-87,237600,Fully Paid
a0xRg00000EibrpIAB,INV-GFF-88,414060.27,Partially Paid
a0xRg00000EicHdIAJ,INV-GFF-89,,Pending
a0xRg00000EicXnIAJ,INV-GFF-96,142500,Fully Paid
a0xRg00000EifVeIAJ,INV-GFF-92,134000,Fully Paid
a0xRg00000EigEpIAJ,INV-GFF-98,132000,Fully Paid
a0xRg00000EigTJIAZ,INV-GFF-90,132800,Fully Paid
a0xRg00000EigWXIAZ,INV-GFF-91,132800,Fully Paid
a0xRg00000EihE6IAJ,INV-GFF-93,133835.32,Partially Paid
a0xRg00000Eii25IAB,INV-GFF-94,288993.96,Partially Paid
a0xRg00000Eii5JIAR,INV-GFF-95,288642.03,Partially Paid
a0xRg00000EijCfIAJ,INV-GFF-97,142500,Fully Paid
a0xRg00000EikALIAZ,INV-GFF-99,132000,Fully Paid
a0xRg00000EkfPtIAJ,INV-GFF-100,135500,Fully Paid
a0xRg00000EkfXxIAJ,INV-GFF-101,159000,Fully Paid
a0xRg00000EkfZZIAZ,INV-GFF-102,159000,Fully Paid
a0xRg00000EkfbBIAR,INV-GFF-103,159000,Fully Paid
a0xRg00000EkgFVIAZ,INV-GFF-104,151777.55,Fully Paid
a0xRg00000EmfiLIAR,INV-GFF-105,55880,Partially Paid
a0xRg00000EmgzNIAR,INV-TRD2-374,44398,Fully Paid
a0xRg00000Emi8LIAR,INV-TRD2-375,89016,Fully Paid
a0xRg00000Emi9xIAB,INV-TRD2-376,214664.6,Fully Paid
a0xRg00000EmiEnIAJ,INV-GFF-106,135860,Fully Paid
a0xRg00000EmiJdIAJ,INV-GFF-107,275200,Fully Paid
a0xRg00000EmiLFIAZ,INV-GFF-108,275200,Fully Paid
a0xRg00000EmiMrIAJ,INV-GFF-109,143820,Partially Paid
a0xRg00000EmiOTIAZ,INV-GFF-110,133100,Fully Paid
a0xRg00000EmiQ5IAJ,INV-GFF-111,145400,Fully Paid
a0xRg00000EmiRhIAJ,INV-GFF-112,145400,Fully Paid
a0xRg00000EmiTJIAZ,INV-GFF-113,134600,Fully Paid
a0xRg00000EmiUvIAJ,INV-GFF-114,134600,Fully Paid
a0xRg00000EmijRIAR,INV-GFF-115,162200,Fully Paid
a0xRg00000Emil3IAB,INV-GFF-116,270500,Fully Paid
a0xRg00000EmioHIAR,INV-GFF-117,140100,Fully Paid
a0xRg00000EmipuIAB,INV-GFF-118,139300,Fully Paid
a0xRg00000EmkDUIAZ,INV-GFF-119,139270,Partially Paid
a0xRg00000EmkTVIAZ,INV-GFF-120,145100,Fully Paid
a0xRg00000EmkV7IAJ,INV-GFF-121,145070,Partially Paid
a0xRg00000Emkq5IAB,INV-GFF-122,161000,Fully Paid
a0xRg00000EoctFIAR,INV-TRD2-377,38714,Fully Paid
a0xRg00000EocurIAB,INV-TRD2-378,88910,Fully Paid
a0xRg00000EofUXIAZ,INV-TRD2-379,102425.07,Partially Paid
a0xRg00000EofXlIAJ,INV-GFF-123,159000,Fully Paid
a0xRg00000EofZNIAZ,INV-GFF-124,159000,Fully Paid
a0xRg00000EofazIAB,INV-TRD-1286,157652.88,Fully Paid
a0xRg00000EokR0IAJ,INV-TRD-1288,331376.1,Fully Paid
a0xRg00000Eoku1IAB,INV-TRD-1287,135700.44,Fully Paid
a0xRg00000EqV7hIAF,INV-TRD-1289,128986.32,Partially Paid
a0xRg00000EqVAvIAN,INV-TRD2-380,88910,Fully Paid
a0xRg00000Er2hxIAB,INV-GFF-125,3250,Fully Paid
a0xRg00000Et78yIAB,INV-TRD2-386,113274,Fully Paid
a0xRg00000Et7lZIAR,INV-TRD-1290,101137.8,Fully Paid
a0xRg00000Et8w9IAB,INV-TRD2-381,40407,Fully Paid
a0xRg00000Et8xlIAB,INV-TRD2-382,186284,Fully Paid
a0xRg00000Et8zNIAR,INV-TRD2-386,37150,Fully Paid
a0xRg00000Et90zIAB,INV-TRD2-387,170000,Fully Paid
a0xRg00000Et92bIAB,INV-TRD2-383,,Cancelled
a0xRg00000Et94DIAR,INV-TRD2-384,36950,Cancelled
a0xRg00000Et95pIAB,INV-TRD2-385,48459.6,Fully Paid
a0xRg00000EtA57IAF,INV-TRD2-387,48023.12,Fully Paid
a0xRg00000EtA8LIAV,INV-TRD2-388,112182.8,Fully Paid
a0xRg00000EtEDZIA3,INV-TRD2-389,108910.17,Partially Paid
a0xRg00000EvDOfIAN,INV-TRD2-390,91658,Partially Paid
a0xRg00000EvFiEIAV,INV-TRD2-391,81690,Fully Paid
a0xRg00000EvI4zIAF,INV-TRD2-392,107448.7,Partially Paid
a0xRg00000ExMkPIAV,INV-TRD2-384,36724,Fully Paid
a0xRg00000ExMndIAF,INV-TRD2-385,839350,Fully Paid
a0xRg00000ExNjhIAF,INV-TRD-1291,27798.66,Partially Paid
a0xRg00000ExPK5IAN,INV-TRD2-393,39113.12,Fully Paid
a0xRg00000ExPNJIA3,INV-TRD2-394,179815.6,Fully Paid
a0xRg00000EzNPeIAN,INV-TRD-1294,135079.36,Fully Paid
a0xRg00000EzPRGIA3,INV-TRD-1297,54550,Fully Paid
a0xRg00000EzQS9IAN,INV-TRD-1292,145792.28,Fully Paid
a0xRg00000EzQTlIAN,INV-TRD-1293,112677,Fully Paid
a0xRg00000EzQVNIA3,INV-TRD-1295,39726.32,Fully Paid
a0xRg00000EzQWzIAN,INV-TRD-1296,41384.28,Fully Paid
a0xRg00000EzQYbIAN,INV-TRD-1298,42923.88,Fully Paid
a0xRg00000EzQaDIAV,INV-TRD-1299,49761.8,Fully Paid
a0xRg00000EzQbpIAF,INV-TRD-1300,44987,Fully Paid
a0xRg00000EzQdRIAV,INV-TRD-1301,60253.92,Fully Paid
a0xRg00000EzQf3IAF,INV-TRD-1302,49505,Fully Paid
a0xRg00000EzQgfIAF,INV-TRD-1303,84726,Fully Paid
a0xRg00000EzQiHIAV,INV-TRD-1304,44987,Fully Paid
a0xRg00000EzQjtIAF,INV-TRD-1305,62814.28,Fully Paid
a0xRg00000EzQlVIAV,INV-TRD-1306,41305.16,Fully Paid
a0xRg00000EzRcjIAF,INV-TRD2-395,37150,Fully Paid
a0xRg00000EzReLIAV,INV-TRD2-396,85000,Fully Paid
a0xRg00000EzRrFIAV,INV-TRD2-397,92140.4,Fully Paid
a0xRg00000F16h3IAB,INV-TRD2-398,47118.44,Fully Paid
a0xRg00000F16ifIAB,INV-TRD2-399,109921.1,Fully Paid
a0xRg00000F1flFIAR,INV-TRD2-400,87440.32,Fully Paid
a0xRg00000F1fmrIAB,INV-TRD2-401,210725.8,Fully Paid
a0xRg00000F1foTIAR,INV-TRD2-402,99234,Fully Paid
a0xRg00000F1h0fIAB,INV-TRD2-403,25347.78,Fully Paid
a0xRg00000F1hQTIAZ,INV-TRD2-404,554944.5,Fully Paid
a0xRg00000F3cePIAR,INV-TRD2-406,437500,Fully Paid
a0xRg00000F3hivIAB,INV-TRD2-407,176479.5,Fully Paid
a0xRg00000F5djGIAR,INV-TRD-1308,29986.99,Fully Paid
a0xRg00000F5e7RIAR,INV-TRD2-408,206787,Fully Paid
a0xRg00000F5e93IAB,INV-BTL-124,2194499,Partially Paid
a0xRg00000F5eCHIAZ,INV-BTL-125,,Pending
a0xRg00000F5eDtIAJ,INV-BTL-126,,Pending
a0xRg00000F5eFVIAZ,INV-BTL-127,2037910,Fully Paid
a0xRg00000F5eH7IAJ,INV-BTL-128,,Pending
a0xRg00000F5fUvIAJ,INV-TRD-1307,66462,Fully Paid
a0xRg00000F5gkLIAR,INV-TRD2-409,84994.98,Partially Paid
a0xRg00000F7aMHIAZ,INV-TRD2-410,90613.5,Fully Paid
a0xRg00000F7airIAB,INV-TRD-1309,64856.62,Fully Paid
a0xRg00000F9PEfIAN,INV-TRD2-411,85400,Fully Paid
a0xRg00000F9PHtIAN,INV-TRD-1310,201312,Partially Paid
a0xRg00000F9RoLIAV,INV-GFF-126,,Pending
a0xRg00000F9TgTIAV,INV-TRD2-412,46026.24,Fully Paid
a0xRg00000F9Ti5IAF,INV-TRD2-413,107190.6,Fully Paid
a0xRg00000F9U9VIAV,INV-TRD2-414,86112.5,Fully Paid
a0xRg00000F9VFFIA3,INV-GFF-127,153100,Fully Paid
a0xRg00000F9VK5IAN,INV-GFF-128,153100,Fully Paid
a0xRg00000FBhyfIAD,INV-TRD-1311,27307.98,Fully Paid
a0xRg00000FBofCIAT,INV-TRD2-416,214664.6,Fully Paid
a0xRg00000FBuW5IAL,INV-TRD2-415,214664.6,Fully Paid
a0xRg00000FDfeDIAT,INV-TRD-1312,29802,Partially Paid
a0xRg00000FDgjyIAD,INV-TRD2-418,42259,Partially Paid
a0xRg00000FDhmTIAT,INV-TRD2-417,195546,Fully Paid
a0xRg00000FFhvFIAT,INV-GFF-129,3250,Fully Paid
a0xRg00000FFiMfIAL,INV-GFF-130,3250,Fully Paid
a0xRg00000FFicnIAD,INV-TRD-1313,34375.22,Fully Paid
a0xRg00000FFl4PIAT,INV-TRD2-419,97029.1,Fully Paid
a0xRg00000FFlUDIA1,INV-TRD2-420,182857.5,Fully Paid
a0xRg00000FFxaDIAT,INV-TRD2-421,37123.72,Partially Paid
a0xRg00000FFyRSIA1,INV-GFF-131,3250,Fully Paid
a0xRg00000FHlbOIAT,INV-TRD-1314,34336.92,Partially Paid
a0xRg00000FHpdNIAT,INV-TRD2-422,546970,Partially Paid
a0xRg00000FHpiDIAT,INV-TRD2-423,12240,Partially Paid
a0xRg00000FHv7hIAD,INV-GFF-132,3250,Fully Paid
a0xRg00000FHxJBIA1,INV-GFF-133,3250,Fully Paid
a0xRg00000FHyaDIAT,INV-GFF-134,3213.48,Partially Paid
a0xRg00000FI2kHIAT,INV-GFF-135,3250,Fully Paid
a0xRg00000FJjjxIAD,INV-GFF-136,3250,Fully Paid
a0xRg00000FJpPcIAL,INV-GFF-138,3185.42,Partially Paid
a0xRg00000FJr4oIAD,INV-GFF-137,3250,Fully Paid
a0xRg00000FJsP3IAL,INV-GFF-139,3250,Fully Paid
a0xRg00000FLOczIAH,INV-TRD-1315,69123.94,Partially Paid
a0xRg00000FLtnFIAT,INV-TRD-1316,29262,Partially Paid
a0xRg00000FLxMEIA1,INV-TRD-1326,33637.42,Fully Paid
a0xRg00000FLyBqIAL,INV-TRD-1317,,Pending
a0xRg00000FLz9VIAT,INV-BTL-129,,Pending
a0xRg00000FM0NJIA1,INV-GFF-140,283600,Fully Paid
a0xRg00000FM0S9IAL,INV-TRD2-425,100248.7,Fully Paid
a0xRg00000FM0n7IAD,INV-TRD2-426,199600,Fully Paid
a0xRg00000FM1kpIAD,INV-TRD-1325,31093,Fully Paid
a0xRg00000FM2P7IAL,INV-TRD-1318,27651,Fully Paid
a0xRg00000FM2VZIA1,INV-TRD-1319,,Pending
a0xRg00000FM2fFIAT,INV-TRD-1320,44728,Fully Paid
a0xRg00000FM2vNIAT,INV-TRD-1321,29802.46,Fully Paid
a0xRg00000FM3GLIA1,INV-TRD-1322,26186.56,Fully Paid
a0xRg00000FM3WTIA1,INV-TRD-1323,29060,Fully Paid
a0xRg00000FM3ppIAD,INV-TRD-1324,32875,Fully Paid
a0xRg00000FM3wIIAT,INV-TRD-1328,32972.8,Fully Paid
a0xRg00000FM4vZIAT,INV-TRD-1327,44285.04,Fully Paid
a0xRg00000FM6pJIAT,INV-GFF-141,3220,Partially Paid
a0xRg00000FMGdNIAX,INV-TRD-1329,,Pending
a0xRg00000FMH6PIAX,INV-TRD-1330,27650.98,Fully Paid
a0xRg00000FO8S1IAL,INV-GFF-142,155900,Fully Paid
a0xRg00000FO8jlIAD,INV-GFF-143,3250,Fully Paid
a0xRg00000FO94jIAD,INV-TRD2-427,210725.8,Fully Paid
a0xRg00000FO9ZOIA1,INV-GFF-146,3250,Fully Paid
a0xRg00000FO9hRIAT,INV-GFF-144,3210,Partially Paid
a0xRg00000FO9j3IAD,INV-GFF-145,3242.76,Partially Paid
a0xRg00000FOA7FIAX,INV-TRD2-428,101876,Fully Paid
a0xRg00000FOASDIA5,INV-TRD-1331,29402.76,Fully Paid
a0xRg00000FQkjJIAT,INV-TRD2-429,1007.82,Partially Paid
a0xRg00000FQlIoIAL,INV-TRD2-432,94655.8,Partially Paid
a0xRg00000FQlc9IAD,INV-GFF-147,3250,Fully Paid
a0xRg00000FQlgzIAD,INV-TRD2-431,88195.2,Partially Paid
a0xRg00000FQlibIAD,INV-GFF-148,3250,Fully Paid
a0xRg00000FQn4TIAT,INV-TRD-1332,27900.22,Fully Paid
a0xRg00000FQolJIAT,INV-TRD-1333,66948,Partially Paid
a0xRg00000FQp7tIAD,INV-TRD-1334,28522.94,Fully Paid
a0xRg00000FQqTlIAL,INV-GFF-149,3250,Fully Paid
a0xRg00000FQqWzIAL,INV-GFF-150,3250,Fully Paid
a0xRg00000FQqbpIAD,INV-GFF-151,3250,Fully Paid
a0xRg00000FQqiHIAT,INV-GFF-152,3250,Fully Paid
a0xRg00000FQrBKIA1,INV-TRD-1335,331376.1,Fully Paid
a0xRg00000FQu5zIAD,INV-TRD-1338,,Cancelled
a0xRg00000FQyEQIA1,INV-TRD-1337,33873,Fully Paid
a0xRg00000FQzSDIA1,INV-TRD-1336,27498.56,Fully Paid
a0xRg00000FR2MrIAL,INV-TRD-1339,,Pending
a0xRg00000FR3FhIAL,INV-TRD-1340,399202.44,Partially Paid
a0xRg00000FR4BlIAL,INV-TRD-1341,29115.9,Fully Paid
a0xRg00000FTD9JIAX,INV-TRD2-433,43900.4,Fully Paid
a0xRg00000FTNS3IAP,INV-TRD-1347,,Pending
a0xRg00000FTQw9IAH,INV-TRD-1342,26835,Fully Paid
a0xRg00000FTRFVIA5,INV-TRD-1343,,Pending
a0xRg00000FTRXFIA5,INV-TRD-1344,67510.62,Fully Paid
a0xRg00000FTRnNIAX,INV-TRD-1345,30875.76,Fully Paid
a0xRg00000FTSGPIA5,INV-TRD-1346,,Pending
a0xRg00000FTU6vIAH,INV-TRD-1348,28451.48,Fully Paid
a0xRg00000FTVNxIAP,INV-TRD-1349,31050.42,Fully Paid
a0xRg00000FTWdOIAX,INV-TRD-1353,29652.38,Partially Paid
a0xRg00000FTWn3IAH,INV-TRD-1350,30421.1,Fully Paid
a0xRg00000FTX9dIAH,INV-TRD-1351,34415.06,Fully Paid
a0xRg00000FTXeHIAX,INV-TRD-1352,32550,Fully Paid
a0xRg00000FVYnxIAH,INV-TRD2-434,108911,Fully Paid
a0xRg00000FVlA5IAL,INV-TRD2-435,36970,Cancelled
a0xRg00000FXePRIA1,INV-GFF-153,3250,Fully Paid
a0xRg00000FXeR3IAL,INV-GFF-154,3250,Fully Paid
a0xRg00000FXeSfIAL,INV-TRD2-436,495452.5,Fully Paid
a0xRg00000FY6LhIAL,INV-GFF-155,262500,Fully Paid
a0xRg00000FY6lVIAT,INV-GFF-156,155900,Fully Paid
a0xRg00000FY6wnIAD,INV-TRD2-437,92578.2,Fully Paid
a0xRg00000FY9oDIAT,INV-TRD-1354,32550,Fully Paid
a0xRg00000FYCirIAH,INV-TRD2-438,20650,Fully Paid
a0xRg00000FYDobIAH,INV-TRD2-439,97039.5,Fully Paid
a0xRg00000FYE37IAH,INV-TRD2-440,97039.5,Fully Paid
a0xRg00000FYFYfIAP,INV-GFF-157,,Pending
a0xRg00000FYFnBIAX,INV-TRD2-441,142834,Fully Paid
a0xRg00000FYFs1IAH,INV-TRD2-442,1047630,Fully Paid
a0xRg00000FYTN7IAP,INV-TRD2-443,40940.32,Partially Paid
a0xRg00000FaXjBIAV,INV-TRD2-444,208618.8,Fully Paid
a0xRg00000FaiLIIAZ,INV-TRD2-446,178502.4,Fully Paid
a0xRg00000FapzSIAR,INV-TRD2-445,38850.48,Fully Paid
a0xRg00000FauSrIAJ,INV-TRD2-447,178502.4,Fully Paid
a0xRg00000Fav2LIAR,INV-TRD2-448,479086.17,Partially Paid
a0xRg00000FcqeXIAR,INV-TRD-1355,26186.56,Fully Paid
a0xRg00000FdBazIAF,INV-TRD-1356,14261.47,Fully Paid
a0xRg00000FfbuDIAR,INV-GFF-158,3250,Fully Paid
a0xRg00000FfcqHIAR,INV-TRD-1357,82481.4,Partially Paid
a0xRg00000FfdBGIAZ,INV-TRD-1358,57046.8,Fully Paid
a0xRg00000FfedZIAR,INV-TRD-1359,784380.85,Fully Paid
a0xRg00000FfeqTIAR,INV-TRD-1360,60195.88,Fully Paid
a0xRg00000Fi17pIAB,INV-TRD2-449,72810,Fully Paid
a0xRg00000Fi19RIAR,INV-TRD2-450,174150,Fully Paid
a0xRg00000FkhULIAZ,INV-TRD2-451,103882.7,Fully Paid
a0xRg00000FkhVxIAJ,INV-TRD2-452,44703.08,Fully Paid
a0xRg00000FkievIAB,INV-TRD2-453,98288,Fully Paid
a0xRg00000FkkYfIAJ,INV-GFF-159,37000,Cancelled
a0xRg00000Fkq6EIAR,INV-TRD2-455,107448.7,Partially Paid
a0xRg00000FktaLIAR,INV-TRD-1361,30159.02,Fully Paid
a0xRg00000FktldIAB,INV-TRD2-454,46393.12,Partially Paid
a0xRg00000Fl3D7IAJ,INV-GFF-160,135860,Fully Paid
a0xRg00000FnEqnIAF,INV-TRD-1362,133736.28,Fully Paid
a0xRg00000FnF8XIAV,INV-BTL-130,2489000,Fully Paid
a0xRg00000FnGPZIA3,INV-GFF-161,3250,Fully Paid
a0xRg00000FnH0fIAF,INV-TRD2-456,99590.13,Partially Paid
a0xRg00000FnKEfIAN,INV-TRD-1363,101137.8,Fully Paid
a0xRg00000FnKOLIA3,INV-TRD2-457,338184.8,Fully Paid
a0xRg00000FnKeTIAV,INV-TRD2-458,10726.68,Partially Paid
a0xRg00000FpnpFIAR,INV-TRD2-459,346316,Partially Paid
a0xRg00000FpojhIAB,INV-TRD2-460,74839,Partially Paid
a0xRg00000FpolJIAR,INV-TRD2-461,179374.5,Partially Paid
a0xRg00000FsMKfIAN,INV-TRD2-462,103882.7,Fully Paid
a0xRg00000FsNQPIA3,INV-GFF-162,3250,Fully Paid
a0xRg00000FuhL0IAJ,INV-TRD-1365,29987,Fully Paid
a0xRg00000Fup2PIAR,INV-TRD-1364,66462,Fully Paid
a0xRg00000Fup5dIAB,INV-TRD-1366,28659.96,Fully Paid
a0xRg00000Fup7FIAR,INV-TRD-1367,,Cancelled
a0xRg00000Fup8rIAB,INV-TRD-1368,34375.22,Fully Paid
a0xRg00000FuqJRIAZ,INV-TRD-1369,29802.46,Fully Paid
a0xRg00000FuqL3IAJ,INV-TRD-1370,,Pending
a0xRg00000FuqMfIAJ,INV-TRD2-463,489865,Fully Paid
a0xRg00000FuqOHIAZ,INV-TRD-1371,33637.42,Fully Paid
a0xRg00000FuqOIIAZ,INV-TRD-1384,65177.7,Fully Paid
a0xRg00000Fuqw9IAB,INV-TRD-1372,26265.12,Fully Paid
a0xRg00000FurSPIAZ,INV-TRD-1373,23905.73,Partially Paid
a0xRg00000FurdhIAB,INV-TRD-1374,27733.68,Fully Paid
a0xRg00000FuriXIAR,INV-TRD-1375,31779.44,Partially Paid
a0xRg00000Furk9IAB,INV-TRD-1376,26343.68,Fully Paid
a0xRg00000FurqbIAB,INV-TRD-1377,60000,Fully Paid
a0xRg00000Furx3IAB,INV-TRD-1378,,Pending
a0xRg00000Fus0HIAR,INV-TRD-1379,28972,Partially Paid
a0xRg00000Fus6jIAB,INV-TRD-1380,31000,Fully Paid
a0xRg00000Fus9xIAB,INV-TRD-1381,33873,Fully Paid
a0xRg00000FusEnIAJ,INV-TRD-1382,399202.44,Partially Paid
a0xRg00000FusI2IAJ,INV-TRD-1398,20720,Fully Paid
a0xRg00000FutArIAJ,INV-TRD-1383,32938.4,Fully Paid
a0xRg00000FutKXIAZ,INV-TRD-1385,31465,Fully Paid
a0xRg00000FutMAIAZ,INV-TRD-1388,133736.28,Fully Paid
a0xRg00000FutQzIAJ,INV-TRD-1386,27982.32,Fully Paid
a0xRg00000FutUDIAZ,INV-TRD-1387,,Pending
a0xRg00000FutvdIAB,INV-TRD-1389,30456.16,Fully Paid
a0xRg00000Fuu8XIAR,INV-TRD-1390,66858.34,Fully Paid
a0xRg00000FuuIDIAZ,INV-TRD-1391,28939.56,Fully Paid
a0xRg00000FuuLRIAZ,INV-TRD-1392,,Pending
a0xRg00000FuuWjIAJ,INV-TRD-1393,34336.92,Partially Paid
a0xRg00000FuuenIAB,INV-TRD-1394,,Cancelled
a0xRg00000FuugPIAR,INV-TRD-1395,,Cancelled
a0xRg00000FuuoTIAR,INV-TRD-1396,,Pending
a0xRg00000Fuuy9IAB,INV-TRD-1397,46824,Fully Paid
a0xRg00000Fuv4bIAB,INV-TRD-1399,23440,Fully Paid
a0xRg00000Fuv7pIAB,INV-TRD-1400,45940,Fully Paid
a0xRg00000FuvB3IAJ,INV-TRD-1401,22180,Fully Paid
a0xRg00000FuvCfIAJ,INV-TRD-1402,47140,Fully Paid
a0xRg00000FuvEHIAZ,INV-TRD-1403,20200,Fully Paid
a0xRg00000FuvHVIAZ,INV-TRD-1404,19720,Fully Paid
a0xRg00000FuvKjIAJ,INV-TRD-1405,19480,Fully Paid
a0xRg00000FuvPZIAZ,INV-TRD-1406,23980,Fully Paid
a0xRg00000FuvUPIAZ,INV-TRD-1407,18720,Fully Paid
a0xRg00000FuvZFIAZ,INV-TRD-1408,31900,Fully Paid
a0xRg00000FuvivIAB,INV-TRD-1409,21260,Fully Paid
a0xRg00000Fuvm9IAB,INV-TRD-1410,47560,Fully Paid
a0xRg00000Fx08DIAR,INV-BTL-131,24116400,Fully Paid
a0xRg00000Fx0BRIAZ,INV-GFF-163,283600,Fully Paid
a0xRg00000Fx0GHIAZ,INV-TRD2-464,84995,Fully Paid
a0xRg00000Fx0HtIAJ,INV-TRD2-465,103127.5,Fully Paid
a0xRg00000Fx0L7IAJ,INV-TRD2-466,91350,Fully Paid
a0xRg00000Fx0MjIAJ,INV-TRD2-467,83970,Fully Paid
a0xRg00000Fx0PxIAJ,INV-TRD2-468,,Pending
a0xRg00000Fx0UnIAJ,INV-TRD2-469,339277.5,Fully Paid
a0xRg00000Fx0bFIAR,INV-TRD2-470,,Pending
a0xRg00000Fx0crIAB,INV-TRD2-471,202848.2,Fully Paid
a0xRg00000Fx0eTIAR,INV-TRD2-472,,Pending
a0xRg00000Fx0g5IAB,INV-TRD2-473,99145.2,Partially Paid
a0xRg00000Fx0hhIAB,INV-TRD2-474,,Pending
a0xRg00000Fx0jJIAR,INV-TRD2-475,92391,Fully Paid
a0xRg00000Fx0kvIAB,INV-TRD2-476,82953.6,Partially Paid
a0xRg00000Fx0o9IAB,INV-TRD2-477,,Pending
a0xRg00000Fx0pmIAB,INV-TRD2-481,85831,Fully Paid
a0xRg00000Fx0ubIAB,INV-TRD2-478,103026,Fully Paid
a0xRg00000Fx1AjIAJ,INV-TRD2-479,106675.8,Fully Paid
a0xRg00000Fx1CLIAZ,INV-TRD2-480,90613.5,Fully Paid
a0xRg00000Fx1DxIAJ,INV-TRD2-482,163328.7,Fully Paid
a0xRg00000Fx1NdIAJ,INV-TRD2-483,87408.3,Fully Paid
a0xRg00000Fx1STIAZ,INV-TRD2-484,23199.74,Fully Paid
a0xRg00000Fx1U5IAJ,INV-TRD2-485,100248.7,Fully Paid
a0xRg00000FxVryIAF,INV-TRD2-486,108910.6,Fully Paid
a0xRg00000FxZM5IAN,INV-TRD-1411,64856.62,Fully Paid
a0xRg00000Fxa3eIAB,INV-TRD2-487,101876,Fully Paid
a0xRg00000FxeLlIAJ,INV-TRD2-488,,Pending
a0xRg00000FxfT8IAJ,INV-TRD2-489,85000,Fully Paid
a0xRg00000Fxg2cIAB,INV-TRD2-490,111301.5,Fully Paid
a0xRg00000FxgSQIAZ,INV-TRD2-491,93141.6,Fully Paid
a0xRg00000FxgsDIAR,INV-TRD2-492,92020,Fully Paid
a0xRg00000Fxh6kIAB,INV-TRD2-497,109921.1,Fully Paid
a0xRg00000FxhDBIAZ,INV-TRD2-493,95359.5,Fully Paid
a0xRg00000FxhMrIAJ,INV-TRD2-494,85754.1,Partially Paid
a0xRg00000FxhptIAB,INV-TRD2-495,107190.6,Fully Paid
a0xRg00000FxhxxIAB,INV-TRD2-496,112182.8,Fully Paid
a0xRg00000FxkNxIAJ,INV-TRD2-499,97029.1,Fully Paid
a0xRg00000FxlzxIAB,INV-TRD2-502,94414.48,Partially Paid
a0xRg00000G08M9IAJ,INV-TRD2-503,276000,Fully Paid
a0xRg00000G09enIAB,INV-TRD2-504,98858.5,Fully Paid
a0xRg00000G0AqzIAF,INV-TRD2-505,42693.4,Fully Paid
a0xRg00000G2oIrIAJ,INV-TRD2-506,85400,Fully Paid
a0xRg00000G2q4XIAR,INV-TRD2-507,110400,Fully Paid
a0xRg00000G2rJxIAJ,INV-TRD2-508,22744.6,Fully Paid
a0xRg00000G2tYfIAJ,INV-TRD2-509,36990,Fully Paid
a0xRg00000G2tiMIAR,INV-TRD2-511,495925,Fully Paid
a0xRg00000G2tqPIAR,INV-TRD2-510,22987,Fully Paid
a0xRg00000G30lSIAR,INV-TRD2-512,18500,Cancelled
a0xRg00000G5YW5IAN,INV-TRD2-513,,Cancelled
a0xRg00000G5YvvIAF,INV-TRD2-514,99321,Fully Paid
a0xRg00000G5c0EIAR,INV-TRD2-515,23333.5,Fully Paid
a0xRg00000G5mKXIAZ,INV-TRD2-516,504587.5,Fully Paid
a0xRg00000G6MSsIAN,INV-GFF-164,3250,Fully Paid
a0xRg00000G6OhZIAV,INV-GFF-165,280800,Fully Paid
a0xRg00000G865RIAR,INV-BTL-132,967806,Fully Paid
a0xRg00000G8AiXIAV,INV-TRD2-517,342603.8,Fully Paid
a0xRg00000G8B1tIAF,INV-TRD2-518,101831,Fully Paid
a0xRg00000G8BEnIAN,INV-TRD2-519,101140,Fully Paid
a0xRg00000GASQ1IAP,INV-TRD2-520,846000,Fully Paid
a0xRg00000GASWTIA5,INV-TRD2-521,102969.2,Fully Paid
a0xRg00000GAsqjIAD,INV-TRD2-522,167,Partially Paid
a0xRg00000GDZWbIAP,INV-TRD-1412,29402.76,Fully Paid
a0xRg00000GDZbRIAX,INV-TRD-1413,29262,Partially Paid
a0xRg00000GDZgHIAX,INV-TRD-1414,27651,Fully Paid
a0xRg00000GDZtCIAX,INV-TRD-1417,29060,Fully Paid
a0xRg00000GDa2rIAD,INV-TRD-1415,,Pending
a0xRg00000GDaE9IAL,INV-TRD-1416,44728,Fully Paid
a0xRg00000GDaR4IAL,INV-TRD-1418,32874,Partially Paid
a0xRg00000GDaZ7IAL,INV-TRD-1419,64407.12,Fully Paid
a0xRg00000GDaZ8IAL,INV-TRD-1428,33703,Partially Paid
a0xRg00000GDacLIAT,INV-TRD-1420,31093,Fully Paid
a0xRg00000GDacPIAT,INV-TRD-1438,29115.9,Fully Paid
a0xRg00000GDadyIAD,INV-TRD-1426,,Pending
a0xRg00000GDainIAD,INV-TRD-1421,27650.98,Fully Paid
a0xRg00000GDapFIAT,INV-TRD-1422,26265.12,Fully Paid
a0xRg00000GDaxJIAT,INV-TRD-1423,44285.04,Fully Paid
a0xRg00000GDbDRIA1,INV-TRD-1424,29146.32,Fully Paid
a0xRg00000GDbIHIA1,INV-TRD-1425,32972.8,Fully Paid
a0xRg00000GDdOwIAL,INV-TRD-1432,31000,Fully Paid
a0xRg00000GDdyPIAT,INV-TRD-1427,27733.68,Fully Paid
a0xRg00000GDeUfIAL,INV-TRD-1429,26343.68,Fully Paid
a0xRg00000GDefxIAD,INV-TRD-1430,60000,Partially Paid
a0xRg00000GDf0vIAD,INV-TRD-1431,28972.48,Fully Paid
a0xRg00000GDfTxIAL,INV-TRD-1433,66948,Partially Paid
a0xRg00000GDfddIAD,INV-TRD-1434,27859.78,Fully Paid
a0xRg00000GDfnJIAT,INV-TRD-1435,23662.72,Partially Paid
a0xRg00000GDg3TIAT,INV-TRD-1443,,Pending
a0xRg00000GDg53IAD,INV-TRD-1436,,Cancelled
a0xRg00000GDgLBIA1,INV-TRD-1437,,Pending
a0xRg00000GDgoDIAT,INV-TRD-1439,32938.4,Fully Paid
a0xRg00000GDh9BIAT,INV-TRD-1440,65177.7,Fully Paid
a0xRg00000GDhE2IAL,INV-TRD-1441,31465,Fully Paid
a0xRg00000GDhkHIAT,INV-TRD-1442,27981.8,Fully Paid
a0xRg00000GDiEvIAL,INV-TRD-1444,30159.02,Fully Paid
a0xRg00000GDjEEIA1,INV-TRD2-523,92600,Fully Paid
a0xRg00000GGBCnIAP,INV-TRD2-524,48348.4,Fully Paid
a0xRg00000GGBEPIA5,INV-TRD2-525,225992,Fully Paid
a0xRg00000GGBJFIA5,INV-TRD2-526,100769.6,Fully Paid
a0xRg00000GGBKrIAP,INV-TRD2-527,100769.6,Fully Paid
a0xRg00000GGDMfIAP,INV-TRD-1445,29802,Partially Paid
a0xRg00000GGG4PIAX,INV-TRD2-528,40190,Fully Paid
a0xRg00000GGIMMIA5,INV-TRD-1458,,Pending
a0xRg00000GGL2UIAX,INV-TRD-1469,20720,Fully Paid
a0xRg00000GGLvKIAX,INV-TRD-1456,30875.76,Fully Paid
a0xRg00000GGM1lIAH,INV-TRD-1446,28659.96,Fully Paid
a0xRg00000GGM8DIAX,INV-TRD-1447,,Cancelled
a0xRg00000GGMcrIAH,INV-TRD-1448,1832.69,Partially Paid
a0xRg00000GGMmXIAX,INV-TRD-1449,66858.34,Fully Paid
a0xRg00000GGN4JIAX,INV-TRD-1473,47140,Fully Paid
a0xRg00000GGNAkIAP,INV-TRD-1450,28939.56,Fully Paid
a0xRg00000GGNXJIA5,INV-TRD-1451,,Pending
a0xRg00000GGNp3IAH,INV-TRD-1452,27900.22,Fully Paid
a0xRg00000GGNx7IAH,INV-TRD-1453,,Pending
a0xRg00000GGO3ZIAX,INV-TRD-1454,45673.2,Fully Paid
a0xRg00000GGOGTIA5,INV-TRD-1455,67510.62,Fully Paid
a0xRg00000GGPCXIA5,INV-TRD-1457,,Pending
a0xRg00000GGPakIAH,INV-TRD-1464,,Cancelled
a0xRg00000GGPfZIAX,INV-TRD-1459,,Pending
a0xRg00000GGQ6zIAH,INV-TRD-1460,31039.58,Partially Paid
a0xRg00000GGQDSIA5,INV-TRD-1466,,Pending
a0xRg00000GGQmwIAH,INV-TRD-1465,,Cancelled
a0xRg00000GGQuzIAH,INV-TRD-1461,30420.6,Partially Paid
a0xRg00000GGQzpIAH,INV-TRD-1462,34415,Fully Paid
a0xRg00000GGR6HIAX,INV-TRD-1463,29652.58,Fully Paid
a0xRg00000GGRhNIAX,INV-TRD-1467,46824,Fully Paid
a0xRg00000GGS0jIAH,INV-TRD-1468,69133.94,Partially Paid
a0xRg00000GGSGrIAP,INV-TRD-1470,23440,Fully Paid
a0xRg00000GGSLhIAP,INV-TRD-1471,45940,Fully Paid
a0xRg00000GGSOvIAP,INV-TRD-1472,22180,Fully Paid
a0xRg00000GJ0j3IAD,INV-TRD2-529,402550,Fully Paid
a0xRg00000GJ4xxIAD,INV-TRD-1474,27307.98,Fully Paid
a0xRg00000GJ6YMIA1,INV-TRD2-530,92600,Fully Paid
a0xRg00000GJ7xTIAT,INV-TRD-1482,47560,Fully Paid
a0xRg00000GJ8VJIA1,INV-TRD2-531,41450,Fully Paid
a0xRg00000GJ9MYIA1,INV-TRD2-535,,Pending
a0xRg00000GJ9eHIAT,INV-TRD-1475,20200,Fully Paid
a0xRg00000GJ9kjIAD,INV-TRD-1476,19720,Fully Paid
a0xRg00000GJ9pZIAT,INV-TRD-1477,19480,Fully Paid
a0xRg00000GJ9snIAD,INV-TRD-1478,23980,Fully Paid
a0xRg00000GJ9zFIAT,INV-TRD-1479,18720,Fully Paid
a0xRg00000GJA0rIAH,INV-TRD-1480,31900,Fully Paid
a0xRg00000GJA5hIAH,INV-TRD-1481,21260,Fully Paid
a0xRg00000GJA7KIAX,INV-TRD2-532,287250,Fully Paid
a0xRg00000GJB1lIAH,INV-TRD2-533,174150,Fully Paid
a0xRg00000GJBWPIA5,INV-TRD2-534,,Pending
a0xRg00000GJC2gIAH,INV-TRD2-538,179344.5,Partially Paid
a0xRg00000GJCp3IAH,INV-TRD2-536,,Cancelled
a0xRg00000GJF5OIAX,INV-TRD2-539,182857,Partially Paid
a0xRg00000GLrRVIA1,INV-TRD2-540,197448.8,Fully Paid
a0xRg00000GLsAfIAL,INV-TRD2-541,43070,Fully Paid
a0xRg00000GM1ykIAD,INV-TRD2-541,43457.84,Fully Paid
a0xRg00000GORVhIAP,INV-GFF-166,132000,Fully Paid
a0xRg00000GORkDIAX,INV-GFF-167,3250,Fully Paid
a0xRg00000GOq2gIAD,INV-TRD2-542,,Cancelled
a0xRg00000GOqKPIA1,INV-TRD2-543,480000,Fully Paid
a0xRg00000GOqM1IAL,INV-TRD2-544,553000,Fully Paid
a0xRg00000GOqU5IAL,INV-TRD2-545,22350,Fully Paid
a0xRg00000GOqVhIAL,INV-TRD2-546,25270,Fully Paid
a0xRg00000GOykzIAD,INV-GFF-168,,Cancelled
a0xRg00000GRK1RIAX,INV-TRD2-547,44337.68,Fully Paid
a0xRg00000GRM3FIAX,INV-GFF-169,160800,Fully Paid
a0xRg00000GRMrFIAX,INV-TRD2-548,6313,Cancelled
a0xRg00000GU5PFIA1,INV-TRD2-549,22968.1,Fully Paid
a0xRg00000GWV2fIAH,INV-TRD2-550,108732,Fully Paid
a0xRg00000GWV5tIAH,INV-TRD2-551,108732,Fully Paid
a0xRg00000GWV7VIAX,INV-TRD2-552,46643,Fully Paid
a0xRg00000GWWRmIAP,INV-TRD2-553,140191.52,Fully Paid
a0xRg00000GWaVNIA1,INV-TRD2-554,91000,Fully Paid
a0xRg00000GX5NtIAL,INV-GFF-170,37000,Partially Paid
a0xRg00000GZHETIA5,INV-TRD2-555,42639.76,Fully Paid
a0xRg00000GbjrNIAR,INV-TRD2-557,471823,Partially Paid
a0xRg00000GbpvBIAR,INV-TRD2-558,2066006,Fully Paid
a0xRg00000GbqT3IAJ,INV-TRD-1483,87000,Partially Paid
a0xRg00000GbqWHIAZ,INV-TRD2-559,212630.7,Fully Paid
a0xRg00000GbqrFIAR,INV-TRD2-560,85000,Fully Paid
a0xRg00000GdkOLIAZ,INV-GFF-171,53900,Partially Paid
a0xRg00000GdmwPIAR,INV-TRD2-561,101831,Fully Paid
a0xRg00000GdozpIAB,INV-TRD2-562,91881.1,Fully Paid
a0xRg00000GdpKnIAJ,INV-TRD2-563,91000,Fully Paid
a0xRg00000GdpPdIAJ,INV-TRD2-564,39550,Fully Paid
a0xRg00000Gdq3xIAB,INV-TRD2-565,75772.79,Partially Paid
a0xRg00000Gdq8nIAB,INV-TRD2-566,39950,Fully Paid
a0xRg00000GdrEXIAZ,INV-TRD-1484,26186.56,Fully Paid
a0xRg00000GdrXuIAJ,INV-TRD2-567,102969.2,Fully Paid
a0xRg00000GfkthIAB,INV-TRD2-568,43605.52,Fully Paid
a0xRg00000GfoXVIAZ,INV-TRD2-569,40030,Fully Paid
a0xRg00000Gfq9VIAR,INV-TRD2-570,92200,Fully Paid
a0xRg00000GhIdBIAV,INV-TRD2-571,105.4,Partially Paid
a0xRg00000GhJuDIAV,INV-TRD2-572,90940,Fully Paid
a0xRg00000Gi8rtIAB,INV-TRD-1485,573114.2,Fully Paid
a0xRg00000Gi8v7IAB,INV-TRD2-573,102969.2,Fully Paid
a0xRg00000Gi8wjIAB,INV-TRD-1486,29987,Fully Paid
a0xRg00000Gi91ZIAR,INV-GFF-172,135100,Fully Paid
a0xRg00000Gi93BIAR,INV-GFF-173,130010,Partially Paid
a0xRg00000GmnEvIAJ,INV-TRD2-574,47310,Fully Paid
a0xRg00000GmnI9IAJ,INV-TRD2-575,110490,Fully Paid
a0xRg00000GmsrJIAR,INV-BTL-133,,Cancelled
a0xRg00000Gooy5IAB,INV-TRD2-576,98858.5,Fully Paid
a0xRg00000GosVRIAZ,INV-TRD-1487,29262,Partially Paid
a0xRg00000GosYfIAJ,INV-TRD-1488,194569.86,Fully Paid
a0xRg00000GosbtIAB,INV-TRD-1489,,Pending
a0xRg00000GosdWIAR,INV-TRD-1491,,Pending
a0xRg00000GosgjIAB,INV-TRD-1490,,Pending
a0xRg00000GosiMIAR,INV-TRD-1492,,Pending
a0xRg00000GosvFIAR,INV-TRD-1493,25870,Partially Paid
a0xRg00000GovhpIAB,INV-TRD-1494,8494.04,Partially Paid
a0xRg00000GowUDIAZ,INV-TRD-1495,,Pending
a0xRg00000GowfVIAR,INV-TRD-1496,29060,Fully Paid
a0xRg00000Gowh7IAB,INV-TRD-1497,,Pending
a0xRg00000GowsPIAR,INV-TRD-1498,6778.64,Partially Paid
a0xRg00000Gox0TIAR,INV-TRD-1499,31093,Fully Paid
a0xRg00000Gox25IAB,INV-TRD-1500,,Pending
a0xRg00000Gso8HIAR,INV-TRD-1501,14901.23,Fully Paid
a0xRg00000Gso9tIAB,INV-TRD-1502,14900.77,Partially Paid
a0xRg00000GtKhdIAF,INV-TRD2-577,88910,Fully Paid
a0xRg00000GvLxlIAF,INV-TRD2-578,342603.8,Fully Paid
a0xRg00000GvNOTIA3,INV-TRD-1503,13653.99,Fully Paid
a0xRg00000GvcddIAB,INV-TRD2-579,40001.86,Partially Paid
a0xRg00000Gvd1pIAB,INV-TRD2-580,184260,Fully Paid
a0xRg00000GxUSHIA3,INV-TRD2-581,74430,Fully Paid
a0xRg00000GxUVVIA3,INV-TRD2-582,178200,Fully Paid
a0xRg00000GxWqgIAF,INV-TRD-1504,29402.76,Fully Paid
a0xRg00000GzhgLIAR,INV-TRD2-583,218590.85,Partially Paid
a0xRg00000Gzi1JIAR,INV-TRD2-584,101131.8,Partially Paid
a0xRg00000GzlQbIAJ,INV-TRD2-585,89907.8,Fully Paid
a0xRg00000H1diHIAR,INV-TRD2-586,90579.44,Partially Paid
a0xRg00000H1dn7IAB,INV-TRD2-587,622398,Partially Paid
a0xRg00000H1h7ZIAR,INV-TRD2-588,92124.65,Partially Paid
a0xRg00000H3Y3NIAV,INV-TRD2-589,93634,Fully Paid
a0xRg00000H3YBRIA3,INV-GFF-174,741200,Fully Paid
a0xRg00000H3YHtIAN,INV-TRD-1505,,Pending
a0xRg00000H3YJVIA3,INV-TRD-1506,882.96,Partially Paid
a0xRg00000H3YL7IAN,INV-TRD-1507,,Pending
a0xRg00000H3YMjIAN,INV-TRD-1508,9148.2,Partially Paid
a0xRg00000H3YOLIA3,INV-TRD-1509,,Pending
a0xRg00000H3YPxIAN,INV-TRD-1510,,Pending
a0xRg00000H3YRZIA3,INV-TRD-1511,,Pending
a0xRg00000H3YWPIA3,INV-TRD-1512,,Pending
a0xRg00000H3YbFIAV,INV-GFF-175,37000,Partially Paid
a0xRg00000H3ynSIAR,INV-TRD-1515,,Pending
a0xRg00000H402sIAB,INV-TRD-1517,31000,Fully Paid
a0xRg00000H40E9IAJ,INV-TRD-1513,26343.68,Fully Paid
a0xRg00000H40FlIAJ,INV-TRD-1514,,Pending
a0xRg00000H40HNIAZ,INV-TRD-1516,,Pending
a0xRg00000H40IzIAJ,INV-TRD-1518,,Pending
a0xRg00000H40MDIAZ,INV-TRD-1519,27859.78,Fully Paid
a0xRg00000H40NpIAJ,INV-TRD-1520,,Pending
a0xRg00000H424fIAB,INV-TRD2-590,84995,Fully Paid
a0xRg00000H432MIAR,INV-TRD-1521,,Pending
a0xRg00000H44o1IAB,INV-TRD-1522,,Pending
a0xRg00000H46bLIAR,INV-TRD-1523,,Pending
a0xRg00000H48lBIAR,INV-TRD-1524,,Pending
a0xRg00000H48q1IAB,INV-TRD-1525,32938.4,Fully Paid
a0xRg00000H48zhIAB,INV-TRD-1526,2775.9,Partially Paid
a0xRg00000H494XIAR,INV-TRD-1527,31465,Fully Paid
a0xRg00000H49NtIAJ,INV-TRD-1528,,Pending
a0xRg00000H49SjIAJ,INV-TRD-1529,,Pending
a0xRg00000H49ZBIAZ,INV-TRD-1530,,Pending
a0xRg00000H49nhIAB,INV-TRD-1531,30159.02,Fully Paid
a0xRg00000H49sXIAR,INV-TRD-1532,,Pending
a0xRg00000H64iHIAR,INV-TRD-1533,31408.74,Partially Paid
a0xRg00000H64jtIAB,INV-TRD-1534,28659.96,Fully Paid
a0xRg00000H64lVIAR,INV-TRD-1535,,Pending
a0xRg00000H64n7IAB,INV-TRD-1536,,Pending
a0xRg00000H64ojIAB,INV-TRD-1537,,Pending
a0xRg00000H64qLIAR,INV-TRD-1538,,Pending
a0xRg00000H64tZIAR,INV-TRD-1539,6846.62,Partially Paid
a0xRg00000H64vBIAR,INV-TRD-1540,,Pending
a0xRg00000H64wnIAB,INV-TRD-1541,27900.22,Fully Paid
a0xRg00000H64yPIAR,INV-TRD-1542,,Pending
a0xRg00000H651dIAB,INV-TRD-1543,,Pending
a0xRg00000H656TIAR,INV-TRD-1544,67510.62,Fully Paid
a0xRg00000H6585IAB,INV-TRD-1545,17967.72,Partially Paid
a0xRg00000H659hIAB,INV-TRD-1546,,Pending
a0xRg00000H65CvIAJ,INV-TRD-1547,,Pending
a0xRg00000H65EXIAZ,INV-TRD-1548,28451.48,Fully Paid
a0xRg00000H65EYIAZ,INV-TRD-1558,,Pending
a0xRg00000H65G9IAJ,INV-TRD-1549,,Pending
a0xRg00000H65HlIAJ,INV-TRD-1550,47523.62,Fully Paid
a0xRg00000H65JNIAZ,INV-TRD-1551,,Pending
a0xRg00000H65XtIAJ,INV-TRD-1552,,Pending
a0xRg00000H65knIAB,INV-TRD-1553,,Pending
a0xRg00000H65pdIAB,INV-TRD-1554,32550,Fully Paid
a0xRg00000H65rFIAR,INV-TRD-1555,29652.58,Fully Paid
a0xRg00000H65srIAB,INV-TRD-1556,,Pending
a0xRg00000H65uTIAR,INV-TRD-1557,46824,Fully Paid
a0xRg00000H67BVIAZ,INV-TRD2-591,92200,Fully Paid
a0xRg00000H67EjIAJ,INV-TRD2-592,,Pending
a0xRg00000H6B8fIAF,INV-TRD2-593,106675.8,Fully Paid
a0xRg00000H6ByHIAV,INV-TRD2-594,43882.4,Fully Paid
a0xRg00000H6CMTIA3,INV-TRD2-595,210725.8,Fully Paid
a0xRg00000H6FfJIAV,INV-TRD2-596,,Pending
a0xRg00000H6GTJIA3,INV-TRD2-597,41961.64,Fully Paid
a0xRg00000H6HXRIA3,INV-TRD2-598,107448.7,Partially Paid
a0xRg00000H6HcHIAV,INV-TRD2-599,113224,Partially Paid
a0xRg00000H6Hu1IAF,INV-TRD2-600,19744.88,Fully Paid
a0xRg00000H8Dj3IAF,INV-TRD-1559,45673.2,Fully Paid
a0xRg00000HAE9kIAH,INV-TRD2-602,40603.6,Fully Paid
a0xRg00000HAEPsIAP,INV-TRD2-601,39505.99,Partially Paid
a0xRg00000HCCWfIAP,INV-TRD2-603,105081.2,Partially Paid
a0xRg00000HDyW1IAL,INV-GFF-176,37000,Partially Paid
a0xRg00000HDyZFIA1,INV-TRD2-604,97770,Fully Paid
a0xRg00000HELu3IAH,INV-GFF-178,,Pending
a0xRg00000HEM5JIAX,INV-GFF-177,3250,Fully Paid
a0xRg00000HEM6vIAH,INV-GFF-179,3250,Fully Paid
a0xRg00000HEM8XIAX,INV-GFF-180,3250,Fully Paid
a0xRg00000HEMA9IAP,INV-GFF-181,280000,Partially Paid
a0xRg00000HEOdNIAX,INV-TRD-1560,81185.36,Partially Paid
a0xRg00000HEQfCIAX,INV-TRD-1563,22631.51,Fully Paid
a0xRg00000HER8DIAX,INV-TRD-1561,22631.51,Fully Paid
a0xRg00000HER9pIAH,INV-TRD-1562,22631.51,Fully Paid
a0xRg00000HERBRIA5,INV-TRD-1564,22631.51,Fully Paid
a0xRg00000HERD3IAP,INV-TRD-1565,22631.51,Fully Paid
a0xRg00000HEREfIAP,INV-TRD-1566,20069.3,Partially Paid
a0xRg00000HEVADIA5,INV-TRD2-605,978000,Fully Paid
a0xRg00000HEVmwIAH,INV-TRD2-609,212630.7,Fully Paid
a0xRg00000HEYfxIAH,INV-TRD2-606,320.86,Partially Paid
a0xRg00000HEZQjIAP,INV-TRD2-607,45676.14,Fully Paid
a0xRg00000HEZVZIA5,INV-TRD2-608,62.46,Partially Paid
a0xRg00000HEaxtIAD,INV-TRD2-610,181279.4,Fully Paid
a0xRg00000HGDNhIAP,INV-TRD2-611,45790,Fully Paid
a0xRg00000HGDYzIAP,INV-TRD2-612,106600,Fully Paid
a0xRg00000HHuqPIAT,INV-TRD2-613,81391.9,Fully Paid
a0xRg00000HHxOTIA1,INV-TRD2-614,97039.5,Fully Paid
a0xRg00000HME7NIAX,INV-BTL-134,1100000,Cancelled
a0xRg00000HME8zIAH,INV-TRD-1567,13171.84,Fully Paid
a0xRg00000HMEDpIAP,INV-TRD2-615,463153.94,Fully Paid
a0xRg00000HMETxIAP,INV-GFF-182,270500,Fully Paid
a0xRg00000HNpknIAD,INV-TRD2-616,41244,Fully Paid
a0xRg00000HNpo1IAD,INV-TRD2-617,95235,Fully Paid
a0xRg00000HNppdIAD,INV-TRD2-618,91658,Partially Paid
a0xRg00000HNpuTIAT,INV-TRD2-619,42258,Fully Paid
a0xRg00000HNrEjIAL,INV-GFF-183,140770,Partially Paid
a0xRg00000HPTppIAH,INV-TRD-1568,32428.31,Fully Paid
a0xRg00000HPVObIAP,INV-GFF-184,153584.25,Partially Paid
a0xRg00000HPWMIIA5,INV-TRD2-620,355908.8,Fully Paid
a0xRg00000HRDIjIAP,INV-TRD2-621,206787,Fully Paid
a0xRg00000HRDLxIAP,INV-GFF-185,150100,Fully Paid
a0xRg00000HRDgvIAH,INV-GFF-186,139700,Fully Paid
a0xRg00000HRDllIAH,INV-TRD-1569,14701.38,Fully Paid
a0xRg00000HRW8TIAX,INV-GFF-187,480000,Fully Paid
a0xRg00000HRWBhIAP,INV-GFF-188,495000,Partially Paid
a0xRg00000HRWGXIA5,INV-GFF-189,240000,Fully Paid
a0xRg00000HRWJlIAP,INV-GFF-190,,Pending
a0xRg00000HRhgbIAD,INV-GFF-191,240000,Fully Paid
a0xRg00000HRipZIAT,INV-TRD2-622,99321,Fully Paid
a0xRg00000HRkg5IAD,INV-TRD2-623,95235,Fully Paid
a0xRg00000HRlU5IAL,INV-GFF-192,155900,Fully Paid
a0xRg00000HRncLIAT,INV-TRD2-624,95300,Fully Paid
a0xRg00000HRnu5IAD,INV-TRD-1570,198593.4,Partially Paid
a0xRg00000HRooXIAT,INV-TRD2-625,97018.4,Fully Paid
a0xRg00000HUAY1IAP,INV-TRD2-626,101831,Fully Paid
a0xRg00000HUJ6fIAH,INV-GFF-193,275200,Fully Paid
a0xRg00000HWNSjIAP,INV-TRD2-627,176479.5,Fully Paid
a0xRg00000HWPEPIA5,INV-GFF-194,140070,Partially Paid
a0xRg00000HWPRJIA5,INV-TRD2-628,91613.12,Partially Paid
a0xRg00000HWSPBIA5,INV-TRD-1571,34659.75,Partially Paid
a0xRg00000HWUVpIAP,INV-TRD-1572,29802,Partially Paid
a0xRg00000HWVRtIAP,INV-BTL-135,,Pending
a0xRg00000HWb97IAD,INV-TRD2-629,21676.51,Fully Paid
a0xRg00000HYoDWIA1,INV-TRD-1573,,Pending
a0xRg00000HascnIAB,INV-TRD2-630,94400,Fully Paid
a0xRg00000Hd6gdIAB,INV-GFF-195,96000,Pending
a0xRg00000HddVxIAJ,INV-GFF-196,161000,Fully Paid
a0xRg00000HdgLlIAJ,INV-TRD2-631,98858.5,Fully Paid
a0xRg00000Hg5EPIAZ,INV-TRD-1574,14261,Partially Paid
a0xRg00000HiIaXIAV,INV-TRD-1575,13653.99,Fully Paid
a0xRg00000HiJ3ZIAV,INV-GFF-197,132000,Fully Paid
a0xRg00000HiO4sIAF,INV-GFF-199,136900,Fully Paid
a0xRg00000HiSLNIA3,INV-GFF-198,,Pending
a0xRg00000HiSgLIAV,INV-GFF-200,,Pending
a0xRg00000HiSjZIAV,INV-GFF-201,134000,Fully Paid
a0xRg00000HiSurIAF,INV-GFF-202,131400,Fully Paid
a0xRg00000HiT1JIAV,INV-GFF-203,165900,Fully Paid
a0xRg00000HiT7lIAF,INV-GFF-204,237600,Fully Paid
a0xRg00000HiTVxIAN,INV-GFF-205,130000,Fully Paid
a0xRg00000HiU3pIAF,INV-GFF-206,,Pending
a0xRg00000HiW8rIAF,INV-GFF-207,142500,Fully Paid
a0xRg00000Hkf4nIAB,INV-TRD2-632,103882.7,Fully Paid
a0xRg00000HkgQfIAJ,INV-GFF-208,265200,Fully Paid
a0xRg00000HkjjWIAR,INV-GFF-211,169320,Fully Paid
a0xRg00000HkjzeIAB,INV-GFF-213,132700,Fully Paid
a0xRg00000HkkXVIAZ,INV-GFF-209,135860,Fully Paid
a0xRg00000HkkZ7IAJ,INV-GFF-210,87824.12,Partially Paid
a0xRg00000HkkinIAB,INV-GFF-212,,Pending
a0xRg00000Hkkm1IAB,INV-GFF-214,137900,Fully Paid
a0xRg00000HkkpFIAR,INV-GFF-215,135500,Fully Paid
a0xRg00000Hkl29IAB,INV-GFF-216,275393.67,Partially Paid
a0xRg00000HkljhIAB,INV-GFF-217,134600,Fully Paid
a0xRg00000HkllSIAR,INV-TRD2-633,97029.1,Fully Paid
a0xRg00000HklmvIAB,INV-GFF-218,278800,Partially Paid
a0xRg00000HkloXIAR,INV-GFF-219,277600,Partially Paid
a0xRg00000HkltNIAR,INV-GFF-220,162200,Fully Paid
a0xRg00000HpUYYIA3,INV-TRD2-634,80940,Fully Paid
a0xRg00000Hr8s5IAB,INV-TRD2-635,167700,Fully Paid
a0xRg00000Hr9cxIAB,INV-TRD-1576,58293.18,Fully Paid
a0xRg00000HrAVhIAN,INV-TRD2-636,2070575.43,Fully Paid
a0xRg00000HrAaXIAV,INV-TRD2-637,81690,Fully Paid
a0xRg00000HrB3ZIAV,INV-TRD2-638,106600,Fully Paid
a0xRg00000HrChBIAV,INV-TRD2-639,158315.2,Partially Paid
a0xRg00000HrFOvIAN,INV-TRD2-640,70230,Fully Paid
a0xRg00000Ht9wvIAB,INV-TRD2-641,84992.8,Fully Paid
a0xRg00000HtAszIAF,INV-TRD2-642,95979,Fully Paid
a0xRg00000HtC1xIAF,INV-GFF-221,261000,Fully Paid
a0xRg00000HvC2fIAF,INV-TRD2-643,145513.52,Fully Paid
a0xRg00000HvCDyIAN,INV-TRD2-645,102971.6,Fully Paid
a0xRg00000HvCx7IAF,INV-TRD2-644,531863.81,Partially Paid
a0xRg00000HvGJDIA3,INV-TRD2-646,79432.5,Fully Paid
a0xRg00000HxCo9IAF,INV-TRD2-647,93141.6,Fully Paid
a0xRg00000HxCplIAF,INV-TRD2-648,85000,Fully Paid
a0xRg00000HxCszIAF,INV-TRD2-649,97600,Partially Paid
a0xRg00000HxPS1IAN,INV-TRD2-650,82610,Fully Paid
a0xRg00000Hz5tpIAB,INV-TRD2-651,91350,Fully Paid
a0xRg00000Hz6DBIAZ,INV-TRD2-652,112996,Fully Paid
a0xRg00000Hzm7ZIAR,INV-TRD-1577,33352,Partially Paid
a0xRg00000HzmHFIAZ,INV-TRD2-653,85797,Fully Paid
a0xRg00000HzmIrIAJ,INV-TRD2-654,100769.6,Fully Paid
a0xRg00000HznejIAB,INV-TRD2-655,86591.4,Fully Paid
a0xRg00000HztiXIAR,INV-TRD2-656,92600,Fully Paid
a0xRg00000I1ntxIAB,INV-TRD2-657,102044.8,Fully Paid
a0xRg00000I1oI9IAJ,INV-TRD2-658,111301.5,Fully Paid
a0xRg00000I1q3pIAB,INV-TRD2-659,105669.3,Fully Paid
a0xRg00000I1rhRIAR,INV-TRD2-660,210050.8,Fully Paid
a0xRg00000I1sqPIAR,INV-GFF-222,147100,Fully Paid
a0xRg00000I40C0IAJ,INV-TRD2-661,80226.8,Fully Paid
a0xRg00000I42AXIAZ,INV-TRD2-662,1765.78,Partially Paid
a0xRg00000I42CAIAZ,INV-TRD2-663,89557,Fully Paid
a0xRg00000I43plIAB,INV-TRD2-664,88448,Partially Paid
a0xRg00000I43ubIAB,INV-TRD2-665,88695.8,Fully Paid
a0xRg00000I43xpIAB,INV-TRD2-666,87597.2,Partially Paid
a0xRg00000I45wPIAR,INV-TRD2-667,81749.2,Fully Paid
a0xRg00000I46E9IAJ,INV-TRD2-668,79432.5,Fully Paid
a0xRg00000I47dFIAR,INV-TRD2-669,111301.5,Partially Paid
a0xRg00000I4D2jIAF,INV-TRD2-670,178200,Fully Paid
a0xRg00000I4G4aIAF,INV-TRD2-671,102970,Fully Paid
a0xRg00000I6BKzIAN,INV-TRD2-672,81.6,Partially Paid
a0xRg00000I6CvNIAV,INV-TRD2-673,346316,Partially Paid
a0xRg00000I6DOPIA3,INV-TRD-1578,32428.31,Fully Paid
a0xRg00000I8D8zIAF,INV-TRD2-674,84995,Fully Paid
a0xRg00000I8DVZIA3,INV-TRD2-675,103658.1,Fully Paid
a0xRg00000I8GJlIAN,INV-TRD2-676,217464,Fully Paid
a0xRg00000I8GObIAN,INV-TRD2-677,103026,Fully Paid
a0xRg00000I8JHdIAN,INV-TRD2-678,103026,Fully Paid
a0xRg00000I8JO5IAN,INV-TRD2-679,,Pending
a0xRg00000IA2sgIAD,INV-TRD2-683,94400,Fully Paid
a0xRg00000IA4MXIA1,INV-TRD2-680,40910,Fully Paid
a0xRg00000IA4PlIAL,INV-TRD2-681,106111.8,Fully Paid
a0xRg00000IA4RNIA1,INV-TRD2-682,94400,Fully Paid
a0xRg00000IA4UbIAL,INV-TRD2-684,97770,Fully Paid
a0xRg00000IAou2IAD,INV-TRD2-687,100770.4,Fully Paid
a0xRg00000IArFBIA1,INV-TRD2-685,208756.4,Fully Paid
a0xRg00000IArGnIAL,INV-TRD2-686,208756.4,Fully Paid
a0xRg00000IAuD3IAL,INV-TRD2-688,90820,Partially Paid
a0xRg00000IAuEfIAL,INV-TRD2-689,72400,Partially Paid
a0xRg00000IAvVhIAL,INV-GFF-223,155000,Partially Paid
a0xRg00000ICudaIAD,INV-TRD-1579,33712.6,Fully Paid
a0xRg00000ICvjJIAT,INV-TRD2-690,97029.1,Fully Paid
a0xRg00000ICyajIAD,INV-TRD2-691,167700,Fully Paid
a0xRg00000ICyinIAD,INV-TRD2-692,99234,Fully Paid
a0xRg00000ICyxJIAT,INV-TRD2-693,95360,Fully Paid
a0xRg00000ID6I9IAL,INV-TRD-1580,3397160,Fully Paid
a0xRg00000IF721IAD,INV-TRD2-694,90940,Fully Paid
a0xRg00000IH7FdIAL,INV-TRD-1581,14701.38,Fully Paid
a0xRg00000IH7IrIAL,INV-TRD2-695,75661.76,Fully Paid
a0xRg00000IHA3pIAH,INV-TRD2-696,208618.8,Fully Paid
a0xRg00000IHFl4IAH,INV-TRD2-Office-1,294965.48,Fully Paid
a0xRg00000IJ0UzIAL,INV-TRD2-Office-2,115517.8,Fully Paid
a0xRg00000IJ2tNIAT,INV-TRD2-697,181279.4,Fully Paid
a0xRg00000IJ31RIAT,INV-TRD2-698,181279.4,Fully Paid
a0xRg00000IJ3CjIAL,INV-TRD2-699,342603.8,Fully Paid
a0xRg00000IJ6P7IAL,INV-TRD2-700,1982138,Fully Paid
a0xRg00000IKswLIAT,INV-TRD2-701,89907.8,Fully Paid
a0xRg00000IKt9FIAT,INV-TRD2-702,81816,Fully Paid
a0xRg00000IKtCTIA1,INV-TRD2-703,92020,Fully Paid
a0xRg00000ILR7jIAH,INV-TRD2-704,1004394,Fully Paid
a0xRg00000ILRSfIAP,INV-TRD2-705,102970,Fully Paid
a0xRg00000ILRajIAH,INV-TRD2-706,209265.22,Partially Paid
a0xRg00000ILUiHIAX,INV-TRD2-707,107448.7,Partially Paid
a0xRg00000ILUrxIAH,INV-TRD2-708,82435.52,Fully Paid
a0xRg00000ILUyPIAX,INV-TRD2-709,,Pending
a0xRg00000ILYigIAH,INV-TRD-1582,,Pending
a0xRg00000INPylIAH,INV-TRD2-711,92600,Fully Paid
a0xRg00000INQibIAH,INV-TRD2-710,85631,Fully Paid
a0xRg00000INQkDIAX,INV-TRD2-712,366498.1,Partially Paid
a0xRg00000INQp3IAH,INV-TRD2-713,55200,Partially Paid
a0xRg00000INS7hIAH,INV-TRD2-714,95300,Fully Paid
a0xRg00000INSAvIAP,INV-TRD2-715,95300,Fully Paid
a0xRg00000IRAAbIAP,INV-TRD-1583,13653.99,Fully Paid
a0xRg00000IRDA5IAP,INV-TRD2-716,97029.1,Fully Paid
a0xRg00000IRDBhIAP,INV-TRD2-Office-3,50000,Cancelled
a0xRg00000IRDrdIAH,INV-TRD-1584,30595.31,Partially Paid
a0xRg00000IRE9NIAX,INV-TRD-1585,30595.31,Partially Paid
a0xRg00000IRFdJIAX,INV-TRD-1586,30595.31,Partially Paid
a0xRg00000IRMmrIAH,INV-TRD-1587,30595.31,Partially Paid
a0xRg00000IT8MPIA1,INV-TRD2-717,10000,Partially Paid
a0xRg00000IT9rxIAD,INV-TRD-1588,14261,Partially Paid
a0xRg00000ITCGLIA5,INV-TRD-1589,30595.31,Partially Paid
a0xRg00000ITCLBIA5,INV-TRD2-718,116194,Fully Paid
a0xRg00000ITCTGIA5,INV-TRD-1590,30595.31,Partially Paid
a0xRg00000ITCrRIAX,INV-TR2-Retail-4,120000,Fully Paid
a0xRg00000ITCufIAH,INV-TR2-Retail-5,150000,Partially Paid
a0xRg00000ITD7ZIAX,INV-TRD-1591,30595.31,Partially Paid
a0xRg00000ITDh3IAH,INV-TRD-1592,30595.31,Partially Paid
a0xRg00000ITF7mIAH,INV-TRD-1593,30595.31,Partially Paid
a0xRg00000ITJ3JIAX,INV-TRD-1594,30595.31,Partially Paid
a0xRg00000IUrR7IAL,INV-TRD2-719,149731.26,Partially Paid
a0xRg00000IUrSjIAL,INV-TRD-1595,30595.31,Partially Paid
a0xRg00000IUrULIA1,INV-TRD-1596,30595.31,Partially Paid
a0xRg00000IUrVxIAL,INV-TRD-1597,30595.31,Partially Paid
a0xRg00000IVHWrIAP,INV-TRD2-720,355908.8,Fully Paid
a0xRg00000IVHYTIA5,INV-TRD2-721,355908.8,Fully Paid
a0xRg00000IVJaIIAX,INV-TRD2-722,49627.6,Fully Paid
a0xRg00000IVLQoIAP,INV-TR2-Retail-12,1842378.94,Fully Paid
a0xRg00000IVM6kIAH,INV-TR2-Retail-6,1329440.2,Fully Paid
a0xRg00000IVM6lIAH,INV-TR2-Retail-14,1551553.86,Fully Paid
a0xRg00000IVMDBIA5,INV-TR2-Retail-7,2037327.62,Fully Paid
a0xRg00000IVMI1IAP,INV-TR2-Retail-8,1883925.38,Fully Paid
a0xRg00000IVMLFIA5,INV-TR2-Retail-9,1883925.38,Fully Paid
a0xRg00000IVMUvIAP,INV-TR2-Retail-10,2037327.62,Fully Paid
a0xRg00000IVMY9IAP,INV-TR2-Retail-11,1286295.82,Fully Paid
a0xRg00000IVMZlIAP,INV-TR2-Retail-13,1436497.18,Partially Paid
a0xRg00000IVPUPIA5,INV-GFF-224,259250,Partially Paid
a0xRg00000IWr8TIAT,INV-TR2-Office-15,,Cancelled
a0xRg00000IWrBhIAL,INV-TRD2-723,,Pending
a0xRg00000IWrDJIA1,INV-TRD2-724,,Pending
a0xRg00000IWsCbIAL,INV-TRD2-725,,Pending
a0xRg00000IWsR7IAL,INV-TRD2-726,103127.5,Fully Paid
a0xRg00000IWsanIAD,INV-TRD2-727,157165.4,Fully Paid
a0xRg00000IWsnhIAD,INV-TRD2-728,,Pending
a0xRg00000IWsyzIAD,INV-TRD2-729,1.92,Pending
a0xRg00000IWt73IAD,INV-TRD2-730,179344.5,Partially Paid
a0xRg00000IWti9IAD,INV-TRD2-731,,Pending
a0xRg00000IWtobIAD,INV-TRD2-732,84957.6,Fully Paid
a0xRg00000IWtrpIAD,INV-TRD2-733,,Pending
a0xRg00000IYiDxIAL,INV-TR2-Office-16,294965.72,Fully Paid
a0xRg00000IYkKcIAL,INV-TRD2-734,162403,Partially Paid
a0xRg00000IYl29IAD,INV-TRD2-735,198909.4,Fully Paid
a0xRg00000IYl6zIAD,INV-TRD-1598,33552,Partially Paid
a0xRg00000IYlGfIAL,INV-TRD2-736,82713.76,Fully Paid
a0xRg00000IaiL7IAJ,INV-TRD2-737,95300,Fully Paid
a0xRg00000IaiMjIAJ,INV-TRD2-738,93694.3,Partially Paid
a0xRg00000IajibIAB,INV-TRD-1599,1939630,Fully Paid
a0xRg00000IajkEIAR,INV-TRD2-739,97039.5,Fully Paid
a0xRg00000IcWFqIAN,INV-TR2-Office-20,146560.64,Fully Paid
a0xRg00000IcWHRIA3,INV-TR2-Office-17,209708.31,Fully Paid
a0xRg00000IcWe1IAF,INV-TR2-Office-18,376452.93,Fully Paid
a0xRg00000IcWvlIAF,INV-TR2-Office-19,83038.88,Fully Paid
a0xRg00000IcXDVIA3,INV-TRD2-740,95750,Fully Paid
a0xRg00000IeDXJIA3,INV-TR2-Office-22,112384,Fully Paid
a0xRg00000IeDvRIAV,INV-TR2-Office-21,286738,Partially Paid
a0xRg00000IeF4PIAV,INV-TRD2-741,101078.8,Partially Paid
a0xRg00000IeF7dIAF,INV-TRD2-742,,Pending
a0xRg00000IeF9FIAV,INV-TRD2-743,182857.5,Fully Paid
a0xRg00000IeFArIAN,INV-TRD2-744,,Pending
a0xRg00000IeFCTIA3,INV-TRD2-745,,Pending
a0xRg00000IeFE5IAN,INV-TRD2-746,107190.6,Fully Paid
a0xRg00000IeFFhIAN,INV-TRD2-747,,Pending
a0xRg00000IeFHJIA3,INV-TRD2-748,99800,Fully Paid
a0xRg00000IeFIvIAN,INV-TRD2-749,97773,Fully Paid
a0xRg00000IeFKXIA3,INV-TRD2-750,94775.8,Fully Paid
a0xRg00000IelM2IAJ,INV-TRD2-752,,Pending
a0xRg00000IenSfIAJ,INV-TRD2-751,86112.5,Fully Paid
a0xRg00000IeniqIAB,INV-GFF-228,,Pending
a0xRg00000IeoN7IAJ,INV-TRD2-753,19744.88,Fully Paid
a0xRg00000Iep6HIAR,INV-TRD2-754,1907953.68,Fully Paid
a0xRg00000IeqjuIAB,INV-GFF-229,,Pending
a0xRg00000Ier1dIAB,INV-GFF-225,739273.66,Partially Paid
a0xRg00000Ier85IAB,INV-GFF-226,,Pending
a0xRg00000Ier9hIAB,INV-GFF-227,130500,Fully Paid
a0xRg00000IerknIAB,INV-GFF-230,151670,Partially Paid
a0xRg00000IeswzIAB,INV-TRD2-755,36000,Partially Paid
a0xRg00000IghpNIAR,INV-TRD2-756,198909.4,Fully Paid
a0xRg00000Igjb4IAB,INV-GFF-232,135970,Partially Paid
a0xRg00000IgjzFIAR,INV-TRD2-757,22210,Fully Paid
a0xRg00000Igl6bIAB,INV-GFF-231,153100,Fully Paid
a0xRg00000IihjdIAB,INV-TRD-1600,39515.52,Fully Paid
a0xRg00000IkOzRIAV,INV-TRD2-758,86112.5,Fully Paid
a0xRg00000IkQpxIAF,INV-TRD2-759,218590.85,Partially Paid
a0xRg00000IkSa1IAF,INV-TRD2-760,22023,Fully Paid
a0xRg00000ImCqvIAF,INV-TRD2-761,92578.2,Fully Paid
a0xRg00000ImCu9IAF,INV-TRD2-762,89557,Fully Paid
a0xRg00000ImCvlIAF,INV-TRD2-763,88478,Fully Paid
a0xRg00000ImEUYIA3,INV-TRD2-764,184694.53,Partially Paid
a0xRg00000ImG1hIAF,INV-TRD2-765,218590.85,Partially Paid
a0xRg00000ImGOIIA3,INV-TRD2-766,99175.2,Fully Paid
a0xRg00000ImGuXIAV,INV-TRD2-767,87760,Partially Paid
a0xRg00000InoPVIAZ,INV-TRD2-768,92130,Fully Paid
a0xRg00000InoR7IAJ,INV-TRD2-769,108911,Fully Paid
a0xRg00000IoOG5IAN,INV-TR2-Office-23,209708.31,Fully Paid
a0xRg00000IoOMXIA3,INV-TR2-Office-24,376452.93,Fully Paid
a0xRg00000IoRXJIA3,INV-TRD-1601,32428.31,Fully Paid
a0xRg00000IqFAHIA3,INV-TRD-1602,,Partially Paid
a0xRg00000IsM4UIAV,INV-GFF-233,162200,Fully Paid
a0xRg00000IsNbaIAF,INV-TRD-1603,13906.18,Partially Paid
a0xRg00000IsNjdIAF,INV-TRD2-770,338184.8,Fully Paid
a0xRg00000Iu8YPIAZ,INV-TRD2-771,101860,Partially Paid
a0xRg00000IuAQYIA3,INV-GFF-234,255800,Fully Paid
a0xRg00000IuDcvIAF,INV-TRD-1604,14901,Partially Paid
a0xRg00000IvoLtIAJ,INV-TRD2-772,108732,Fully Paid
a0xRg00000Ivq5xIAB,INV-TRD2-773,83323.8,Fully Paid
a0xRg00000Ivq7ZIAR,INV-TRD2-774,83323.8,Fully Paid
a0xRg00000IvqAnIAJ,INV-TRD2-775,41340.68,Partially Paid
a0xRg00000Ivse1IAB,INV-TRD-1605,13653.99,Fully Paid
a0xRg00000IvtF7IAJ,INV-TRD-1606,29262,Partially Paid
a0xRg00000IxO2LIAV,INV-TRD2-776,87408.3,Fully Paid
a0xRg00000IxO3xIAF,INV-TRD2-777,87408.3,Fully Paid
a0xRg00000IxmELIAZ,INV-TRD2-778,102650.3,Fully Paid
a0xRg00000IxqTFIAZ,INV-GFF-235,154700,Fully Paid
a0xRg00000IxqbJIAR,INV-GFF-236,154700,Fully Paid
a0xRg00000IxsgLIAR,INV-GFF-237,3250,Fully Paid
a0xRg00000Ixt2vIAB,INV-GFF-238,154400,Fully Paid
a0xRg00000IxtVxIAJ,INV-GFF-239,154400,Fully Paid
a0xRg00000IxtnhIAB,INV-GFF-240,3250,Fully Paid
a0xRg00000IzdA9IAJ,INV-TRD2-779,204555,Fully Paid
a0xRg00000J1SfGIAV,INV-TRD-1608,14701.38,Fully Paid
a0xRg00000J1TQ1IAN,INV-TRD-1607,,Pending
a0xRg00000J4lILIAZ,INV-TRD-1609,13906.18,Partially Paid
a0xRg00000J4lJxIAJ,INV-TRD-1610,14261,Partially Paid
a0xRg00000J4lLZIAZ,INV-GFF-241,3250,Fully Paid
a0xRg00000J4r4PIAR,INV-GFF-242,,Pending
a0xRg00000J4r61IAB,INV-GFF-243,,Pending
a0xRg00000J4rfVIAR,INV-GFF-244,,Pending
a0xRg00000J4s8XIAR,INV-GFF-245,,Pending
a0xRg00000J4sA9IAJ,INV-GFF-246,,Pending
a0xRg00000J4sIDIAZ,INV-GFF-247,,Pending
a0xRg00000J4sLRIAZ,INV-GFF-248,,Pending
a0xRg00000J6PjxIAF,INV-TRD2-780,84995,Fully Paid
a0xRg00000J6PqPIAV,INV-TRD2-781,,Pending
a0xRg00000J6PvFIAV,INV-TRD2-782,,Pending
a0xRg00000J6vrvIAB,INV-TRD2-785,339277.5,Fully Paid
a0xRg00000J6wG6IAJ,INV-TRD2-784,83970,Fully Paid
a0xRg00000J6wHhIAJ,INV-TRD2-783,,Pending
a0xRg00000J6xLpIAJ,INV-TRD2-786,,Pending
a0xRg00000J6xNRIAZ,INV-TRD2-787,,Pending
a0xRg00000J6z2fIAB,INV-TRD2-788,81021.2,Fully Paid
a0xRg00000J6z97IAB,INV-TRD2-789,81021.2,Fully Paid
a0xRg00000J6zKPIAZ,INV-TRD2-790,82558.6,Fully Paid
a0xRg00000J6zXJIAZ,INV-TRD2-791,202818.2,Partially Paid
a0xRg00000J6zibIAB,INV-TRD2-792,103656,Fully Paid
a0xRg00000J8mXZIAZ,INV-TRD2-793,82953.6,Partially Paid
a0xRg00000J8mZBIAZ,INV-TRD2-794,92421,Fully Paid
a0xRg00000J8manIAB,INV-TRD2-795,179374.5,Fully Paid
a0xRg00000J8mcPIAR,INV-TRD2-796,,Pending
a0xRg00000J8nrpIAB,INV-TRD2-797,5850.48,Partially Paid
a0xRg00000J8o1VIAR,INV-TRD2-798,106675.8,Fully Paid
a0xRg00000J8o4jIAB,INV-TRD2-799,91279.3,Fully Paid
a0xRg00000J8oMTIAZ,INV-TRD2-800,36228.7,Partially Paid
a0xRg00000J8oXlIAJ,INV-TRD2-801,,Pending
a0xRg00000J8omHIAR,INV-TRD2-802,,Pending
a0xRg00000JAfbdIAD,INV-TR2-Office-25,286738,Partially Paid
a0xRg00000JAiKzIAL,INV-TRD2-803,356.7,Partially Paid
a0xRg00000JAisrIAD,INV-TRD2-804,85787.1,Fully Paid
a0xRg00000JAiw5IAD,INV-TRD2-805,109500,Partially Paid
a0xRg00000JAiw6IAD,INV-TRD2-809,,Pending
a0xRg00000JAixhIAD,INV-TRD2-806,,Pending
a0xRg00000JAixiIAD,INV-TRD2-811,94775.8,Fully Paid
a0xRg00000JAizJIAT,INV-TRD2-807,,Pending
a0xRg00000JAj0vIAD,INV-TRD2-808,,Pending
a0xRg00000JAj2XIAT,INV-TRD2-810,97773,Fully Paid
a0xRg00000JAj49IAD,INV-TRD2-812,,Pending
a0xRg00000JAj5lIAD,INV-TRD2-813,19744.88,Fully Paid
a0xRg00000JAj8zIAD,INV-TRD2-814,19744.88,Fully Paid
a0xRg00000JGAbZIAX,INV-TRD2-815,98858.5,Fully Paid
a0xRg00000JGEIbIAP,INV-TRD-1611,12965,Partially Paid
a0xRg00000JI5fpIAD,INV-TRD-1612,33552,Partially Paid
a0xRg00000JJmijIAD,INV-TR2-Office-26,376452.93,Fully Paid
a0xRg00000JJmnZIAT,INV-TR2-Office-27,209708.31,Fully Paid
a0xRg00000JK3lCIAT,INV-MIRA-VERDE-1,32903.65,Fully Paid
a0xRg00000JLWl7IAH,INV-TRD2-816,346346,Fully Paid
a0xRg00000JLY5NIAX,INV-TRD2-817,92140.4,Fully Paid
a0xRg00000JLYDRIA5,INV-MIRA-VERDE-2,5896.35,Partially Paid
a0xRg00000JNBcXIAX,INV-TRD2-818,116194.4,Fully Paid
a0xRg00000JOkUzIAL,INV-TRD-1613,3442227,Fully Paid
a0xRg00000JOkYDIA1,INV-TRD-1614,1158875,Fully Paid
a0xRg00000JOkd3IAD,INV-TRD-1615,3298234,Fully Paid
a0xRg00000JOkefIAD,INV-TRD-1616,1285000,Fully Paid
a0xRg00000JOkgHIAT,INV-TRD2-819,85000,Fully Paid
a0xRg00000JOkjVIAT,INV-TRD2-820,84995,Fully Paid
a0xRg00000JOkmjIAD,INV-TRD2-821,85400,Fully Paid
a0xRg00000JOkunIAD,INV-TRD2-822,81647.23,Partially Paid
a0xRg00000JOldxIAD,INV-TRD-1617,994347,Fully Paid
a0xRg00000JOlfZIAT,INV-TRD-1618,955857,Fully Paid
a0xRg00000JOlkPIAT,INV-TRD-1619,953879,Fully Paid
a0xRg00000JOlm1IAD,INV-TRD-1620,1165295,Fully Paid
a0xRg00000JOlndIAD,INV-TRD-1621,3566057,Fully Paid
a0xRg00000JOlyvIAD,INV-TRD-1622,2738175,Fully Paid
a0xRg00000JOm3lIAD,INV-TRD-1623,1491607,Fully Paid
a0xRg00000JOmBpIAL,INV-TRD-1624,914408,Fully Paid
a0xRg00000JPFovIAH,INV-TRD2-823,,Pending
a0xRg00000JPIYHIA5,INV-TRD-1625,1045925,Fully Paid
a0xRg00000JPIZtIAP,INV-TRD-1626,1427598,Fully Paid
a0xRg00000JPIbVIAX,INV-TRD2-824,110400,Fully Paid
a0xRg00000JPId7IAH,INV-TRD2-825,109800,Partially Paid
a0xRg00000JPIhxIAH,INV-TRD2-826,167700,Fully Paid
a0xRg00000JPIlBIAX,INV-TRD2-827,,Pending
a0xRg00000JPImnIAH,INV-TRD2-828,,Pending
a0xRg00000JPIoPIAX,INV-TRD2-829,38000,Partially Paid
a0xRg00000JPIq1IAH,INV-TRD2-830,,Pending
a0xRg00000JPItFIAX,INV-TRD2-831,,Pending
a0xRg00000JPIzhIAH,INV-TRD2-832,99234,Fully Paid
a0xRg00000JPKWrIAP,INV-GFF-249,283600,Fully Paid
a0xRg00000JPLuLIAX,INV-POST-8,489000,Fully Paid
a0xRg00000JPMqPIAX,INV-TRD2-833,,Pending
a0xRg00000JPNg1IAH,INV-TRD2-834,,Pending
a0xRg00000JPO95IAH,INV-TRD2-835,81391.9,Fully Paid
a0xRg00000JPQPOIA5,INV-TRD2-836,155624.5,Fully Paid
a0xRg00000JRAhtIAH,INV-TRD-1627,33712.6,Fully Paid
a0xRg00000JRMBBIA5,INV-TRD2-837,,Pending
a0xRg00000JRMcbIAH,INV-TRD2-838,80394.11,Partially Paid
a0xRg00000JRMmHIAX,INV-TRD2-839,,Pending
a0xRg00000JRNGvIAP,INV-TRD2-840,14121,Partially Paid
a0xRg00000JRNaHIAX,INV-TRD2-841,342603.8,Fully Paid
a0xRg00000JROo6IAH,INV-TRD2-842,91688,Fully Paid
a0xRg00000JSsp4IAD,INV-TRD2-845,179374.5,Fully Paid
a0xRg00000JSu4LIAT,INV-TRD2-843,355908.8,Fully Paid
a0xRg00000JSu7ZIAT,INV-TRD2-844,94400,Fully Paid
a0xRg00000JSvBhIAL,INV-TRD2-846,206787,Fully Paid
a0xRg00000JSwsZIAT,INV-TRD2-855,110988.9,Fully Paid
a0xRg00000JSyHdIAL,INV-TRD2-847,,Pending
a0xRg00000JSzATIA1,INV-TRD2-848,,Pending
a0xRg00000JSzDhIAL,INV-TRD2-849,,Pending
a0xRg00000JSzX3IAL,INV-TRD2-850,,Pending
a0xRg00000JSzdVIAT,INV-TRD2-851,112996.6,Fully Paid
a0xRg00000JSztdIAD,INV-TRD2-852,9256.6,Partially Paid
a0xRg00000JT0phIAD,INV-TRD2-853,,Pending
a0xRg00000JT0w9IAD,INV-TRD2-854,99322,Fully Paid
a0xRg00000JUts9IAD,INV-TRD-1628,32428.31,Fully Paid
a0xRg00000JWExwIAH,INV-TRD2-859,95235,Fully Paid
a0xRg00000JWGLFIA5,INV-TRD2-856,176479.5,Fully Paid
a0xRg00000JWGMrIAP,INV-TRD2-857,101010,Partially Paid
a0xRg00000JWGczIAH,INV-TRD2-858,97770,Fully Paid
a0xRg00000JWGgDIAX,INV-TRD2-860,90940,Fully Paid
a0xRg00000JWGjRIAX,INV-TRD2-861,,Pending
a0xRg00000JWGmfIAH,INV-TRD2-862,,Pending
a0xRg00000JWGoHIAX,INV-TRD2-863,92020,Fully Paid
a0xRg00000JWGptIAH,INV-TRD2-864,95360,Fully Paid
a0xRg00000JWGrVIAX,INV-TRD2-865,,Pending
a0xRg00000JWGt7IAH,INV-TRD2-866,,Pending
a0xRg00000JWGujIAH,INV-TRD2-867,,Pending
a0xRg00000JWH2nIAH,INV-TRD2-868,47903.05,Partially Paid
a0xRg00000JWH7dIAH,INV-TRD2-869,,Pending
a0xRg00000JWHCTIA5,INV-TRD2-870,,Pending
a0xRg00000JWHFhIAP,INV-TRD2-871,89907.8,Fully Paid
a0xRg00000JWHZ3IAP,INV-TRD2-872,94775.4,Partially Paid
a0xRg00000JWHh7IAH,INV-TRD2-873,,Pending
a0xRg00000JWHu1IAH,INV-TRD2-874,19744.88,Fully Paid
a0xRg00000JWI5JIAX,INV-TRD2-875,,Pending
a0xRg00000JXksLIAT,INV-TRD-1629,14701.38,Fully Paid
a0xRg00000JZUEnIAP,INV-TRD2-876,323.6,Partially Paid
a0xRg00000JbEKPIA3,INV-TRD2-877,60431.79,Partially Paid
a0xRg00000JbFd3IAF,INV-TRD-1630,13653.99,Fully Paid
a0xRg00000JbGcLIAV,INV-GFF-250,155900,Fully Paid
a0xRg00000JcrzdIAB,INV-TRD2-878,2114392.2,Fully Paid
a0xRg00000JdCRPIA3,INV-TRD-1631,25000,Cancelled
a0xRg00000JecoPIAR,INV-TRD-1632,14901,Partially Paid
a0xRg00000JgecQIAR,INV-TRD2-879,6151.5,Partially Paid
a0xRg00000JiXDRIA3,INV-TRD2-880,106600,Fully Paid
a0xRg00000JlxZZIAZ,INV-TRD2-881,181279.4,Fully Paid
a0xRg00000JpA7FIAV,INV-TRD-1633,13906.18,Partially Paid
a0xRg00000JrFHJIA3,INV-TRD-1634,12965,Partially Paid
a0xRg00000JrGQPIA3,INV-TRD-1635,33712.6,Fully Paid
a0xRg00000JrJb3IAF,INV-TRD2-882,55000,Partially Paid
a0xRg00000Jua7VIAR,INV-TRD-1636,33552,Partially Paid
a0xRg00000JxaEDIAZ,INV-TRD2-883,98858.5,Fully Paid
a0xRg00000Jy0dOIAR,INV-TRD-1637,3460365.84,Fully Paid
a0xRg00000JzlYXIAZ,INV-TRD2-884,198909.4,Fully Paid
a0xRg00000K010bIAB,INV-GFF-251,131400,Fully Paid
a0xRg00000K01S1IAJ,INV-GFF-252,265200,Fully Paid
a0xRg00000K1aHGIAZ,INV-GFF-253,272500,Fully Paid
a0xRg00000K3cLNIAZ,INV-GFF-254,237600,Fully Paid
a0xRg00000K3cZtIAJ,INV-GFF-255,134000,Fully Paid
a0xRg00000K3gtdIAB,INV-TRD2-885,218590.85,Partially Paid
a0xRg00000K3k61IAB,INV-GFF-256,150100,Fully Paid
a0xRg00000K60OPIAZ,INV-GFF-257,,Pending
a0xRg00000K644hIAB,INV-GFF-258,270500,Fully Paid
a0xRg00000K9tD3IAJ,INV-TRD-1638,32428.31,Fully Paid
a0xRg00000K9txpIAB,INV-GFF-259,70800,Partially Paid
a0xRg00000KCFEHIA5,INV-TRD-1639,28522,Partially Paid
a0xRg00000KET54IAH,INV-TRD-1640,42146.48,Partially Paid
a0xRg00000KGhqHIAT,INV-TRD-1641,1490710,Fully Paid
a0xRg00000KGldlIAD,INV-TRD-1642,122406.8,Fully Paid
a0xRg00000KGrssIAD,INV-GFF-260,132000,Fully Paid
a0xRg00000KGs90IAD,INV-GFF-261,350,Partially Paid
a0xRg00000KIyNPIA1,INV-TRD2-887,1541.84,Partially Paid
a0xRg00000KJ1g1IAD,INV-TRD2-886,81391.9,Fully Paid
a0xRg00000KJ9CBIA1,INV-GFF-262,140100,Fully Paid
a0xRg00000KJ9nFIAT,INV-TRD2-888,111301.5,Fully Paid
a0xRg00000KL04kIAD,INV-GFF-263,50000,Partially Paid
a0xRg00000KL1ATIA1,INV-BTL-136,18054204,Fully Paid
a0xRg00000KL1tdIAD,INV-TRD-1643,1797619.5,Partially Paid
a0xRg00000KL5E6IAL,INV-TRD2-889,,Pending
a0xRg00000KL6baIAD,INV-TRD-1644,5104.86,Partially Paid
a0xRg00000KL79RIAT,INV-TRD-1645,12965,Partially Paid
a0xRg00000KL7uDIAT,INV-TRD2-890,81815.5,Fully Paid
a0xRg00000KMkK1IAL,INV-TRD-1646,14701.38,Fully Paid
a0xRg00000KMnrNIAT,INV-TRD-1647,13653.99,Fully Paid
a0xRg00000KMuw6IAD,INV-GFF-265,92160,Fully Paid
a0xRg00000KMv49IAD,INV-TRD2-891,256600,Partially Paid
a0xRg00000KMxynIAD,INV-GFF-264,76740,Fully Paid
a0xRg00000KMyTRIA1,INV-GFF-266,82140,Fully Paid
a0xRg00000KOxWUIA1,INV-GFF-299,86640,Fully Paid
a0xRg00000KOyVlIAL,INV-TRD2-892,,Pending
a0xRg00000KP06cIAD,INV-GFF-288,80760,Fully Paid
a0xRg00000KP06dIAD,INV-GFF-297,170160,Fully Paid
a0xRg00000KP0XsIAL,INV-GFF-287,87240,Fully Paid
a0xRg00000KP1YaIAL,INV-GFF-286,91860,Fully Paid
a0xRg00000KP1YbIAL,INV-GFF-290,159120,Fully Paid
a0xRg00000KP1qKIAT,INV-GFF-282,86400,Fully Paid
a0xRg00000KP27yIAD,INV-GFF-281,91020,Fully Paid
a0xRg00000KP2O6IAL,INV-GFF-294,97320,Fully Paid
a0xRg00000KP2uMIAT,INV-GFF-275,163500,Fully Paid
a0xRg00000KP32PIAT,INV-GFF-267,80400,Fully Paid
a0xRg00000KP35dIAD,INV-GFF-268,78840,Fully Paid
a0xRg00000KP35eIAD,INV-GFF-272,81060,Fully Paid
a0xRg00000KP3ATIA1,INV-GFF-269,142560,Fully Paid
a0xRg00000KP3C5IAL,INV-GFF-270,88260,Fully Paid
a0xRg00000KP3FJIA1,INV-GFF-271,78300,Fully Paid
a0xRg00000KP3IXIA1,INV-GFF-273,79680,Fully Paid
a0xRg00000KP3LlIAL,INV-GFF-274,83820,Fully Paid
a0xRg00000KP3YgIAL,INV-GFF-276,174900,Fully Paid
a0xRg00000KP3nBIAT,INV-GFF-277,90060,Fully Paid
a0xRg00000KP3s1IAD,INV-GFF-278,85500,Fully Paid
a0xRg00000KP489IAD,INV-GFF-279,80400,Fully Paid
a0xRg00000KP4BNIA1,INV-GFF-280,165120,Fully Paid
a0xRg00000KP4CzIAL,INV-GFF-283,82740,Fully Paid
a0xRg00000KP4EbIAL,INV-GFF-284,81300,Fully Paid
a0xRg00000KP4HpIAL,INV-GFF-285,166800,Fully Paid
a0xRg00000KP4MfIAL,INV-GFF-289,80340,Fully Paid
a0xRg00000KP4RVIA1,INV-GFF-291,92820,Fully Paid
a0xRg00000KP4UjIAL,INV-GFF-292,92640,Fully Paid
a0xRg00000KP4XxIAL,INV-GFF-293,81600,Fully Paid
a0xRg00000KP4ZZIA1,INV-GFF-295,84480,Fully Paid
a0xRg00000KP4cnIAD,INV-GFF-296,162300,Fully Paid
a0xRg00000KP4jFIAT,INV-GFF-298,93540,Fully Paid
a0xRg00000KP7HJIA1,INV-GFF-300,175320,Fully Paid
a0xRg00000KP7IwIAL,INV-BTL-142,1454250,Fully Paid
a0xRg00000KP7KXIA1,INV-GFF-301,96600,Fully Paid
a0xRg00000KP7KYIA1,INV-GFF-308,81516,Fully Paid
a0xRg00000KP7SbIAL,INV-GFF-302,95400,Fully Paid
a0xRg00000KP7XRIA1,INV-TRD-1648,14901,Partially Paid
a0xRg00000KP7afIAD,INV-GFF-303,79200,Fully Paid
a0xRg00000KP7cHIAT,INV-GFF-304,78000,Fully Paid
a0xRg00000KP7dtIAD,INV-GFF-305,99540,Fully Paid
a0xRg00000KP7h7IAD,INV-GFF-306,96480,Fully Paid
a0xRg00000KPBeHIAX,INV-GFF-307,101592,Fully Paid
a0xRg00000KPBj7IAH,INV-GFF-309,83640,Fully Paid
a0xRg00000KPC2TIAX,INV-GFF-310,83280,Fully Paid
a0xRg00000KPCAXIA5,INV-GFF-311,84060,Fully Paid
a0xRg00000KPCFNIA5,INV-GFF-312,79620,Fully Paid
a0xRg00000KPCFOIA5,INV-BTL-140,1585150,Fully Paid
a0xRg00000KPCyXIAX,INV-GFF-313,92400,Fully Paid
a0xRg00000KPD8DIAX,INV-BTL-137,1620150,Fully Paid
a0xRg00000KPDL7IAP,INV-BTL-138,1716050,Fully Paid
a0xRg00000KPDbFIAX,INV-BTL-139,1692250,Fully Paid
a0xRg00000KPDjJIAX,INV-BTL-141,1869200,Fully Paid
a0xRg00000KPDxpIAH,INV-BTL-143,1536150,Fully Paid
a0xRg00000KPE5tIAH,INV-BTL-144,3181850,Fully Paid
a0xRg00000KPF6nIAH,INV-BTL-145,1536150,Fully Paid
a0xRg00000KPFErIAP,INV-GFF-314,128750,Partially Paid
a0xRg00000KPFGTIA5,INV-BTL-146,1455650,Fully Paid
a0xRg00000KPFRlIAP,INV-BTL-147,1898000,Fully Paid
a0xRg00000KPFbRIAX,INV-BTL-148,3437000,Fully Paid
a0xRg00000KPKfyIAH,INV-GFF-315,139300,Fully Paid
a0xRg00000KPNcDIAX,INV-GFF-316,,Pending
a0xRg00000KPOQEIA5,INV-GFF-317,145100,Fully Paid
a0xRg00000KPObVIAX,INV-GFF-318,,Pending
a0xRg00000KRDSJIA5,INV-BTL-152,1809850,Fully Paid
a0xRg00000KRFCMIA5,INV-BTL-159,1740550,Fully Paid
a0xRg00000KRH4fIAH,INV-BTL-150,2985850,Fully Paid
a0xRg00000KRIDTIA5,INV-BTL-149,1464050,Fully Paid
a0xRg00000KRIuzIAH,INV-BTL-151,1908340,Fully Paid
a0xRg00000KRJ33IAH,INV-BTL-153,1634063.2,Fully Paid
a0xRg00000KRJ7tIAH,INV-BTL-154,1742300,Fully Paid
a0xRg00000KRJB7IAP,INV-BTL-155,1901515,Fully Paid
a0xRg00000KRJHZIA5,INV-BTL-156,3034150,Fully Paid
a0xRg00000KRJJBIA5,INV-BTL-157,1601250,Fully Paid
a0xRg00000KRJKnIAP,INV-BTL-158,3375400,Fully Paid
a0xRg00000KRJMPIA5,INV-BTL-160,3429300,Fully Paid
a0xRg00000KRJxVIAX,INV-TRD2-893,116930,Fully Paid
a0xRg00000KRKLiIAP,INV-TRD2-899,52084.38,Fully Paid
a0xRg00000KRLmPIAX,INV-TRD2-894,53410.5,Fully Paid
a0xRg00000KRLpdIAH,INV-TRD2-895,51045,Fully Paid
a0xRg00000KRLsrIAH,INV-TRD2-896,52890,Fully Paid
a0xRg00000KRLw5IAH,INV-TRD2-897,53820,Fully Paid
a0xRg00000KRM0vIAH,INV-TRD2-898,47659.5,Fully Paid
a0xRg00000KRPObIAP,INV-TRD2-901,49535.16,Fully Paid
a0xRg00000KRPTRIA5,INV-TRD2-902,50042.46,Fully Paid
a0xRg00000KRSsjIAH,INV-TRD2-903,133957.34,Fully Paid
a0xRg00000KRSvxIAH,INV-TRD2-904,60149.22,Fully Paid
a0xRg00000KRT0nIAH,INV-TRD2-905,54108.18,Fully Paid
a0xRg00000KRgyvIAD,INV-TRD-1649,13906.18,Partially Paid
a0xRg00000KTQjaIAH,INV-TRD-1650,33712.6,Fully Paid
a0xRg00000KTuPtIAL,INV-GFF-319,139700,Fully Paid
a0xRg00000KViKbIAL,INV-GFF-320,136000,Fully Paid
a0xRg00000KVmrGIAT,INV-TRD2-907,117323.6,Fully Paid
a0xRg00000KVq21IAD,INV-TRD2-906,50079.44,Fully Paid
a0xRg00000KZiSUIA1,INV-GFF-321,157500,Partially Paid
a0xRg00000KZkhBIAT,INV-TRD2-908,59472,Fully Paid
a0xRg00000KZlOkIAL,INV-TR2-Office-28,909845.37,Fully Paid
a0xRg00000Kc0hpIAB,INV-GFF-322,157500,Partially Paid
a0xRg00000Kc1PNIAZ,INV-TRD2-909,114384.01,Fully Paid
a0xRg00000KeArZIAV,INV-BTL-161,1855140,Fully Paid
a0xRg00000KeB1FIAV,INV-BTL-162,3545110.8,Fully Paid
a0xRg00000Kitq6IAB,INV-JRD-T1-1,37242.34,Partially Paid
a0xRg00000Kiy6eIAB,INV-JRD-T1-4,211733.2,Partially Paid
a0xRg00000Kiz2fIAB,INV-TRD2-910,117323.6,Fully Paid
a0xRg00000Kj229IAB,INV-TRD2-911,349210,Fully Paid
a0xRg00000Kj5xhIAB,INV-JRD-T1-2,106300,Fully Paid
a0xRg00000Kj95HIAR,INV-TR2-Office-29,143369.1,Fully Paid
a0xRg00000Kj9A5IAJ,INV-JRD-T1-3,45670,Fully Paid
a0xRg00000KjAm5IAF,INV-JRD-T1-5,40474.8,Fully Paid
a0xRg00000KjEBOIA3,INV-JRD-T1-9,222750,Fully Paid
a0xRg00000KjEg1IAF,INV-GFF-323,466956,Fully Paid
a0xRg00000KjFYrIAN,INV-JRD-T1-6,106300,Fully Paid
a0xRg00000KjIDOIA3,INV-JRD-T1-7,96138,Fully Paid
a0xRg00000KjIenIAF,INV-JRD-T1-8,41605.2,Fully Paid
a0xRg00000KjODyIAN,INV-JRD-T1-15,42663.6,Fully Paid
a0xRg00000KjOInIAN,INV-JRD-T1-10,95746,Fully Paid
a0xRg00000KjOQrIAN,INV-JRD-T1-11,41448.4,Fully Paid
a0xRg00000KjPQ9IAN,INV-JRD-T1-12,92120,Fully Paid
a0xRg00000KjPYDIA3,INV-JRD-T1-13,39998,Fully Paid
a0xRg00000KjQ1FIAV,INV-JRD-T1-14,98784.4,Fully Paid
a0xRg00000Kl0nRIAR,INV-TRD2-912,1466876.25,Fully Paid
a0xRg00000Kl0sHIAR,INV-TRD2-913,,Pending
a0xRg00000Kl4r3IAB,INV-TRD-1651,33552,Partially Paid
a0xRg00000Kl5gfIAB,INV-JRD-T1-16,100700,Fully Paid
a0xRg00000Kmu7dIAB,INV-JRD-T1-17,94000,Fully Paid
a0xRg00000KmxNFIAZ,INV-TR2-Office-30,176979.29,Fully Paid
a0xRg00000KmxezIAB,INV-JRD-T1-18,40750,Fully Paid
a0xRg00000KmzfBIAR,INV-JRD-T1-19,106010.8,Fully Paid
a0xRg00000KwvZzIAJ,INV-JRD-T1-20,,Pending
a0xRg00000Kx1m9IAB,INV-GFF-324,136900,Fully Paid
a0xRg00000Kx1z4IAB,INV-GFF-325,129649.56,Partially Paid
a0xRg00000Kx2rtIAB,INV-GFF-326,135500,Fully Paid
a0xRg00000Kx4SHIAZ,INV-TRD-1652,13457.9,Partially Paid
a0xRg00000KzCqgIAF,INV-JRD-T1-27,,Cancelled
a0xRg00000KzG7ZIAV,INV-JRD-T1-21,96138,Fully Paid
a0xRg00000KzGE1IAN,INV-JRD-T1-22,95746,Fully Paid
a0xRg00000KzGM5IAN,INV-JRD-T1-23,92120,Fully Paid
a0xRg00000KzGfRIAV,INV-JRD-T1-24,37000,Partially Paid
a0xRg00000KzGnVIAV,INV-JRD-T1-25,92350,Partially Paid
a0xRg00000KzH0PIAV,INV-JRD-T1-26,44430,Fully Paid
a0xRg00000KzL7GIAV,INV-JRD-T1-28,103200,Fully Paid
a0xRg00000KzLf8IAF,INV-JRD-T1-29,103200,Fully Paid
a0xRg00000L1Y9KIAV,INV-JRD-T1-30,260928,Fully Paid
a0xRg00000L1cOvIAJ,INV-JRD-T1-31,,Pending
a0xRg00000L1hy6IAB,INV-JRD-T1-33,,Pending
a0xRg00000L1mT9IAJ,INV-JRD-T1-34,43152.8,Fully Paid
a0xRg00000L1ol4IAB,INV-JRD-T1-35,43463.2,Fully Paid
a0xRg00000L1ph7IAB,INV-JRD-T1-32,,Pending
a0xRg00000L1rxRIAR,INV-JRD-T1-36,18265,Cancelled
a0xRg00000L1tBFIAZ,INV-JRD-T1-37,245376.6,Fully Paid
a0xRg00000L1tETIAZ,INV-JRD-T1-38,101300.4,Fully Paid
a0xRg00000L1w5tIAB,INV-TRD-1653,32428.31,Fully Paid
a0xRg00000L1y2rIAB,INV-TRD2-914,167700,Fully Paid
a0xRg00000L46cEIAR,INV-JRD-T1-39,55000,Partially Paid
a0xRg00000L489NIAR,INV-JRD-T1-40,37000,Partially Paid
a0xRg00000L4AW9IAN,INV-JRD-T1-41,98294,Fully Paid
a0xRg00000L4EJdIAN,INV-GFF-327,137900,Fully Paid
a0xRg00000L4F9FIAV,INV-TRD2-915,1772.6,Partially Paid
a0xRg00000L4I2KIAV,INV-JRD-T1-46,42750,Fully Paid
a0xRg00000L4KyaIAF,INV-JRD-T1-43,120588,Partially Paid
a0xRg00000L4MYvIAN,INV-JRD-T1-42,108192,Fully Paid
a0xRg00000L4R8nIAF,INV-JRD-T1-44,51405.2,Fully Paid
a0xRg00000L4RK6IAN,INV-JRD-T1-45,,Pending
a0xRg00000L4RYdIAN,INV-JRD-T1-48,37530.95,Partially Paid
a0xRg00000L4SfxIAF,INV-JRD-T1-47,46426.8,Fully Paid
a0xRg00000L4WwTIAV,INV-JRD-T1-49,35266.42,Partially Paid
a0xRg00000L6OYDIA3,INV-JRD-T1-50,37000,Partially Paid
a0xRg00000L6Od3IAF,INV-JRD-T1-51,37000,Partially Paid
a0xRg00000L6Oy4IAF,INV-TRD2-916,112996,Fully Paid
a0xRg00000L6T4rIAF,INV-JRD-T1-52,5435.1,Partially Paid
a0xRg00000L6T85IAF,INV-JRD-T1-53,7265.1,Partially Paid
a0xRg00000L6VJZIA3,INV-TRD2-917,30,Partially Paid
a0xRg00000L6VY5IAN,INV-TRD2-918,155.76,Partially Paid
a0xRg00000L6ZJxIAN,INV-JRD-T1-54,,Pending
a0xRg00000L6ZLZIA3,INV-JRD-T1-55,,Pending
a0xRg00000L6asjIAB,INV-JRD-T1-56,43430,Fully Paid
a0xRg00000L6bNOIAZ,INV-JRD-T1-57,36558.5,Partially Paid
a0xRg00000L6c3JIAR,INV-JRD-T1-58,36558.5,Partially Paid
a0xRg00000L6kbyIAB,INV-JRD-T1-59,42467.6,Fully Paid
a0xRg00000L8h6vIAB,INV-TRD2-919,80939.8,Fully Paid
a0xRg00000L8hOfIAJ,INV-JRD-T1-60,42150,Fully Paid
a0xRg00000L8pyvIAB,INV-JRD-T1-61,60810,Partially Paid
a0xRg00000L8q5NIAR,INV-JRD-T1-62,45790,Fully Paid
a0xRg00000L8t85IAB,INV-JRD-T1-63,170,Partially Paid
a0xRg00000LAjDUIA1,INV-TRD-1654,13653.99,Fully Paid
a0xRg00000LAmldIAD,INV-JRD-T1-64,105056,Fully Paid
a0xRg00000LAno9IAD,INV-TRD-1655,14901,Partially Paid
a0xRg00000LAr8bIAD,INV-TRD2-920,92130,Fully Paid
a0xRg00000LCfcrIAD,INV-JRD-T1-69,126714,Fully Paid
a0xRg00000LChGQIA1,INV-JRD-T1-68,41487.6,Fully Paid
a0xRg00000LCiQzIAL,INV-JRD-T1-65,183900,Fully Paid
a0xRg00000LCjlFIAT,INV-JRD-T1-66,76710,Fully Paid
a0xRg00000LCmcfIAD,INV-JRD-T1-67,35532.08,Partially Paid
a0xRg00000LCmcgIAD,INV-JRD-T1-70,53835.6,Fully Paid
a0xRg00000LCmw1IAD,INV-JRD-T1-71,45172.4,Fully Paid
a0xRg00000LCyHFIA1,INV-JRD-T1-72,257152,Fully Paid
a0xRg00000LD30nIAD,INV-JRD-T1-73,56940,Partially Paid
a0xRg00000LD6MrIAL,INV-JRD-T1-74,,Pending
a0xRg00000LEw4sIAD,INV-TRD2-929,72831.52,Fully Paid
a0xRg00000LF3sjIAD,INV-TRD-1656,14701.38,Fully Paid
a0xRg00000LF45eIAD,INV-TRD2-924,64181.88,Fully Paid
a0xRg00000LF5gOIAT,INV-TRD2-923,105758.1,Fully Paid
a0xRg00000LF7oHIAT,INV-GFF-328,133900,Fully Paid
a0xRg00000LF7xxIAD,INV-TR2-Office-31,125824.99,Fully Paid
a0xRg00000LF8ArIAL,INV-TR2-Office-32,225871.76,Fully Paid
a0xRg00000LF8FhIAL,INV-TRD2-921,26536,Fully Paid
a0xRg00000LF8HJIA1,INV-TRD2-922,116930,Fully Paid
a0xRg00000LF8kLIAT,INV-JRD-T1-75,105056,Fully Paid
a0xRg00000LF9WkIAL,INV-TRD2-925,123259.5,Fully Paid
a0xRg00000LF9gPIAT,INV-TRD2-926,130977,Fully Paid
a0xRg00000LF9i1IAD,INV-TRD2-927,81144,Fully Paid
a0xRg00000LF9lFIAT,INV-TRD2-928,72900.98,Fully Paid
a0xRg00000LF9oTIAT,INV-TRD2-930,67248.09,Fully Paid
a0xRg00000LFLsrIAH,INV-JRD-T1-76,25000,Partially Paid
a0xRg00000LFMDpIAP,INV-JRD-T1-77,25000,Partially Paid
a0xRg00000LHPKTIA5,INV-JRD-T1-78,37000,Partially Paid
a0xRg00000LHPNhIAP,INV-JRD-T1-79,37000,Partially Paid
a0xRg00000LHPXNIA5,INV-JRD-T1-80,,Pending
a0xRg00000LHPdpIAH,INV-JRD-T1-81,,Pending
a0xRg00000LHSmzIAH,INV-JRD-T1-82,37000,Partially Paid
a0xRg00000LHT9ZIAX,INV-JRD-T1-83,,Pending
a0xRg00000LHaXdIAL,INV-JRD-T1-84,108004,Partially Paid
a0xRg00000LHb77IAD,INV-GFF-329,,Pending
a0xRg00000LHcG5IAL,INV-TRD2-931,207976.99,Partially Paid
a0xRg00000LJewvIAD,INV-TRD2-932,85797,Fully Paid
a0xRg00000LJiXVIA1,INV-TRD2-933,95750,Fully Paid
a0xRg00000LJkCjIAL,INV-JRD-T1-85,163872,Fully Paid
a0xRg00000LJkKnIAL,INV-JRD-T1-86,68698.8,Fully Paid
a0xRg00000LJsYTIA1,INV-TRD-1657,13171.84,Fully Paid
a0xRg00000LJswfIAD,INV-TRD-1658,13171.84,Fully Paid
a0xRg00000LJtG2IAL,INV-TRD-1659,8363.45,Partially Paid
a0xRg00000LK77hIAD,INV-TRD2-934,,Pending
a0xRg00000LLkruIAD,INV-GFF-330,155900,Fully Paid
a0xRg00000LLtQPIA1,INV-TRD2-935,,Pending
a0xRg00000LLtdJIAT,INV-TRD2-936,,Pending
a0xRg00000LLypuIAD,INV-TRD2-937,89700,Fully Paid
a0xRg00000LLzScIAL,INV-TRD2-939,81749.2,Fully Paid
a0xRg00000LM025IAD,INV-TRD2-938,79433,Fully Paid
a0xRg00000LM0q5IAD,INV-TRD2-940,103658.1,Fully Paid
a0xRg00000LM1B4IAL,INV-TRD2-942,,Pending
a0xRg00000LM25VIAT,INV-TRD2-941,,Pending
a0xRg00000LM929IAD,INV-TRD2-943,,Pending
a0xRg00000LM9GfIAL,INV-TRD2-944,,Pending
a0xRg00000LM9TZIA1,INV-TRD2-945,,Pending
a0xRg00000LNpAbIAL,INV-TRD2-946,83190.8,Partially Paid
a0xRg00000LNpk6IAD,INV-TRD2-947,207977,Fully Paid
a0xRg00000LNr4LIAT,INV-JRD-T1-87,87500,Partially Paid
a0xRg00000LNr7ZIAT,INV-JRD-T1-88,,Pending
a0xRg00000LNrKTIA1,INV-JRD-T1-89,99568,Fully Paid
a0xRg00000LNrM5IAL,INV-JRD-T1-90,42977.2,Fully Paid
a0xRg00000LNs6rIAD,INV-TRD2-948,108732,Fully Paid
a0xRg00000LNsYHIA1,INV-TRD2-949,8290.48,Partially Paid
a0xRg00000LS9aXIAT,INV-TRD2-950,202818.2,Partially Paid
a0xRg00000LSB65IAH,INV-TRD2-951,57763.44,Fully Paid
a0xRg00000LSEOwIAP,INV-JRD-T1-91,245860,Fully Paid
a0xRg00000LSGH4IAP,INV-JRD-T1-93,245860,Fully Paid
a0xRg00000LSGYnIAP,INV-JRD-T1-92,101494,Fully Paid
a0xRg00000LSM7yIAH,INV-POST-9,,Pending
a0xRg00000LUNCnIAP,INV-TRD2-952,270,Partially Paid
a0xRg00000LUS4PIAX,INV-TRD2-953,157165.4,Fully Paid
a0xRg00000LUSArIAP,INV-TRD2-954,,Pending
a0xRg00000LUSXRIA5,INV-TRD2-955,88695.8,Fully Paid
a0xRg00000LUSijIAH,INV-TRD2-956,87597.2,Partially Paid
a0xRg00000LUSyrIAH,INV-TRD2-957,,Pending
a0xRg00000LUT0TIAX,INV-TRD2-958,,Pending
a0xRg00000LUT25IAH,INV-TRD2-959,,Pending
a0xRg00000LUWrCIAX,INV-TRD2-960,,Pending
a0xRg00000LUXC9IAP,INV-TRD2-961,82610,Fully Paid
a0xRg00000LUXX8IAP,INV-GFF-331,286313.86,Partially Paid
a0xRg00000LUcAEIA1,INV-TRD2-962,13149.59,Partially Paid
a0xRg00000LUmXlIAL,INV-TRD2-963,847778.68,Fully Paid
a0xRg00000LWjsMIAT,INV-TRD2-964,,Pending
a0xRg00000LWkA5IAL,INV-TRD2-965,81102.96,Partially Paid
a0xRg00000LWlCbIAL,INV-TRD-1660,33352,Partially Paid
a0xRg00000LWrOTIA1,INV-TRD-1661,12965,Partially Paid
a0xRg00000LWrjRIAT,INV-TRD-1662,14261,Partially Paid
a0xRg00000LWtN3IAL,INV-TRD2-966,,Pending
a0xRg00000LWv77IAD,INV-TRD2-967,87927,Partially Paid
a0xRg00000LYvCgIAL,INV-JRD-T1-95,36700,Partially Paid
a0xRg00000LYyFNIA1,INV-JRD-T1-94,95200,Fully Paid
a0xRg00000LZ3q9IAD,INV-TRD2-968,48724.8,Partially Paid
a0xRg00000LccRZIAZ,INV-TRD2-969,37000,Partially Paid
a0xRg00000LchB7IAJ,INV-TRD2-970,86973,Partially Paid
a0xRg00000LcmM6IAJ,INV-TRD2-972,181279.4,Fully Paid
a0xRg00000LcnQDIAZ,INV-TRD2-971,181279.4,Fully Paid
a0xRg00000Lcpa5IAB,INV-TRD2-973,31396.84,Partially Paid
a0xRg00000LervxIAB,INV-JRD-T1-96,96500,Fully Paid
a0xRg00000Les41IAB,INV-JRD-T1-97,41750,Fully Paid
a0xRg00000LesVSIAZ,INV-TRD2-975,84993,Fully Paid
a0xRg00000Leto5IAB,INV-TRD2-974,95979,Fully Paid
a0xRg00000Lf63mIAB,INV-TRD2-978,,Pending
a0xRg00000LfBTGIA3,INV-TRD2-981,,Pending
a0xRg00000LfBmbIAF,INV-TRD2-976,,Pending
a0xRg00000LfBwIIAV,INV-TRD2-977,,Pending
a0xRg00000LfCqjIAF,INV-TRD2-979,,Pending
a0xRg00000LfDI9IAN,INV-TRD2-980,,Pending
a0xRg00000LfICzIAN,INV-TRD2-982,,Pending
a0xRg00000LhGqDIAV,INV-JRD-T1-98,71.17,Partially Paid
a0xRg00000LhTCLIA3,INV-TRD-1663,3326782,Fully Paid
a0xRg00000LhcQvIAJ,INV-TRD2-983,105669.3,Fully Paid
a0xRg00000LkyTJIAZ,INV-JRD-T1-99,98000,Fully Paid
a0xRg00000Ll0GbIAJ,INV-JRD-T1-100,100000,Partially Paid
a0xRg00000Ll1cTIAR,INV-TRD2-984,,Pending
a0xRg00000Ll1kXIAR,INV-TRD2-985,210050.8,Fully Paid
a0xRg00000Ll2rtIAB,INV-TRD2-986,95235,Fully Paid
a0xRg00000Ll2zyIAB,INV-TRD2-989,,Pending
a0xRg00000Ll3eHIAR,INV-TRD2-987,222011.18,Fully Paid
a0xRg00000Ll5ubIAB,INV-TRD2-988,,Pending
a0xRg00000Ll6fNIAR,INV-TRD2-990,,Pending
a0xRg00000LuOpxIAF,INV-TRD2-991,,Pending
a0xRg00000Lz1hRIAR,INV-TRD2-992,7376.46,Partially Paid
a0xRg00000Lz1mHIAR,INV-TRD2-993,,Pending
a0xRg00000MW8yiIAD,INV-JRD-T1-101,339600,Fully Paid
a0xRg00000MYLwbIAH,INV-JRD-T1-102,183450,Partially Paid
a0xRg00000MYM1RIAX,INV-JRD-T1-103,37000,Partially Paid
a0xRg00000MYOrFIAX,INV-TRD2-994,91279.3,Fully Paid
a0xRg00000MafkjIAB,INV-JRD-T1-104,91650,Partially Paid
a0xRg00000MagyXIAR,INV-JRD-T1-105,118300,Fully Paid
a0xRg00000MahTBIAZ,INV-JRD-T1-106,85000,Partially Paid
a0xRg00000McpCwIAJ,INV-JRD-T1-110,50450,Partially Paid
a0xRg00000Mcrt3IAB,INV-JRD-T1-107,25191.33,Partially Paid
a0xRg00000Mcs7ZIAR,INV-JRD-T1-108,77000,Partially Paid
a0xRg00000MctTUIAZ,INV-JRD-T1-109,,Pending
a0xRg00000McvrpIAB,INV-TRD2-995,68061,Fully Paid
a0xRg00000MfPKLIA3,INV-JRD-T1-111,96500,Fully Paid
a0xRg00000MfUofIAF,INV-TRD2-996,51681.6,Partially Paid
a0xRg00000MfXGHIA3,INV-TRD2-997,198909.4,Fully Paid
a0xRg00000MfZrZIAV,INV-TRD2-998,114.6,Partially Paid
a0xRg00000MfdDdIAJ,INV-TRD2-999,218590.85,Partially Paid
a0xRg00000Mfeo1IAB,INV-TRD2-1000,2363.44,Partially Paid
a0xRg00000Mfg8IIAR,INV-TRD2-1001,108911,Fully Paid
a0xRg00000Mfi8TIAR,INV-TRD2-1002,91693.03,Partially Paid
a0xRg00000MfkbhIAB,INV-TRD2-1003,,Pending
a0xRg00000MfneQIAR,INV-TRD2-1004,92391,Fully Paid
a0xRg00000MfsfhIAB,INV-GFF-332,140800,Fully Paid
a0xRg00000Mhk1JIAR,INV-TRD2-1005,106221.3,Fully Paid
a0xRg00000Mhk9NIAR,INV-TRD2-1006,339277.5,Fully Paid
a0xRg00000MhoXxIAJ,INV-JRD-T1-112,71070,Fully Paid
a0xRg00000Mhp4DIAR,INV-JRD-T1-113,42350,Fully Paid
a0xRg00000MhpAfIAJ,INV-JRD-T1-114,98000,Fully Paid
a0xRg00000Mhq57IAB,INV-TRD-1664,32428.31,Fully Paid
a0xRg00000MhqZmIAJ,INV-JRD-T1-115,257151.2,Partially Paid
a0xRg00000MhrafIAB,INV-TRD2-1007,,Pending
a0xRg00000MhxHtIAJ,INV-TRD2-1008,99175,Partially Paid
a0xRg00000MhyfNIAR,INV-TRD2-1009,,Pending
a0xRg00000Mhz5BIAR,INV-TRD2-1010,204555,Fully Paid
a0xRg00000MhzrbIAB,INV-TRD2-1013,,Pending
a0xRg00000Mi0e1IAB,INV-JRD-T1-116,37000,Partially Paid
a0xRg00000Mi3vBIAR,INV-TRD2-1011,,Pending
a0xRg00000Mi4BJIAZ,INV-TRD2-1012,,Pending
a0xRg00000Mi4o1IAB,INV-TRD2-1014,,Pending
a0xRg00000Mi5k5IAB,INV-TRD2-1015,,Pending
a0xRg00000Mk3B7IAJ,INV-TRD2-1016,204288,Partially Paid
a0xRg00000Mk3npIAB,INV-TRD2-1017,92578.2,Fully Paid
a0xRg00000Mk3r3IAB,INV-TRD2-1018,90.21,Partially Paid
a0xRg00000MkCBBIA3,INV-JRD-T1-117,41230,Fully Paid
a0xRg00000MkD2PIAV,INV-TR2-Office-33,75820.45,Fully Paid
a0xRg00000MkD41IAF,INV-TRD2-1019,131025.51,Fully Paid
a0xRg00000MkDIXIA3,INV-GFF-333,,Pending
a0xRg00000MkEg1IAF,INV-TRD2-1020,,Pending
a0xRg00000MkFvRIAV,INV-JRD-T1-118,88,Partially Paid
a0xRg00000MkJCgIAN,INV-JRD-T1-119,43722,Fully Paid
a0xRg00000Mlm1JIAR,INV-TRD2-1021,,Pending
a0xRg00000MlmFpIAJ,INV-JRD-T1-120,57120,Partially Paid
a0xRg00000MloZNIAZ,INV-JRD-T1-121,90250,Partially Paid
a0xRg00000MlosjIAB,INV-TRD2-1022,85787.1,Fully Paid
a0xRg00000MntJdIAJ,INV-TRD-1665,1122.12,Partially Paid
a0xRg00000Mq3mkIAB,INV-JRD-T1-122,488.4,Partially Paid
a0xRg00000Mq8xiIAB,INV-TRD-1666,,Pending
a0xRg00000MqGiLIAV,INV-JRD-T1-123,52528,Fully Paid
a0xRg00000MqICHIA3,INV-JRD-T1-124,52528,Fully Paid
a0xRg00000MqIDtIAN,INV-JRD-T1-125,2341.21,Partially Paid
a0xRg00000MqdjlIAB,INV-TRD2-1023,,Pending
a0xRg00000MsWUUIA3,INV-JRD-T1-126,103586,Fully Paid
a0xRg00000MsXrxIAF,INV-POST-10,489000,Fully Paid
a0xRg00000MsYEXIA3,INV-POST-11,,Pending
a0xRg00000MsYG9IAN,INV-POST-12,489000,Fully Paid
a0xRg00000Msa0DIAR,INV-TRD-1667,14901,Partially Paid
a0xRg00000MsjpuIAB,INV-GFF-334,140100,Fully Paid
a0xRg00000Muq0rIAB,INV-TRD2-1024,,Pending
a0xRg00000Muv0XIAR,INV-GFF-335,153100,Fully Paid
a0xRg00000Muvi5IAB,INV-TRD2-1025,1350.65,Partially Paid
a0xRg00000Mv0cvIAB,INV-JRD-T1-127,98784,Fully Paid
a0xRg00000Mv3KfIAJ,INV-TRD2-1026,87500,Fully Paid
a0xRg00000MxB61IAF,INV-GFF-336,1506053.4,Partially Paid
a0xRg00000N1OuHIAV,INV-TRD-1668,,Pending
a0xRg00000N1eSnIAJ,INV-JRD-T1-128,35000,Partially Paid
a0xRg00000N3lzdIAB,INV-MIRA-VERDE-1,20501.3,Fully Paid
a0xRg00000N3pFFIAZ,INV-MIRA-VERDE-2,,Pending
a0xRg00000N3rc3IAB,INV-TRD-1669,14261,Partially Paid
a0xRg00000N3rgrIAB,INV-JRD-T1-129,37000,Partially Paid
a0xRg00000N3ubVIAR,INV-MIRA-VERDE-3,30054.68,Partially Paid
a0xRg00000N42VqIAJ,INV-MIRA-VERDE-6,,Pending
a0xRg00000N436vIAB,INV-MIRA-VERDE-4,32437,Partially Paid
a0xRg00000N45jrIAB,INV-MIRA-VERDE-7,,Pending
a0xRg00000N4DB7IAN,INV-MIRA-VERDE-5,,Pending
a0xRg00000N4DizIAF,INV-MIRA-VERDE-8,,Pending
a0xRg00000N66WvIAJ,INV-JRD-T1-130,161668.87,Partially Paid
a0xRg00000N66jpIAB,INV-TR2-Office-34,,Pending
a0xRg00000N6B8PIAV,INV-TRD2-1027,27.6,Partially Paid
a0xRg00000N8Me1IAF,INV-JRD-T1-131,108192,Fully Paid
a0xRg00000N8PNNIA3,INV-TRD2-1028,112456.51,Fully Paid
a0xRg00000NAcLJIA1,INV-MIRA-VERDE-9,2732.24,Partially Paid
a0xRg00000NAcMvIAL,INV-MIRA-VERDE-10,2732.24,Partially Paid
a0xRg00000NAeRxIAL,INV-TRD2-1029,57456,Fully Paid
a0xRg00000NAm6AIAT,INV-TRD-1670,12965,Partially Paid
a0xRg00000NAmJ3IAL,INV-TRD2-1030,160706.72,Fully Paid
a0xRg00000NApOzIAL,INV-TRD2-1031,57885.09,Fully Paid
a0xRg00000NArPBIA1,INV-TRD2-1032,60322.5,Fully Paid
a0xRg00000NAsZlIAL,INV-TRD2-1033,61134.89,Fully Paid
a0xRg00000NChvCIAT,INV-TRD2-1034,61722.99,Fully Paid
a0xRg00000NCnnhIAD,INV-TRD2-1035,56013.3,Fully Paid
a0xRg00000NCnxNIAT,INV-TRD2-1036,53550,Fully Paid
a0xRg00000NHPw1IAH,INV-JRD-T1-132,,Pending
a0xRg00000NHj57IAD,INV-MIRA-VERDE-11,17622.95,Partially Paid
a0xRg00000NHjgDIAT,INV-MIRA-VERDE-12,10109.29,Partially Paid
