Id,Cumulative_Paid_Amount__c
a0YRg00000OYDWVMA5,
a0YRg00000OYMZmMAP,
a0YRg00000OYa3FMAT,
a0YRg00000ObP6WMAV,
a0YRg00000ObVS1MAN,
a0YRg00000ObXCDMA3,37000
a0YRg00000Obj1yMAB,85631
a0YRg00000ObkW0MAJ,
a0YRg00000ObkkaMAB,
a0YRg00000OboHpMAJ,
a0YRg00000ObrxDMAR,
a0YRg00000ObwliMAB,
a0YRg00000ObwljMAB,
a0YRg00000OeZvhMAF,
a0YRg00000Ogwt1MAB,37000
a0YRg00000OgwxpMAB,220031.4
a0YRg00000OgzPSMAZ,40000
a0YRg00000Ogzz1MAB,16600
a0YRg00000Ogzz2MAB,20000
a0YRg00000Oh0a1MAB,297221.12
a0YRg00000Oh4tqMAB,37000
a0YRg00000Oh5JaMAJ,474255
a0YRg00000Oh5RjMAJ,36600
a0YRg00000Oh9WtMAJ,466011
a0YRg00000OhAfwMAF,37000
a0YRg00000OhCD2MAN,20000
a0YRg00000OhCD3MAN,16600
a0YRg00000OhDvVMAV,450144
a0YRg00000OhEWaMAN,389623.12
a0YRg00000OhEzaMAF,118292
a0YRg00000OhF7jMAF,384966.6
a0YRg00000OhGA9MAN,37000
a0YRg00000OhGWmMAN,16600
a0YRg00000OhGWnMAN,20000
a0YRg00000OhGmvMAF,428940
a0YRg00000OhHz8MAF,434548
a0YRg00000OhI79MAF,37000
a0YRg00000OhJCrMAN,210630
a0YRg00000OhN6nMAF,37000
a0YRg00000OhNpxMAF,283607
a0YRg00000OhQ9ZMAV,110295.93
a0YRg00000OhQClMAN,36700
a0YRg00000OhQfmMAF,208090.87
a0YRg00000OhRFHMA3,37133.04
a0YRg00000OhTx3MAF,35000
a0YRg00000OhU8KMAV,151707
a0YRg00000Ok3EsMAJ,37000
a0YRg00000OkDUJMA3,82644.52
a0YRg00000OkJOQMA3,37000
a0YRg00000OkXsqMAF,37000
a0YRg00000OkbwQMAR,37000
a0YRg00000OnairMAB,114837
a0YRg00000OnfDwMAJ,119883.4
a0YRg00000OnfDxMAJ,3150
a0YRg00000OnhNnMAJ,137644.52
a0YRg00000Onn8NMAR,36530
a0YRg00000OnqNsMAJ,35000
a0YRg00000OnqniMAB,36530
a0YRg00000OnrS0MAJ,35000
a0YRg00000OntTnMAJ,34980
a0YRg00000Oo4SaMAJ,37000
a0YRg00000OoEGZMA3,19908
a0YRg00000OoHb3MAF,37000
a0YRg00000OqXmuMAF,29802.46
a0YRg00000OqZOvMAN,37000
a0YRg00000OqeRnMAJ,19687.5
a0YRg00000OqeegMAB,29802.46
a0YRg00000Oqf9LMAR,176300
a0YRg00000Oqfm4MAB,29802.46
a0YRg00000Oqgi6MAB,19687.5
a0YRg00000OqglMMAR,149012.3
a0YRg00000OqjeLMAR,19908
a0YRg00000OqkfHMAR,29802.46
a0YRg00000Oqkk8MAB,29802.46
a0YRg00000OqlTGMAZ,15000
a0YRg00000OqmAoMAJ,149012.3
a0YRg00000OqmApMAJ,62754.92
a0YRg00000OqmcDMAR,29802.46
a0YRg00000Oqv7hMAB,50000
a0YRg00000Oqxr5MAB,5571962.54
a0YRg00000OqzKzMAJ,2785981.27
a0YRg00000OqzPnMAJ,19908
a0YRg00000Or0lfMAB,5605652.4
a0YRg00000Or0lgMAB,2287828.17
a0YRg00000Or1bKMAR,862368
a0YRg00000Or1rOMAR,4378980.71
a0YRg00000OtlAAMAZ,116466
a0YRg00000OtnDaMAJ,345820
a0YRg00000OtpCHMAZ,487267.58
a0YRg00000OtpNSMAZ,345819.7
a0YRg00000OttajMAB,37000
a0YRg00000Otuv1MAB,69123.94
a0YRg00000Otw7CMAR,69123.94
a0YRg00000Ou2UPMAZ,69123.94
a0YRg00000Ou43BMAR,69124
a0YRg00000Ou4O9MAJ,69174
a0YRg00000Ou5NPMAZ,69134
a0YRg00000Ou85CMAR,36500
a0YRg00000OuAJpMAN,
a0YRg00000OwXU1MAN,179400
a0YRg00000OxSvKMAV,28972
a0YRg00000OxTY3MAN,28972
a0YRg00000OxapeMAB,28972
a0YRg00000OxbIgMAJ,28972
a0YRg00000Oxc6gMAB,28972
a0YRg00000OxcRdMAJ,37000
a0YRg00000OxcZiMAJ,28972
a0YRg00000Oxcg9MAB,205957.36
a0YRg00000OxcgAMAR,4877.51
a0YRg00000OxdItMAJ,28972
a0YRg00000OxdM5MAJ,144862.4
a0YRg00000OxdM6MAJ,28972.48
a0YRg00000OxdnVMAR,28972
a0YRg00000Oxdp7MAB,28972
a0YRg00000OxdqjMAB,28972
a0YRg00000OxdsLMAR,28972
a0YRg00000OyOg1MAF,10000
a0YRg00000OyRp9MAF,21000
a0YRg00000OyTFuMAN,45632
a0YRg00000OyUDaMAN,10000
a0YRg00000OyWgmMAF,10000
a0YRg00000OyYqdMAF,1426000
a0YRg00000OyZWZMA3,1546178
a0YRg00000OyZWaMAN,37000
a0YRg00000Oya9HMAR,1610178
a0YRg00000OycmAMAR,700000
a0YRg00000OyxCHMAZ,37000
a0YRg00000P1Tw6MAF,135955.26
a0YRg00000P1WYyMAN,97992.07
a0YRg00000P1cckMAB,337334.1
a0YRg00000P1eLBMAZ,36914.5
a0YRg00000P1eZhMAJ,334417.96
a0YRg00000P1fVlMAJ,34779.49
a0YRg00000P1hvpMAB,
a0YRg00000P1n3cMAB,69123.94
a0YRg00000P1uhlMAB,115447.52
a0YRg00000P1x4XMAR,29987
a0YRg00000P1x7kMAB,452090.5
a0YRg00000P1x7lMAB,21233.62
a0YRg00000P1ydHMAR,37000
a0YRg00000P22YnMAJ,63093.03
a0YRg00000P23JaMAJ,149902.58
a0YRg00000P24M5MAJ,179919
a0YRg00000P24vZMAR,29987
a0YRg00000P25RpMAJ,29987
a0YRg00000P26XdMAJ,37000
a0YRg00000P4bXKMAZ,36970
a0YRg00000P4g5YMAR,51843
a0YRg00000P4gdQMAR,37469
a0YRg00000P4hsnMAB,82609.8
a0YRg00000P4hsoMAB,118804.2
a0YRg00000P4iAaMAJ,29403
a0YRg00000P4n70MAB,37000
a0YRg00000P4nWoMAJ,441041.43
a0YRg00000P4nWpMAJ,61955.52
a0YRg00000P4oavMAB,29403
a0YRg00000P4sOSMAZ,38851.52
a0YRg00000P4uYHMAZ,36921.25
a0YRg00000P4vHTMAZ,37127.33
a0YRg00000P4zOKMAZ,29403
a0YRg00000P5094MAB,29403
a0YRg00000P50KMMAZ,275000
a0YRg00000P50XFMAZ,29404
a0YRg00000P50XGMAZ,29403
a0YRg00000P5AoLMAV,37000
a0YRg00000P7jA9MAJ,37000
a0YRg00000P7jEyMAJ,116579.68
a0YRg00000P7jEzMAJ,81025.82
a0YRg00000P7lLcMAJ,79409.24
a0YRg00000P7lNCMAZ,89298.8
a0YRg00000P7oZbMAJ,43836
a0YRg00000P7ojFMAR,37000
a0YRg00000P7oo5MAB,37000
a0YRg00000P7pU4MAJ,37000
a0YRg00000P7r7dMAB,116579.68
a0YRg00000P7r7eMAB,81025.82
a0YRg00000P7r7gMAB,36925
a0YRg00000P7sq7MAB,128287.12
a0YRg00000P7vUiMAJ,88570.08
a0YRg00000P7vUjMAJ,187231.42
a0YRg00000P7wCJMAZ,37000
a0YRg00000P7xEjMAJ,210969.4
a0YRg00000P7yU8MAJ,85797
a0YRg00000P7ydqMAB,90485.9
a0YRg00000P7ydrMAB,90485.9
a0YRg00000P7zgLMAR,109175.2
a0YRg00000P81v2MAB,37077.95
a0YRg00000P83K8MAJ,80206.8
a0YRg00000P849hMAB,5107.2
a0YRg00000P84eOMAR,221425.2
a0YRg00000P84ePMAR,225717.17
a0YRg00000P88MzMAJ,44500
a0YRg00000P88urMAB,36570
a0YRg00000P8AS2MAN,44285
a0YRg00000P8AS3MAN,44285
a0YRg00000P8BeDMAV,44285.04
a0YRg00000P8BeEMAV,44285
a0YRg00000P8BeFMAV,44285
a0YRg00000P8BeGMAV,44285
a0YRg00000P8BkfMAF,44285
a0YRg00000PAcC8MAL,29987
a0YRg00000PAisfMAD,29987
a0YRg00000PAjaDMAT,29987
a0YRg00000PAjaEMAT,29987
a0YRg00000PAkZUMA1,29987
a0YRg00000PAlwyMAD,29987
a0YRg00000PAmg5MAD,29802.46
a0YRg00000PAn4JMAT,29987
a0YRg00000PAoOXMA1,29987
a0YRg00000PAoefMAD,29987
a0YRg00000PAopxMAD,29987
a0YRg00000PApIzMAL,29987
a0YRg00000PAtwBMAT,202848.2
a0YRg00000PAtwCMAT,287121.8
a0YRg00000PAxbWMAT,64408
a0YRg00000PAzOnMAL,484499
a0YRg00000PB4DHMA1,132863.24
a0YRg00000PB4DIMA1,648565.76
a0YRg00000PB4YFMA1,64856.62
a0YRg00000PB4d5MAD,64856.62
a0YRg00000PB5Z8MAL,64856.62
a0YRg00000PB6BrMAL,324283.1
a0YRg00000PB7kcMAD,64856.62
a0YRg00000PB7r2MAD,64856.62
a0YRg00000PBCXUMA5,64856.62
a0YRg00000PBDMxMAP,147144.52
a0YRg00000PBESiMAP,30000
a0YRg00000PBHNPMA5,481429
a0YRg00000PBHiOMAX,64856.62
a0YRg00000PBNHRMA5,34366.92
a0YRg00000PCZbaMAH,45417.72
a0YRg00000PCdC7MAL,119305.04
a0YRg00000PD3BOMA1,105669.3
a0YRg00000PD3BPMA1,105669.3
a0YRg00000PD93uMAD,37000
a0YRg00000PD9zyMAD,21665.64
a0YRg00000PD9zzMAD,68528.69
a0YRg00000PDBs5MAH,117307.66
a0YRg00000PDBtiMAH,44285
a0YRg00000PDCzRMAX,
a0YRg00000PDF9JMAX,72609.99
a0YRg00000PDFPRMA5,21061.4
a0YRg00000PDFPSMA5,89557
a0YRg00000PDFR3MAP,20845.6
a0YRg00000PDFR4MAP,88478
a0YRg00000PEAPLMA5,37280
a0YRg00000PEB8VMAX,142466
a0YRg00000PEBEwMAP,47523.62
a0YRg00000PEBExMAP,47523.62
a0YRg00000PEBEyMAP,3432.04
a0YRg00000PEC7lMAH,335815.34
a0YRg00000PEC7mMAH,60215.66
a0YRg00000PEC9NMAX,237657.92
a0YRg00000PECJ3MAP,54935
a0YRg00000PECKfMAP,94860
a0YRg00000PECVxMAP,190136
a0YRg00000PECcPMAX,237618.1
a0YRg00000PECcQMAX,332.9
a0YRg00000PECirMAH,47523.62
a0YRg00000PECisMAH,47449.28
a0YRg00000PED2DMAX,47523.62
a0YRg00000PED2EMAX,8703.42
a0YRg00000PEEpWMAX,47523.62
a0YRg00000PEEpXMAX,6754.8
a0YRg00000PEHp0MAH,93676.04
a0YRg00000PEHp1MAH,678942
a0YRg00000PEI6kMAH,45263.02
a0YRg00000PEI6lMAH,3894.6
a0YRg00000PEJVpMAP,36500
a0YRg00000PEJXRMA5,441304
a0YRg00000PEJafMAH,678945.3
a0YRg00000PEJagMAH,45263.02
a0YRg00000PEJahMAH,45263.02
a0YRg00000PEJaiMAH,793.66
a0YRg00000PEJh7MAH,45263.02
a0YRg00000PEJh8MAH,45263.02
a0YRg00000PEJh9MAH,3645.62
a0YRg00000PEK8XMAX,45263.02
a0YRg00000PEK8YMAX,4206.58
a0YRg00000PEvPrMAL,325000
a0YRg00000PEvzNMAT,47523.62
a0YRg00000PEvzOMAT,30688.56
a0YRg00000PEzGZMA1,47523.62
a0YRg00000PEzGaMAL,5252.18
a0YRg00000PF3LmMAL,88695.8
a0YRg00000PF3LnMAL,20829.1
a0YRg00000PF489MAD,45263.02
a0YRg00000PF48AMAT,4964.56
a0YRg00000PF4RVMA1,45263.02
a0YRg00000PF4RWMA1,32661.54
a0YRg00000PF4o9MAD,29403
a0YRg00000PF6WXMA1,87627.2
a0YRg00000PF6WYMA1,20675.44
a0YRg00000PF7SeMAL,74000
a0YRg00000PF8V8MAL,125883.5
a0YRg00000PFCs5MAH,29403
a0YRg00000PFK4tMAH,30010.46
a0YRg00000PFK4uMAH,30010.46
a0YRg00000PFK4vMAH,14090.08
a0YRg00000PFLXBMA5,155624.84
a0YRg00000PFLXCMA5,108910.6
a0YRg00000PFLXDMA5,9931.1
a0YRg00000PFM8JMAX,17000
a0YRg00000PFMHxMAP,132350
a0YRg00000PFRkmMAH,363552.08
a0YRg00000PFUU9MAP,189205.52
a0YRg00000PFUUAMA5,265793.72
a0YRg00000PFbvKMAT,37277
a0YRg00000PFcTJMA1,345552.08
a0YRg00000PFeBhMAL,37000
a0YRg00000PFfMDMA1,213223.22
a0YRg00000PFfMEMA1,184676.98
a0YRg00000PI0koMAD,31460.22
a0YRg00000PI0kpMAD,31460.22
a0YRg00000PI0kqMAD,3170.72
a0YRg00000PI1P6MAL,168187.1
a0YRg00000PI1P7MAL,33637.42
a0YRg00000PI8aEMAT,238611.94
a0YRg00000PI8aFMAT,168189.06
a0YRg00000PI8dSMAT,174739.2
a0YRg00000PIAH3MAP,20000
a0YRg00000PIAPDMA5,37000
a0YRg00000PIAXDMA5,33637.42
a0YRg00000PIAXEMA5,1462.9
a0YRg00000PIAlhMAH,33637.42
a0YRg00000PIAliMAH,1362.58
a0YRg00000PIAybMAH,33637.42
a0YRg00000PIAycMAH,33637.42
a0YRg00000PIAydMAH,33637.42
a0YRg00000PIAyeMAH,1450.32
a0YRg00000PIBoJMAX,113140.4
a0YRg00000PIC2rMAH,29146.32
a0YRg00000PIC2sMAH,29146.32
a0YRg00000PIC2tMAH,21151.74
a0YRg00000PIDtKMAX,103071
a0YRg00000PIDzkMAH,207175
a0YRg00000PIEFpMAP,6946740.25
a0YRg00000PIF5TMAX,87437.4
a0YRg00000PIGZNMA5,101062.32
a0YRg00000PIH2VMAX,87438.96
a0YRg00000PIH2WMAX,29146.32
a0YRg00000PIH2XMAX,29144.38
a0YRg00000PII05MAH,145731.6
a0YRg00000PII06MAH,29160.4
a0YRg00000PIJDwMAP,87438.96
a0YRg00000PIJDxMAP,29145.66
a0YRg00000PIJXLMA5,31460.22
a0YRg00000PIJXMMA5,31460.22
a0YRg00000PIJXNMA5,31460.22
a0YRg00000PIJXOMA5,8190.06
a0YRg00000PIJaWMAX,157301.1
a0YRg00000PIJaXMAX,62920.36
a0YRg00000PIKzbMAH,437134.96
a0YRg00000PIMBnMAP,157301.1
a0YRg00000PIMBoMAP,157301.1
a0YRg00000PIMBpMAP,11719.16
a0YRg00000PINRFMA5,113233.36
a0YRg00000PIOGnMAP,116585.28
a0YRg00000PIOGoMAP,29143.62
a0YRg00000PIOOrMAP,58290.62
a0YRg00000PIPmPMAX,1000000
a0YRg00000PIRUnMAP,37000
a0YRg00000PIRjJMAX,223371.54
a0YRg00000PIRjKMAX,1.46
a0YRg00000PIRo9MAH,129001.46
a0YRg00000PIS5zMAH,55000
a0YRg00000PISKPMA5,144693.36
a0YRg00000PIVoZMAX,8951000
a0YRg00000PIWkgMAH,100000
a0YRg00000PIZk5MAH,2600000
a0YRg00000PIaGLMA1,10405950
a0YRg00000PIaGMMA1,4334500
a0YRg00000PIaGNMA1,863050
a0YRg00000PIaugMAD,936578.96
a0YRg00000PIcZuMAL,8743000
a0YRg00000PIcZvMAL,131578.96
a0YRg00000PIcgLMAT,151261.01
a0YRg00000PIdHRMA1,1434578.96
a0YRg00000PIdMHMA1,1534578.96
a0YRg00000PIm4jMAD,50000
a0YRg00000PIsMvMAL,10802000
a0YRg00000PIsMwMAL,3150
a0YRg00000PIsRlMAL,4910000
a0YRg00000PLKNDMA5,30456
a0YRg00000PLVATMA5,82953.6
a0YRg00000PLW8AMAX,52921.25
a0YRg00000PM316MAD,79031.04
a0YRg00000PM317MAD,131718.4
a0YRg00000PM318MAD,263436.8
a0YRg00000PM319MAD,4628.76
a0YRg00000PMAIYMA5,37000
a0YRg00000PMIG1MAP,187555.76
a0YRg00000PMIG2MAP,263286.95
a0YRg00000POAcbMAH,124000
a0YRg00000POChdMAH,50000
a0YRg00000POYezMAH,170709
a0YRg00000POawoMAD,37000
a0YRg00000POcfHMAT,31000
a0YRg00000POdTIMA1,85354.56
a0YRg00000POdoHMAT,142257.39
a0YRg00000POeZ2MAL,106112
a0YRg00000POf8dMAD,56903.08
a0YRg00000POgpLMAT,27900
a0YRg00000POhByMAL,124000
a0YRg00000POhYZMA1,124000
a0YRg00000POicdMAD,31000
a0YRg00000POjIbMAL,154999.15
a0YRg00000POlKMMA1,31000
a0YRg00000POlkCMAT,155000
a0YRg00000POlx5MAD,220148.81
a0YRg00000POm6lMAD,62000
a0YRg00000POo3jMAD,31000
a0YRg00000POoAAMA1,93000
a0YRg00000POotKMAT,93000
a0YRg00000POpXdMAL,440683
a0YRg00000POpm9MAD,62000
a0YRg00000POq5VMAT,31000
a0YRg00000POqDaMAL,142257.52
a0YRg00000POr6QMAT,202310.39
a0YRg00000POrG6MAL,199160.36
a0YRg00000POrG7MAL,28451.6
a0YRg00000POrb3MAD,170709
a0YRg00000POsYmMAL,221542.86
a0YRg00000POtucMAD,156000
a0YRg00000POusLMAT,152850.14
a0YRg00000POwVuMAL,155994.9
a0YRg00000POwVvMAL,5.24
a0YRg00000POwkRMAT,30000
a0YRg00000POwxKMAT,300005.24
a0YRg00000PP6QWMA1,
a0YRg00000PP6dRMAT,73500
a0YRg00000PPDGcMAP,139501.1
a0YRg00000PPHGzMAP,60000
a0YRg00000PRb3aMAD,101118
a0YRg00000PRnRLMA1,248007.52
a0YRg00000PRnmHMAT,380042.5
a0YRg00000PRo5aMAD,545632
a0YRg00000PRogkMAD,387956
a0YRg00000PRsPMMA1,334340.7
a0YRg00000PRsnXMAT,50000
a0YRg00000PRtI9MAL,74000
a0YRg00000PRvewMAD,380042.5
a0YRg00000PRwZNMA1,471226.98
a0YRg00000PSEUjMAP,
a0YRg00000PSRofMAH,946510
a0YRg00000PSUkmMAH,8531000
a0YRg00000PSUknMAH,1077043
a0YRg00000PSWY4MAP,37000
a0YRg00000PSZCYMA5,6408043
a0YRg00000PSZviMAH,
a0YRg00000PSZvjMAH,7633764
a0YRg00000PTI00MAH,1271845.48
a0YRg00000PUvtmMAD,203769.72
a0YRg00000PUvtnMAD,143249.79
a0YRg00000PUyMvMAL,955845
a0YRg00000PV029MAD,81820
a0YRg00000PV0OjMAL,79391.42
a0YRg00000PV0gTMAT,55000
a0YRg00000PV0wbMAD,119803.32
a0YRg00000PV0wcMAD,19576.68
a0YRg00000PWtPbMAL,37000
a0YRg00000PWthNMAT,243776.54
a0YRg00000PWv4tMAD,343752.2
a0YRg00000PWwlfMAD,51562.83
a0YRg00000PX0Z8MAL,51562.83
a0YRg00000PX2EMMA1,171876.1
a0YRg00000PX2ENMA1,51562
a0YRg00000PX2kbMAD,171876.1
a0YRg00000PX38nMAD,51562.83
a0YRg00000PX6HyMAL,60000
a0YRg00000PX6HzMAL,60000
a0YRg00000PX6I0MAL,60000
a0YRg00000PX6RjMAL,201530
a0YRg00000PX7PLMA1,171888.25
a0YRg00000PX96CMAT,257778.25
a0YRg00000PXBBCMA5,400000
a0YRg00000PXBBDMA5,60930
a0YRg00000PXCDjMAP,399977
a0YRg00000PXEAjMAP,171959.76
a0YRg00000PXEAkMAP,28288.85
a0YRg00000PXEHCMA5,28630
a0YRg00000PXEQoMAP,257939.64
a0YRg00000PXEQpMAP,171618.61
a0YRg00000PXElnMAH,860442.8
a0YRg00000PXGNlMAP,36743.55
a0YRg00000PXHi5MAH,122792.44
a0YRg00000PXIuLMAX,669489.2
a0YRg00000PXIuMMAX,998.8
a0YRg00000PXJGrMAP,37000
a0YRg00000PXKWEMA5,67941.28
a0YRg00000PXLIeMAP,471792.44
a0YRg00000PXLIfMAP,1000
a0YRg00000PXLybMAH,200846.76
a0YRg00000PXLycMAH,996.04
a0YRg00000PXQNAMA5,66948.92
a0YRg00000PXQNBMA5,993.28
a0YRg00000PXQRzMAP,50000
a0YRg00000PXSn7MAH,66948.92
a0YRg00000PXSn8MAH,66948.92
a0YRg00000PXSn9MAH,994.2
a0YRg00000PXiQUMA1,2000000
a0YRg00000PXp2BMAT,5300000
a0YRg00000PaG6KMAV,85631
a0YRg00000PaIGCMA3,84992.8
a0YRg00000PaIGDMA3,20148.56
a0YRg00000PaKGZMA3,31093
a0YRg00000PaKjSMAV,108294.82
a0YRg00000PaONEMA3,1262000
a0YRg00000PaQLqMAN,31093
a0YRg00000PaTGUMA3,31093
a0YRg00000PaTWcMAN,22955.04
a0YRg00000PaUinMAF,31093
a0YRg00000PaUlzMAF,125989.66
a0YRg00000PaVF0MAN,31093
a0YRg00000PaVLUMA3,31093
a0YRg00000PaW7pMAF,425000
a0YRg00000PaWEIMA3,31093
a0YRg00000PaX7BMAV,220799.74
a0YRg00000PaX7CMAV,186556.92
a0YRg00000PaXWxMAN,37000
a0YRg00000PaYO9MAN,65335.64
a0YRg00000PaYZSMA3,31093
a0YRg00000PaYj8MAF,31093
a0YRg00000PaYmLMAV,183799.74
a0YRg00000PaZ7LMAV,31093
a0YRg00000PaZKDMA3,31093
a0YRg00000PaaUnMAJ,31093
a0YRg00000PaajJMAR,31093
a0YRg00000PaeTdMAJ,26187
a0YRg00000PajEwMAJ,78561.65
a0YRg00000Pan2GMAR,130935.65
a0YRg00000PanjoMAB,26187
a0YRg00000PaoBDMAZ,78561
a0YRg00000PaoXnMAJ,186305.92
a0YRg00000PapAVMAZ,26187
a0YRg00000PapH0MAJ,130935
a0YRg00000ParIjMAJ,37000
a0YRg00000ParIrMAJ,52374
a0YRg00000PasjUMAR,104748
a0YRg00000PaszbMAB,186455.92
a0YRg00000PaszcMAB,130932.8
a0YRg00000PaszdMAB,26032.65
a0YRg00000PavxUMAR,26187
a0YRg00000PawVKMAZ,52374
a0YRg00000PawblMAB,104748.65
a0YRg00000Pe3LlMAJ,85797
a0YRg00000PeCc1MAF,138171.25
a0YRg00000PeCtqMAF,164337.96
a0YRg00000PeCtrMAF,54783.29
a0YRg00000PeDrUMAV,3075451
a0YRg00000PeFq0MAF,472577
a0YRg00000PeGqwMAF,405066
a0YRg00000PeGxKMAV,337553
a0YRg00000PeH3uMAF,37000
a0YRg00000PeHWsMAN,580088
a0YRg00000PeHyHMAV,27389.66
a0YRg00000PeHyIMAV,27389.66
a0YRg00000PeHyJMAV,54780.68
a0YRg00000PeIPlMAN,3324650
a0YRg00000PeIWCMA3,194877.62
a0YRg00000PeIWDMA3,136948.19
a0YRg00000PeJ3xMAF,37000
a0YRg00000PeJ3zMAF,475724.38
a0YRg00000PeJTnMAN,540088
a0YRg00000PeJdcMAF,2194500
a0YRg00000PeKhhMAF,2372500
a0YRg00000PeKpfMAF,246506.94
a0YRg00000PeKpgMAF,109561.25
a0YRg00000PeKueMAF,2194500
a0YRg00000PeLFSMA3,191728.19
a0YRg00000PeM3YMAV,4400000
a0YRg00000PeM9vMAF,200000
a0YRg00000PeMhnMAF,2372500
a0YRg00000PeNPOMA3,2194500
a0YRg00000PeOyAMAV,11414550
a0YRg00000PePSsMAN,45263.02
a0YRg00000PePStMAN,45263.02
a0YRg00000PePSuMAN,45263.02
a0YRg00000PePSvMAN,6672.48
a0YRg00000PeSVdMAN,398690.4
a0YRg00000PeSVeMAN,6861.68
a0YRg00000PeSvFMAV,5690159
a0YRg00000PeXF6MAN,37000
a0YRg00000PeYO2MAN,47523.62
a0YRg00000PeYO3MAN,47523.62
a0YRg00000PeYO4MAN,45441.32
a0YRg00000PeaktMAB,2091500
a0YRg00000PeddtMAB,103658.1
a0YRg00000PedduMAB,148131.9
a0YRg00000PhOf1MAF,27843.96
a0YRg00000PhOf2MAF,111375.84
a0YRg00000PhOf3MAF,7633.2
a0YRg00000PhTWcMAN,88750
a0YRg00000PhVRzMAN,5500000
a0YRg00000PhdfmMAB,6075000
a0YRg00000Pkh0RMAR,176945.2
a0YRg00000Pkja3MAB,600000
a0YRg00000PkkntMAB,146860.42
a0YRg00000PkknuMAB,205982.08
a0YRg00000Pkl40MAB,210050.8
a0YRg00000Pkn7NMAR,133736.28
a0YRg00000PknQjMAJ,31000
a0YRg00000PksjnMAB,116556.18
a0YRg00000PksqGMAR,175736.09
a0YRg00000PkthTMAR,38440.08
a0YRg00000PkvPxMAJ,16725.25
a0YRg00000Pkw94MAB,81460
a0YRg00000PkwgzMAB,29246.93
a0YRg00000PkxOUMAZ,166280
a0YRg00000PkzesMAB,28643.27
a0YRg00000Pl031MAB,29275.14
a0YRg00000Pl0REMAZ,29275.14
a0YRg00000Pl2EWMAZ,29271.55
a0YRg00000Pl2fuMAB,29275.14
a0YRg00000Pl2sqMAB,15000
a0YRg00000Pl2xeMAB,207985.4
a0YRg00000Pl4JVMAZ,39500
a0YRg00000Pl4o9MAB,101174.4
a0YRg00000Pl55uMAB,29275.14
a0YRg00000Pl5QwMAJ,25211.68
a0YRg00000Pl6GZMAZ,200558.71
a0YRg00000Pl6UzMAJ,29640.44
a0YRg00000Pl6zdMAB,29275.14
a0YRg00000Pl7KcMAJ,29235.07
a0YRg00000Pl7MEMAZ,29275.14
a0YRg00000PlAoqMAF,203799.12
a0YRg00000PlAorMAF,143320.71
a0YRg00000PlGKnMAN,85992
a0YRg00000PlJC9MAN,57328
a0YRg00000PlJFLMA3,171984
a0YRg00000PlJf9MAF,37000
a0YRg00000PlLU1MAN,257886.71
a0YRg00000PlMDBMA3,28664
a0YRg00000PlMbNMAV,28664.16
a0YRg00000PnjAXMAZ,99693
a0YRg00000PnlfLMAR,66462
a0YRg00000Pnm1vMAB,334340.7
a0YRg00000Pnm1wMAB,99395.58
a0YRg00000PnoF1MAJ,199386
a0YRg00000Pnoq7MAB,36700
a0YRg00000PnpiwMAB,631389
a0YRg00000Pnq2HMAR,607595.58
a0YRg00000Pnq2IMAR,67510.62
a0YRg00000Pnq2JMAR,67510.62
a0YRg00000Pnq2KMAR,67510.62
a0YRg00000Pnq2LMAR,67510.62
a0YRg00000Pnq2MMAR,67510.62
a0YRg00000Pnq2NMAR,67510.62
a0YRg00000PnqFDMAZ,36700
a0YRg00000PnrXsMAJ,196592.76
a0YRg00000Pns5hMAB,468379.9
a0YRg00000Pns7JMAR,332310
a0YRg00000PnsAXMAZ,432003
a0YRg00000PnsQfMAJ,531696
a0YRg00000PnsTtMAJ,731082
a0YRg00000PnsnGMAR,66462
a0YRg00000PnswwMAB,55270
a0YRg00000PntUnMAJ,223181.4
a0YRg00000PnuHDMAZ,165808
a0YRg00000PnvbSMAR,29059.4
a0YRg00000PnvbTMAR,29058.6
a0YRg00000PnvegMAB,29060
a0YRg00000Pnw1GMAR,29059.4
a0YRg00000Pnw1HMAR,29028.6
a0YRg00000PnwAvMAJ,193443
a0YRg00000PnwE9MAJ,221078
a0YRg00000PnwFlMAJ,248713
a0YRg00000PnwFmMAJ,27635
a0YRg00000PnwNpMAJ,276348
a0YRg00000PnwfZMAR,82905
a0YRg00000Pnx3lMAB,37000
a0YRg00000Pnxa1MAB,145297
a0YRg00000Pnxa2MAB,61268.8
a0YRg00000Pnxa3MAB,145297
a0YRg00000Pnxa4MAB,28999.4
a0YRg00000PnxmwMAB,29060
a0YRg00000PnxmxMAB,29468
a0YRg00000PnxwbMAB,29060
a0YRg00000PnxyDMAR,29060
a0YRg00000Pny1RMAR,29060
a0YRg00000Pny4fMAB,29060
a0YRg00000Pny6HMAR,29060
a0YRg00000Pny7uMAB,29060
a0YRg00000PnyB7MAJ,29060
a0YRg00000PpoR1MAJ,361997.68
a0YRg00000Ppq9TMAR,1200000
a0YRg00000PpwI7MAJ,38113.32
a0YRg00000PpwI8MAJ,174818.88
a0YRg00000Ppx7iMAB,157165.4
a0YRg00000Ppyq9MAB,37000
a0YRg00000Pq2FSMAZ,27650.98
a0YRg00000Pq2FTMAZ,27650.98
a0YRg00000Pq2FUMAZ,27650.98
a0YRg00000Pq2FVMAZ,15317.02
a0YRg00000Pq2FWMAZ,222507.88
a0YRg00000PqAMmMAN,27650.98
a0YRg00000PqBVfMAN,27650.98
a0YRg00000PqBVgMAN,27650.98
a0YRg00000PqBVhMAN,10698.04
a0YRg00000PqCDEMA3,414764.7
a0YRg00000PqCDFMA3,58452.26
a0YRg00000PqDScMAN,754243.14
a0YRg00000PqDSdMAN,14860.06
a0YRg00000PqEWnMAN,417551.4
a0YRg00000PqEWoMAN,59001.54
a0YRg00000PqG0iMAF,58813.3
a0YRg00000PqGTjMAN,197945.11
a0YRg00000PqGWxMAN,250405.84
a0YRg00000PqGYYMA3,64856.62
a0YRg00000PqH4oMAF,27650.98
a0YRg00000PqH4pMAF,27317.02
a0YRg00000PqHJJMA3,123339.91
a0YRg00000PqHpZMAV,55000
a0YRg00000PqHzFMAV,27653
a0YRg00000PqJbFMAV,27650.98
a0YRg00000PqJbGMAV,70423.04
a0YRg00000PqKKRMA3,361997.68
a0YRg00000PqKtuMAF,334099.72
a0YRg00000PqLDHMA3,306201.76
a0YRg00000PqLgIMAV,361997.68
a0YRg00000PqNdJMAV,27843.96
a0YRg00000PqNdKMAV,1406.24
a0YRg00000PqOEMMA3,278303.8
a0YRg00000PqPlVMAV,166894.61
a0YRg00000PqPtZMAV,194609.92
a0YRg00000PqQuTMAV,389895.64
a0YRg00000Pt6nzMAB,337000
a0YRg00000Pt6pdMAB,29802
a0YRg00000PtFb9MAF,55000
a0YRg00000PtFrKMAV,133736.28
a0YRg00000PtHGNMA3,100899
a0YRg00000PtJQKMA3,149012.31
a0YRg00000PtM37MAF,127086.82
a0YRg00000PtMMVMA3,35880.05
a0YRg00000PtN0nMAF,37000
a0YRg00000PtOL4MAN,144407.38
a0YRg00000PtOg5MAF,84802.46
a0YRg00000PtOuXMAV,555443.01
a0YRg00000PtPykMAF,59604
a0YRg00000PtQzdMAF,114604.92
a0YRg00000PtR4QMAV,202800
a0YRg00000PtRSeMAN,89406.92
a0YRg00000PtTFxMAN,29802
a0YRg00000PtTRLMA3,1550000
a0YRg00000PtThOMAV,5269750
a0YRg00000PtTmAMAV,158762.31
a0YRg00000PtUdSMAV,59604.46
a0YRg00000PtUyNMAV,29802.46
a0YRg00000PtV1ZMAV,238420
a0YRg00000PtVT3MAN,174209.84
a0YRg00000PtW7OMAV,29802
a0YRg00000PtXxtMAF,1000000
a0YRg00000PtXxuMAF,4733000
a0YRg00000PtY5uMAF,29802
a0YRg00000PtZJhMAN,89406
a0YRg00000Ptb8bMAB,2194500
a0YRg00000PtbBpMAJ,2194500
a0YRg00000Ptc6NMAR,4183000
a0YRg00000PtdonMAB,2091500
a0YRg00000PtebCMAR,15000
a0YRg00000PtgD8MAJ,839720
a0YRg00000Ptn0AMAR,5000000
a0YRg00000PtnRYMAZ,5550000
a0YRg00000PtnjGMAR,50000
a0YRg00000PtpOWMAZ,24515000
a0YRg00000PtsPbMAJ,10816550
a0YRg00000PweulMAB,637000
a0YRg00000Pwh6FMAR,88448
a0YRg00000Pwjo0MAB,95979
a0YRg00000PwmNdMAJ,37464.84
a0YRg00000PwmNeMAJ,169878.19
a0YRg00000PwmU6MAJ,92578.2
a0YRg00000Pwn8QMAR,88695.8
a0YRg00000PwnI5MAJ,84992.8
a0YRg00000PwnZqMAJ,89557
a0YRg00000PwpBpMAJ,87597.2
a0YRg00000Pwt5yMAB,50000
a0YRg00000PwyC0MAJ,10000
a0YRg00000PwyC1MAJ,50000
a0YRg00000PxMJGMA3,36500
a0YRg00000PzzzWMAR,99145.2
a0YRg00000Q0AelMAF,150000
a0YRg00000Q0AoQMAV,555503.01
a0YRg00000Q0CgXMAV,749560.5
a0YRg00000Q0DeDMAV,28972
a0YRg00000Q0LGoMAN,38039.62
a0YRg00000Q0LiHMAV,37000
a0YRg00000Q0MpeMAF,214325.98
a0YRg00000Q0TxbMAF,236386.08
a0YRg00000Q0TxcMAF,5337.4
a0YRg00000Q0VsvMAF,443918.9
a0YRg00000Q0WyeMAF,37000
a0YRg00000Q0XJcMAN,131325.6
a0YRg00000Q0XJdMAN,3802.2
a0YRg00000Q0biAMAR,187005.84
a0YRg00000Q0biBMAR,132571.98
a0YRg00000Q0bwfMAB,186243.32
a0YRg00000Q0c1WMAR,131325.6
a0YRg00000Q0c1XMAR,1501.5
a0YRg00000Q0daHMAR,32734.9
a0YRg00000Q0dvGMAR,108862.2
a0YRg00000Q0eBNMAZ,52826.4
a0YRg00000Q0eZaMAJ,26265.12
a0YRg00000Q0eZbMAJ,4897.08
a0YRg00000Q0ehdMAB,79128
a0YRg00000Q0fLxMAJ,106525.5
a0YRg00000Q0g8LMAR,27803.1
a0YRg00000Q0gJdMAJ,55200.6
a0YRg00000Q0gQ6MAJ,26265.12
a0YRg00000Q0gQ7MAJ,4897.56
a0YRg00000Q0gbNMAR,81502.2
a0YRg00000Q0hm9MAB,37000
a0YRg00000Q0k8jMAB,29802.46
a0YRg00000Q0lPlMAJ,25931
a0YRg00000Q43mlMAB,86597.52
a0YRg00000Q43mmMAB,208618.8
a0YRg00000Q43mnMAB,40091.68
a0YRg00000Q4ClCMAV,649673.4
a0YRg00000Q4FkiMAF,217821.6
a0YRg00000Q4HoCMAV,660716.4
a0YRg00000Q4Jt8MAF,666904.2
a0YRg00000Q6lriMAB,25930.52
a0YRg00000Q6lrjMAB,25931.48
a0YRg00000Q6m9SMAR,29116
a0YRg00000Q6mmAMAR,25930.52
a0YRg00000Q6mmBMAR,25931.48
a0YRg00000Q6mmCMAR,25921
a0YRg00000Q6mnmMAB,25901
a0YRg00000Q6nLeMAJ,25901
a0YRg00000Q6o6PMAR,46714.32
a0YRg00000Q6p46MAB,116463.9
a0YRg00000Q6pAXMAZ,25901
a0YRg00000Q6pDlMAJ,25901
a0YRg00000Q6q9qMAB,29116
a0YRg00000Q6qpmMAB,291160.23
a0YRg00000Q6rQsMAJ,203811.33
a0YRg00000Q6rYwMAJ,61381.81
a0YRg00000Q6s1xMAB,37000
a0YRg00000Q6sA1MAJ,145579.53
a0YRg00000Q6sGTMAZ,145579.53
a0YRg00000Q6sI5MAJ,174695.43
a0YRg00000Q6sMvMAJ,232928.23
a0YRg00000Q6sMwMAJ,262044.23
a0YRg00000Q6sefMAB,29115.9
a0YRg00000Q6sjVMAR,58231.9
a0YRg00000Q6sl7MAB,87347.9
a0YRg00000Q6smjMAB,145579.9
a0YRg00000Q6sy1MAB,29116
a0YRg00000Q6tFlMAJ,29115.9
a0YRg00000Q8ZjGMAV,51550.38
a0YRg00000Q8f8iMAB,147555
a0YRg00000Q8fn0MAB,37000
a0YRg00000Q8gCoMAJ,265762.2
a0YRg00000Q8gvzMAB,243718.44
a0YRg00000Q8hDiMAJ,51550.38
a0YRg00000Q8hLnMAJ,236251.2
a0YRg00000Q8hVSMAZ,34366.92
a0YRg00000Q8hgkMAB,36500
a0YRg00000Q8iHuMAJ,233915
a0YRg00000Q8iZZMAZ,171834.6
a0YRg00000Q8ijFMAR,171834.6
a0YRg00000Q8ipjMAB,206630
a0YRg00000Q8iw9MAB,51550.38
a0YRg00000Q8j5pMAB,51550.38
a0YRg00000Q8j7SMAR,51550.38
a0YRg00000Q8jaTMAR,51550.38
a0YRg00000Q8jnVMAR,198402
a0YRg00000Q8kA3MAJ,277922
a0YRg00000Q8kQ6MAJ,147557
a0YRg00000Q8kZlMAJ,209729.76
a0YRg00000Q8kd1MAB,59022
a0YRg00000Q8koHMAR,151577
a0YRg00000Q8l7dMAB,295273.2
a0YRg00000Q8mOfMAJ,324784.2
a0YRg00000Q8mTVMAZ,29511
a0YRg00000Q8menMAB,88533
a0YRg00000Q8pRRMAZ,292832
a0YRg00000Q8qfEMAR,238162
a0YRg00000Q8rTJMAZ,65804.55
a0YRg00000Q8sh2MAB,164692
a0YRg00000Q8sh3MAB,32938.4
a0YRg00000Q8sh4MAB,15452.15
a0YRg00000Q8tQBMAZ,132834.55
a0YRg00000Q8ucNMAR,37000
a0YRg00000Q8vzqMAB,98606.55
a0YRg00000Q8w6HMAR,329384
a0YRg00000Q8w6IMAR,16104.55
a0YRg00000Q901rMAB,417749.84
a0YRg00000Q90UuMAJ,85614.4
a0YRg00000Q9wPLMAZ,300000
a0YRg00000QBX3NMAX,248568.94
a0YRg00000QBX3OMAX,342963.94
a0YRg00000QBkWsMAL,87000
a0YRg00000QBtdNMAT,28522.94
a0YRg00000QBtdOMAT,12340.02
a0YRg00000QBwGGMA1,256707
a0YRg00000QBwhgMAD,142615
a0YRg00000QBxdiMAD,37431.78
a0YRg00000QBzFmMAL,285707
a0YRg00000QBzVrMAL,28522.94
a0YRg00000QBzVsMAL,15294.14
a0YRg00000QC0epMAD,37000
a0YRg00000QC0i2MAD,315230
a0YRg00000QC1MMMA1,28522.94
a0YRg00000QC1MNMA1,15771.2
a0YRg00000QC2ggMAD,94395
a0YRg00000QC2n3MAD,37000
a0YRg00000QC2tVMAT,3150
a0YRg00000QC2tWMAT,144046
a0YRg00000QC2wkMAD,341798.22
a0YRg00000QC2wlMAD,2431.78
a0YRg00000QC36PMAT,285230
a0YRg00000QC4FPMA1,62930
a0YRg00000QC4QfMAL,66431.78
a0YRg00000QC4TuMAL,405893.94
a0YRg00000QC4aLMAT,85568.82
a0YRg00000QC4aMMAT,10862.96
a0YRg00000QC58DMAT,28522.94
a0YRg00000QC58EMAT,13817.08
a0YRg00000QC7tBMAT,223403.74
a0YRg00000QC7tCMAT,91244.46
a0YRg00000QC81FMAT,157324.11
a0YRg00000QC8cLMAT,374428.94
a0YRg00000QC8vhMAD,31465
a0YRg00000QC9ADMA1,125860
a0YRg00000QC9IHMA1,31465
a0YRg00000QCGJlMAP,40076.4
a0YRg00000QCHsYMAX,37000
a0YRg00000QCIbhMAH,330916.74
a0YRg00000QCJ4jMAH,327809.26
a0YRg00000QCJKrMAP,140472
a0YRg00000QCKFKMA5,46824
a0YRg00000QCKQcMAP,187296
a0YRg00000QCKdVMAX,468281.26
a0YRg00000QCKvFMAX,234120
a0YRg00000QCL1hMAH,46824
a0YRg00000QCLHpMAP,93648
a0YRg00000QCLjFMAX,140472
a0YRg00000QCMSSMA5,37000
a0YRg00000QCVHFMA5,422184
a0YRg00000QCWtHMAX,37000
a0YRg00000QCXkXMAX,883406.93
a0YRg00000QFqtmMAD,437203
a0YRg00000QFyZbMAL,92361
a0YRg00000QG2JpMAL,64408
a0YRg00000QGSW1MAP,148000
a0YRg00000QGd3PMAT,60318
a0YRg00000QGf3cMAD,214281.04
a0YRg00000QGfJgMAL,241580
a0YRg00000QGgilMAD,301590
a0YRg00000QGi9VMAT,211113
a0YRg00000QGjlQMAT,29930
a0YRg00000QGnfKMAT,271431
a0YRg00000QGoRiMAL,30159
a0YRg00000QGorVMAT,81974
a0YRg00000QGppBMAT,331754.02
a0YRg00000QJPi7MAH,147386.4
a0YRg00000QJTx0MAH,69133.94
a0YRg00000QJWGYMA5,205485.05
a0YRg00000QJWurMAH,90477
a0YRg00000QJWzhMAH,120636
a0YRg00000QJX1JMAX,30159
a0YRg00000QJZ9ZMAX,66948
a0YRg00000QJZERMA5,37000
a0YRg00000QJZWFMA5,64901.52
a0YRg00000QJZWGMA5,154378.8
a0YRg00000QJZWHMA5,30875.76
a0YRg00000QJZWIMA5,21595.92
a0YRg00000QJaQcMAL,335520.6
a0YRg00000QJaQdMAL,67104.12
a0YRg00000QJaQeMAL,67106.4
a0YRg00000QJaiMMAT,36500
a0YRg00000QJb9qMAD,30875.76
a0YRg00000QJb9rMAD,30875.76
a0YRg00000QJb9sMAD,21894.88
a0YRg00000QJbOJMA1,44727.9
a0YRg00000QJbOKMA1,44727.9
a0YRg00000QJbZdMAL,154378
a0YRg00000QJcqcMAD,44727.9
a0YRg00000QJcqdMAD,44728.1
a0YRg00000QJcsHMAT,61752
a0YRg00000QJd0IMAT,44727.9
a0YRg00000QJd0JMAT,44727.9
a0YRg00000QJd0KMAT,44728.2
a0YRg00000QJdTJMA1,763524.3
a0YRg00000QJeCTMA1,44728
a0YRg00000QJecHMAT,44727.9
a0YRg00000QJecIMAT,44727.9
a0YRg00000QJecJMAT,44728.2
a0YRg00000QJeqsMAD,268419.12
a0YRg00000QJfOjMAL,67104.12
a0YRg00000QJgMOMA1,30875.76
a0YRg00000QJgMPMA1,21596.4
a0YRg00000QJgcVMAT,30875.76
a0YRg00000QJgcWMAT,21596.16
a0YRg00000QJhWwMAL,174358.24
a0YRg00000QJiklMAD,643920.04
a0YRg00000QJjKEMA1,1143920.04
a0YRg00000QJk1lMAD,37000
a0YRg00000QJlcAMAT,131784
a0YRg00000QJllsMAD,30875.76
a0YRg00000QJlltMAD,30875.76
a0YRg00000QJlluMAD,30273.48
a0YRg00000QJnAyMAL,30875.76
a0YRg00000QJnAzMAL,30875.76
a0YRg00000QJnB0MAL,30875.76
a0YRg00000QJnB1MAL,30875.76
a0YRg00000QJnB2MAL,30551.84
a0YRg00000QJsKNMA1,41476.47
a0YRg00000QJsKOMA1,41472.02
a0YRg00000QJsc5MAD,27651
a0YRg00000QJtLCMA1,41477
a0YRg00000QJtxuMAD,58451.96
a0YRg00000QJtxvMAD,138254.9
a0YRg00000QJtxwMAD,138254.9
a0YRg00000QJtxxMAD,124429.41
a0YRg00000QJtxyMAD,13825.49
a0YRg00000QJunWMAT,55000
a0YRg00000QJwHTMA1,27651
a0YRg00000QJxrpMAD,27651
a0YRg00000QJzP7MAL,62100.7
a0YRg00000QK0I3MAL,31050
a0YRg00000QK84FMAT,31050.85
a0YRg00000QKA2nMAH,37000
a0YRg00000QKAVnMAP,531017
a0YRg00000QKCCaMAP,93150.7
a0YRg00000QKGHoMAP,155250.7
a0YRg00000QKHP9MAP,31050
a0YRg00000QKIeXMAX,124200.7
a0YRg00000QN31UMAT,172410
a0YRg00000QN4K6MAL,1800000
a0YRg00000QN4btMAD,37000
a0YRg00000QN5OHMA1,162750
a0YRg00000QN5w9MAD,103580
a0YRg00000QN6CMMA1,588204
a0YRg00000QN6IfMAL,650000
a0YRg00000QN79vMAD,32550
a0YRg00000QN8SbMAL,32550
a0YRg00000QNACeMAP,34415
a0YRg00000QNAcSMAX,32549.82
a0YRg00000QNAcTMAX,32550.18
a0YRg00000QNAnkMAH,32549.82
a0YRg00000QNAnlMAH,32550.18
a0YRg00000QNBAJMA5,34750
a0YRg00000QNC6OMAX,556497
a0YRg00000QNCSwMAP,34414.94
a0YRg00000QNCSxMAP,34415.06
a0YRg00000QNCsjMAH,34414.94
a0YRg00000QNCskMAH,34415.06
a0YRg00000QNCvyMAH,37000
a0YRg00000QNEHqMAP,97650
a0YRg00000QNSMQMA5,27000
a0YRg00000QNU01MAH,36850
a0YRg00000QNa8lMAD,6993150
a0YRg00000QQAUbMAP,1400000
a0YRg00000QQBwvMAH,37000
a0YRg00000QS8epMAD,29653
a0YRg00000QS9izMAD,29653
a0YRg00000QSAVKMA5,29652.58
a0YRg00000QSBEUMA5,200327
a0YRg00000QSBb5MAH,158865
a0YRg00000QSBb6MAH,34923
a0YRg00000QSBmOMAX,148237.54
a0YRg00000QSDbGMAX,34375.22
a0YRg00000QSEicMAH,32938.4
a0YRg00000QSEidMAH,32938.4
a0YRg00000QSEieMAH,14542.35
a0YRg00000QSF6oMAH,118612
a0YRg00000QSFBfMAP,59305
a0YRg00000QSFrdMAH,118584.54
a0YRg00000QSGXVMA5,27650.98
a0YRg00000QSGXWMA5,27651.02
a0YRg00000QSGpIMAX,88959
a0YRg00000QSHWnMAP,29402.76
a0YRg00000QSHdGMAX,88931.54
a0YRg00000QSHrlMAH,28664.16
a0YRg00000QSIUTMA5,37000
a0YRg00000QSIhNMAX,388633.54
a0YRg00000QSJITMA5,59306
a0YRg00000QSJaDMAX,29653
a0YRg00000QSKfyMAH,453438.37
a0YRg00000QSLU3MAP,8050000
a0YRg00000QSNHJMA5,725000
a0YRg00000QSNadMAH,5980000
a0YRg00000QSNm1MAH,207048.24
a0YRg00000QSOJrMAP,5350000
a0YRg00000QSOeoMAH,185000
a0YRg00000QSPXdMAP,12927500
a0YRg00000QSPkZMAX,122090.64
a0YRg00000QSREPMA5,50000
a0YRg00000QVNCiMAP,26579.36
a0YRg00000QVNCjMAP,26579.36
a0YRg00000QVNCkMAP,26579.36
a0YRg00000QVNClMAP,26579.36
a0YRg00000QVNCmMAP,26579.36
a0YRg00000QVNCnMAP,1604.88
a0YRg00000QVUFpMAP,1495000
a0YRg00000QVUFqMAP,1938162.59
a0YRg00000QVW1TMAX,93001.5
a0YRg00000QVYBLMA5,780254
a0YRg00000QVYXuMAP,40350.6
a0YRg00000QVf4lMAD,261700
a0YRg00000QVtkUMAT,50000
a0YRg00000QVx1eMAD,2726200
a0YRg00000QVx85MAD,6546030
a0YRg00000QWCa9MAH,950000
a0YRg00000QZ2MbMAL,31051
a0YRg00000QZ3SMMA1,28660
a0YRg00000QZLqkMAH,26835
a0YRg00000QZMLIMA5,26835
a0YRg00000QZNapMAH,134175.24
a0YRg00000QZO74MAH,107340.24
a0YRg00000QZObgMAH,80505.24
a0YRg00000QZOoYMAX,134174
a0YRg00000QZPFxMAP,26835
a0YRg00000QZQrwMAH,26835
a0YRg00000QZRJQMA5,161010.24
a0YRg00000QZS0tMAH,190844
a0YRg00000QZSaPMAX,26835
a0YRg00000QZUAkMAP,26835
a0YRg00000QZUM1MAP,37000
a0YRg00000QZUx7MAH,26834.76
a0YRg00000QZUx8MAH,53670.24
a0YRg00000QZVRlMAP,26835
a0YRg00000QcZlnMAF,2267500
a0YRg00000QccgRMAR,1000000
a0YRg00000QccjeMAB,2282500
a0YRg00000QceK5MAJ,4985050
a0YRg00000QceK6MAJ,452900
a0YRg00000QcfeHMAR,37000
a0YRg00000QcfpaMAB,4989150
a0YRg00000QcgFNMAZ,2077500
a0YRg00000QcglfMAB,200000
a0YRg00000QchoDMAR,7066650
a0YRg00000QciacMAB,2261350
a0YRg00000QciifMAB,2804793
a0YRg00000QckFlMAJ,1108950
a0YRg00000QcksTMAR,2264500
a0YRg00000QcksUMAR,2264500
a0YRg00000QcksVMAR,1808450
a0YRg00000QcpP7MAJ,2077500
a0YRg00000QcpP8MAJ,2077500
a0YRg00000QcpP9MAJ,727293
a0YRg00000QcqLGMAZ,818314
a0YRg00000Qcws3MAB,4075820
a0YRg00000QczRhMAJ,367000
a0YRg00000QczZwMAJ,37000
a0YRg00000QczwLMAR,2037910
a0YRg00000Qd0Z4MAJ,200000
a0YRg00000Qd1LSMAZ,5557757
a0YRg00000Qd1a3MAB,150448.73
a0YRg00000Qd3buMAB,49655.85
a0YRg00000Qd3bvMAB,21110.45
a0YRg00000Qd5P5MAJ,2314000
a0YRg00000Qd5YmMAJ,49655.85
a0YRg00000Qd5YnMAJ,20766.3
a0YRg00000Qd61tMAB,153598.73
a0YRg00000Qd9u8MAB,2314052
a0YRg00000QdE5nMAF,49655.85
a0YRg00000QdE5oMAF,26385.15
a0YRg00000QdFgBMAV,231728.73
a0YRg00000Qfrr3MAB,36216.72
a0YRg00000QfsryMAB,2194500
a0YRg00000Qfu7LMAR,26343.68
a0YRg00000Qfu7MMAR,26343.68
a0YRg00000Qfu7NMAR,26343.68
a0YRg00000Qfu7OMAR,2786.99
a0YRg00000QgER9MAN,37000
a0YRg00000QgFYRMA3,910303
a0YRg00000QgPRLMA3,212603.68
a0YRg00000QgPRMMA3,7231.36
a0YRg00000QgPsfMAF,36500
a0YRg00000QgTd0MAF,26575.46
a0YRg00000QgTd1MAF,18645.9
a0YRg00000QgV3kMAF,53150.92
a0YRg00000QgWR7MAN,454932.82
a0YRg00000QgWR8MAN,64033.04
a0YRg00000QgXIQMA3,26575.46
a0YRg00000QgXIRMA3,132877.3
a0YRg00000QgXISMA3,22467.14
a0YRg00000Qj6lTMAR,149346.12
a0YRg00000Qj7pZMAR,36554.79
a0YRg00000Qj9Y2MAJ,323112.72
a0YRg00000Qj9kwMAB,36150
a0YRg00000Qj9ubMAB,139160
a0YRg00000Qj9wDMAR,215001
a0YRg00000Qj9xpMAB,502954
a0YRg00000QlDipMAF,36500
a0YRg00000QlHsuMAF,1053425
a0YRg00000QlIqZMAV,4910000
a0YRg00000QlLwTMAV,1023380.74
a0YRg00000QlM4XMAV,66129.28
a0YRg00000QlR11MAF,5802000
a0YRg00000QlRVeMAN,200000
a0YRg00000QlS6jMAF,200000
a0YRg00000QlSTKMA3,4565000
a0YRg00000QlSd0MAF,4535000
a0YRg00000QlTsRMAV,2417500
a0YRg00000QlZ3OMAV,2100000
a0YRg00000QlZxqMAF,2250000
a0YRg00000QlatuMAB,13633350
a0YRg00000QlbGTMAZ,2417500
a0YRg00000QlbgHMAR,1000000
a0YRg00000QlbjVMAR,4717000
a0YRg00000Qld6zMAB,100000
a0YRg00000QldBpMAJ,200000
a0YRg00000QldN7MAJ,8994150
a0YRg00000QldTZMAZ,9750000
a0YRg00000Qn8qLMAR,4978000
a0YRg00000QnDJhMAN,2726200
a0YRg00000QnDoLMAV,998750
a0YRg00000QnHIYMA3,30159
a0YRg00000QnIXxMAN,26187
a0YRg00000QnJ7QMAV,31093
a0YRg00000QnKD9MAN,45000
a0YRg00000QnO8gMAF,29060
a0YRg00000QqnvNMAR,101446.01
a0YRg00000QqpvbMAB,43325.16
a0YRg00000QqrHNMAZ,26579.36
a0YRg00000QqrHOMAZ,84275.52
a0YRg00000QqrNqMAJ,205890
a0YRg00000QqtCkMAJ,29652.58
a0YRg00000QqvrKMAR,137093.76
a0YRg00000QqvrLMAR,45697.92
a0YRg00000QqvrMMAR,45697.92
a0YRg00000QqvrNMAR,71510.4
a0YRg00000QqwXBMAZ,101137.8
a0YRg00000QqwXCMAZ,137951.72
a0YRg00000QqxRlMAJ,198451.54
a0YRg00000QqyvdMAB,27900
a0YRg00000QqzV8MAJ,913958.48
a0YRg00000Qr09WMAR,27900
a0YRg00000Qr1lPMAR,27900
a0YRg00000Qr2EUMAZ,27900
a0YRg00000Qr49oMAB,27900
a0YRg00000Qr4PuMAJ,27900
a0YRg00000Qr5PBMAZ,97650.77
a0YRg00000Qr5PCMAZ,27900
a0YRg00000Qr5XFMAZ,195301.54
a0YRg00000Qr60IMAR,27900
a0YRg00000Qr69xMAB,27900.22
a0YRg00000Qr6EnMAJ,27900
a0YRg00000Qr6Y9MAJ,27900
a0YRg00000Qr6gDMAR,27900
a0YRg00000Qr6ukMAB,1100100
a0YRg00000QrDZgMAN,137093.76
a0YRg00000QrDZhMAN,4416.64
a0YRg00000QrEKQMA3,37000
a0YRg00000QrEqgMAF,1008504.32
a0YRg00000QrPkTMAV,98918.4
a0YRg00000QrPkUMAV,1081.6
a0YRg00000QrQzxMAF,49655.85
a0YRg00000QrQzyMAF,49655.85
a0YRg00000QrQzzMAF,49655.85
a0YRg00000QrR00MAF,49655.85
a0YRg00000QrR01MAF,49655.85
a0YRg00000QrR02MAF,49655.85
a0YRg00000QrR03MAF,49655.85
a0YRg00000QrR04MAF,49655.85
a0YRg00000QrR05MAF,49655.85
a0YRg00000QrR06MAF,501508.8
a0YRg00000QrUAiMAN,188000
a0YRg00000QuPROMA3,87667
a0YRg00000QuRHvMAN,29253.31
a0YRg00000QuRUnMAN,39143.37
a0YRg00000QuSvVMAV,45697.92
a0YRg00000QuSvWMAV,177898.72
a0YRg00000QuTMwMAN,25901
a0YRg00000QuYGGMA3,5610750
a0YRg00000QuawMMAR,2336500
a0YRg00000QueTfMAJ,5607600
a0YRg00000QuerpMAB,200000
a0YRg00000Quf6MMAR,2336500
a0YRg00000Qxp4MMAR,86342.36
a0YRg00000Qxr9OMAR,101178
a0YRg00000Qxr9PMAR,81710
a0YRg00000Qxrr0MAB,39395.4
a0YRg00000Qxrr1MAB,90604.6
a0YRg00000R3QPqMAN,89600
a0YRg00000R6zAwMAJ,64856.62
a0YRg00000R728nMAB,66462
a0YRg00000R72KAMAZ,471158.43
a0YRg00000R74H6MAJ,182791.68
a0YRg00000R74H7MAJ,141227.04
a0YRg00000R75meMAB,31000
a0YRg00000R77F1MAJ,66858
a0YRg00000R77i4MAB,37000
a0YRg00000R790cMAB,66858
a0YRg00000R792JMAR,334291.75
a0YRg00000R7AsmMAF,66858
a0YRg00000R7AxZMAV,334291.74
a0YRg00000R7BP3MAN,66858.34
a0YRg00000R7FdtMAF,200574
a0YRg00000R7FijMAF,66858
a0YRg00000R7FlyMAF,66858
a0YRg00000R7G6wMAF,66858
a0YRg00000R7G8XMAV,66858
a0YRg00000R7GenMAF,66858.34
a0YRg00000R7QxcMAF,2514758
a0YRg00000RAbTNMA1,28972
a0YRg00000RAe7wMAD,89298.8
a0YRg00000RAfnCMAT,43575.16
a0YRg00000RLdekMAD,260456
a0YRg00000RMTIMMA5,30549.18
a0YRg00000RMTINMA5,70.82
a0YRg00000RMTK0MAP,29802
a0YRg00000RMUfpMAH,93001.5
a0YRg00000RMUfqMAH,125.08
a0YRg00000RMVDhMAP,40106.4
a0YRg00000RMVDiMAP,92391
a0YRg00000RMVDjMAP,92391
a0YRg00000RMVNRMA5,122196
a0YRg00000RMWOKMA5,64248.36
a0YRg00000RMWOLMA5,458237.7
a0YRg00000RMWg1MAH,26265.12
a0YRg00000RMWg2MAH,155.64
a0YRg00000RMWwDMAX,36865
a0YRg00000RMWwEMAX,122266.82
a0YRg00000RMX4GMAX,289346
a0YRg00000RMXYwMAP,100000
a0YRg00000RMYwPMAX,205626.98
a0YRg00000RMaevMAD,37000
a0YRg00000RMbkYMAT,33950
a0YRg00000RMcOsMAL,144597.84
a0YRg00000RMdmLMAT,15000
a0YRg00000RMeGzMAL,318236
a0YRg00000RMgHJMA1,1945023
a0YRg00000RMiXeMAL,347176
a0YRg00000RMk38MAD,28939.56
a0YRg00000RMk39MAD,16922.6
a0YRg00000RMlOyMAL,405153.84
a0YRg00000RMlOzMAL,17022.16
a0YRg00000RMmGEMA1,397176
a0YRg00000RMmbBMAT,159590
a0YRg00000RMmg3MAD,136540
a0YRg00000RMnTyMAL,387176
a0YRg00000RMnydMAD,28939.56
a0YRg00000RMnyeMAD,16873.04
a0YRg00000RMnyhMAD,1136507
a0YRg00000RMoOSMA1,37000
a0YRg00000RMol7MAD,485350
a0YRg00000RMouoMAD,24110000
a0YRg00000RMozgMAD,157766
a0YRg00000RMpAqMAL,27308
a0YRg00000RMqekMAD,50000
a0YRg00000RPyBAMA1,90180.3
a0YRg00000RQ65SMAT,29802.46
a0YRg00000RQ74jMAD,31465
a0YRg00000RQ7XlMAL,46824
a0YRg00000RQ7r8MAD,67104.12
a0YRg00000RQ7r9MAD,201311.88
a0YRg00000RQRwLMAX,208618.8
a0YRg00000RQRwMMAX,6813.88
a0YRg00000RQZNhMAP,363500
a0YRg00000RTZR5MAP,101643.9
a0YRg00000RTZR6MAP,43868.07
a0YRg00000RTlbtMAD,34375.22
a0YRg00000RTm89MAD,208055.9
a0YRg00000RTyPWMA1,68898.92
a0YRg00000RTydyMAD,55000
a0YRg00000RU0zBMAT,32874.46
a0YRg00000RU0zCMAT,3125.54
a0YRg00000RU1s8MAD,32874
a0YRg00000RU23JMAT,164372
a0YRg00000RU2UoMAL,32874.46
a0YRg00000RU2UpMAL,9375.7
a0YRg00000RU2jHMAT,32874
a0YRg00000RU2jJMAT,32874
a0YRg00000RU4DAMA1,32874.46
a0YRg00000RU4DBMA1,9376.62
a0YRg00000RU4I6MAL,32874
a0YRg00000RU5pCMAT,32874.46
a0YRg00000RU5pDMAT,9376.16
a0YRg00000RU8NDMA1,295870
a0YRg00000RU8iFMAT,32874
a0YRg00000RUAbwMAH,32874.46
a0YRg00000RUAbxMAH,6251.08
a0YRg00000RUBY0MAP,50000
a0YRg00000RUCFVMA5,32871.7
a0YRg00000RUCFXMA5,32874
a0YRg00000RWunYMAT,92140.4
a0YRg00000RWunZMAT,32130.81
a0YRg00000RWv3fMAD,37372.65
a0YRg00000RWy81MAD,257940.82
a0YRg00000RX0xmMAD,40006.16
a0YRg00000RX0xnMAD,92108.9
a0YRg00000RXIzWMAX,55000
a0YRg00000RaGpwMAF,32938.4
a0YRg00000RaGpxMAF,26137.95
a0YRg00000RdUWYMA3,2327961.3
a0YRg00000RdXEHMA3,66948
a0YRg00000RfmadMAB,45708.96
a0YRg00000RfmaeMAB,45708.96
a0YRg00000RfmafMAB,45708.96
a0YRg00000RfmagMAB,45708.96
a0YRg00000RfmahMAB,45708.96
a0YRg00000RfmaiMAB,45708.96
a0YRg00000RfmajMAB,45708.96
a0YRg00000RfmakMAB,45708.96
a0YRg00000RfmalMAB,45708.96
a0YRg00000RfmamMAB,319962.72
a0YRg00000RfmanMAB,342817.2
a0YRg00000RfmaoMAB,348061.44
a0YRg00000Rj8ukMAB,89961
a0YRg00000RjQDPMA3,279069.7
a0YRg00000RjQgPMAV,212334.69
a0YRg00000RjSIOMA3,198498.72
a0YRg00000RjTCqMAN,114400
a0YRg00000RjTmKMAV,36400
a0YRg00000RjTnvMAF,37000
a0YRg00000RjUs4MAF,243334.69
a0YRg00000RjVT7MAN,175934.69
a0YRg00000RjVkrMAF,76800
a0YRg00000RjeplMAB,139534.8
a0YRg00000RjexpMAB,27906.96
a0YRg00000RmfHWMAZ,204555
a0YRg00000RmfHXMAZ,84972
a0YRg00000Rmg2EMAR,69173.94
a0YRg00000RmhuOMAR,5269950
a0YRg00000RmhuPMAR,1136360
a0YRg00000RmyTmMAJ,36940
a0YRg00000RmzODMAZ,9970
a0YRg00000RnGvSMAV,193531.05
a0YRg00000RnOJaMAN,359669.49
a0YRg00000RnOPsMAN,37000
a0YRg00000RnPsLMAV,28906.03
a0YRg00000RnTFuMAN,441642.81
a0YRg00000RnWvKMAV,414318.37
a0YRg00000RnYFWMA3,467385.66
a0YRg00000RnYFXMA3,1581.59
a0YRg00000RnbmsMAB,332345.05
a0YRg00000Rnbq8MAB,83554.91
a0YRg00000RneCrMAJ,386993.93
a0YRg00000RnfQfMAJ,56230.47
a0YRg00000RqAmxMAF,136539.9
a0YRg00000RqAmyMAF,1589.09
a0YRg00000RqDT4MAN,27307.98
a0YRg00000RqDT5MAN,1526.27
a0YRg00000RqGSXMA3,4475500
a0YRg00000RqGluMAF,29115.9
a0YRg00000RqGxDMAV,27307.98
a0YRg00000RqGxEMAV,1547.21
a0YRg00000RqHYHMA3,110841.95
a0YRg00000RqHekMAF,21661.5
a0YRg00000RqIAzMAN,27307.98
a0YRg00000RqIB0MAN,1568.15
a0YRg00000RqIvoMAF,608060
a0YRg00000RqJ3rMAF,423760.38
a0YRg00000RqJOnMAN,462787.5
a0YRg00000RqJn1MAF,549918
a0YRg00000RqKeDMAV,30000
a0YRg00000RqKj3MAF,200904.62
a0YRg00000RqKj4MAF,364108.38
a0YRg00000RqL42MAF,37000
a0YRg00000RqLtdMAF,28250.66
a0YRg00000RqLteMAF,28250.66
a0YRg00000RqLtfMAF,28250.66
a0YRg00000RqLtgMAF,28252.02
a0YRg00000RqMphMAF,37000
a0YRg00000RqMzOMAV,27496
a0YRg00000RqNtqMAF,27495.9
a0YRg00000RqNtrMAF,27495.9
a0YRg00000RqNtsMAF,27495.9
a0YRg00000RqNttMAF,27495.9
a0YRg00000Rt3c2MAB,44285
a0YRg00000Rt3grMAB,44285
a0YRg00000Rt5dpMAB,39747.6
a0YRg00000Rt5dqMAB,91494
a0YRg00000Rt5drMAB,23758.4
a0YRg00000Rt8v3MAB,36970
a0YRg00000RwD3mMAF,28522.94
a0YRg00000RwD3nMAF,17248.26
a0YRg00000RwEizMAF,64408
a0YRg00000RxNvXMAV,29129.28
a0YRg00000Ry5jgMAB,65554.56
a0YRg00000RyDdxMAF,27900.22
a0YRg00000RyHkoMAF,83323.8
a0YRg00000RyHkpMAF,96252.88
a0YRg00000S1mqVMAR,31051
a0YRg00000S1oFZMAZ,85631
a0YRg00000S1oVhMAJ,730500
a0YRg00000S24yiMAB,69843
a0YRg00000S2GIVMA3,44520
a0YRg00000S2GIWMA3,3150
a0YRg00000S2IiQMAV,55000
a0YRg00000S2In7MAF,205259.8
a0YRg00000S2In8MAF,85253.92
a0YRg00000S2In9MAF,51373.28
a0YRg00000S2WdBMAV,222603
a0YRg00000S5NqKMAV,30159
a0YRg00000S5OrEMAV,26186.56
a0YRg00000S5PAaMAN,40000
a0YRg00000S5Q9qMAF,39795.2
a0YRg00000S5S8PMAV,91658
a0YRg00000S5tJtMAJ,110540
a0YRg00000S8snuMAB,338184.8
a0YRg00000S8snvMAB,138423.92
a0YRg00000S8snwMAB,338184.8
a0YRg00000S8tvGMAR,89083.79
a0YRg00000S8ukrMAB,338184.8
a0YRg00000S8wGRMAZ,38314.06
a0YRg00000S8xUDMAZ,29402.76
a0YRg00000S9h46MAB,79507
a0YRg00000SFs9dMAD,37000
a0YRg00000SFvdlMAD,106317.44
a0YRg00000SFvdmMAD,69708.08
a0YRg00000SHysVMAT,101643.9
a0YRg00000SHysWMAT,335.94
a0YRg00000SI2HqMAL,30159.02
a0YRg00000SI8obMAD,67510.62
a0YRg00000SI9G8MAL,2195700
a0YRg00000SLaJjMAL,31093
a0YRg00000SLg91MAD,28939.56
a0YRg00000SLg92MAD,16823.04
a0YRg00000SLhBWMA1,34366.92
a0YRg00000SLmfqMAD,55000
a0YRg00000SLpYtMAL,45673.2
a0YRg00000SLpYuMAL,45673.2
a0YRg00000SLpYvMAL,43276.89
a0YRg00000SLrCaMAL,134280.4
a0YRg00000SLtpOMAT,179398.4
a0YRg00000SLu77MAD,68300
a0YRg00000SLuX3MAL,216291.6
a0YRg00000SLuX4MAL,88443.4
a0YRg00000SLujrMAD,118300
a0YRg00000SLw46MAD,90974.2
a0YRg00000SLw47MAD,43276.29
a0YRg00000SLwiPMAT,134716.4
a0YRg00000SP8a9MAD,18250
a0YRg00000SPAyXMAX,2489000
a0YRg00000SPFF8MAP,55468
a0YRg00000SPFVDMA5,133736.28
a0YRg00000SPGW9MAP,28660
a0YRg00000SPGazMAH,66462
a0YRg00000SPHYgMAP,86112.5
a0YRg00000SPI1hMAH,176479.5
a0YRg00000SPI6XMAX,27000
a0YRg00000SPICyMAP,73741.8
a0YRg00000SPJP8MAP,64856.62
a0YRg00000SPJqdMAH,83202
a0YRg00000SPJtnMAH,29060
a0YRg00000SPJyeMAH,91658
a0YRg00000SPLu4MAH,138620
a0YRg00000SPO3sMAH,197285.76
a0YRg00000SPO3tMAH,90698.24
a0YRg00000SPO8gMAH,110936
a0YRg00000SPP81MAH,218670.24
a0YRg00000SPQSEMA5,36670
a0YRg00000SPQqPMAX,277287.61
a0YRg00000SPR6bMAH,2417500
a0YRg00000SPRGDMA5,27684
a0YRg00000SPhZeMAL,37000
a0YRg00000SSiysMAD,55964
a0YRg00000SSn8zMAD,36725
a0YRg00000SSrpGMAT,199022.6
a0YRg00000SSrpHMAT,279866.99
a0YRg00000SSsuzMAD,95838.6
a0YRg00000SStj0MAD,27932
a0YRg00000SSuyPMAT,83946
a0YRg00000SSuyQMAT,28000
a0YRg00000SSv6TMAT,111928
a0YRg00000SSvG9MAL,139860
a0YRg00000ST1iDMAT,106675.8
a0YRg00000ST40BMAT,92548.2
a0YRg00000ST6YEMA1,105082.4
a0YRg00000ST6YFMA1,105083.6
a0YRg00000ST94cMAD,88195.2
a0YRg00000SW4MyMAL,27982
a0YRg00000SW5AxMAL,27734
a0YRg00000SW5MHMA1,31460.22
a0YRg00000SW5MIMA1,141229.84
a0YRg00000SW5NpMAL,37310
a0YRg00000SW5akMAD,87369.6
a0YRg00000SWD6tMAH,100000
a0YRg00000SWVwbMAH,5100000
a0YRg00000SZhLWMA1,18420
a0YRg00000SZhjbMAD,31000
a0YRg00000SZoBWMA1,34415
a0YRg00000SZvxrMAD,36293.09
a0YRg00000Sa1OtMAJ,9960
a0YRg00000SchYVMAZ,28972
a0YRg00000Sci39MAB,64408
a0YRg00000Scl12MAB,30875.76
a0YRg00000Scl13MAB,30554.24
a0YRg00000SclDyMAJ,37000
a0YRg00000SclPCMAZ,32550
a0YRg00000Scnu1MAB,32550
a0YRg00000Sco8XMAR,29652.58
a0YRg00000SdHU4MAN,12432500
a0YRg00000SgO13MAF,440467.6
a0YRg00000SgQZ3MAN,2524000
a0YRg00000SgQZ4MAN,1012750
a0YRg00000SgQZ5MAN,227343.51
a0YRg00000SgsaDMAR,444592.8
a0YRg00000SgtcgMAB,433105.6
a0YRg00000Sh1VPMAZ,101137.8
a0YRg00000Sh1VQMAZ,101137.8
a0YRg00000Sh1VRMAZ,336216.98
a0YRg00000Sh1qSMAR,18000
a0YRg00000ShCgxMAF,29802
a0YRg00000Sjpz9MAB,45182.96
a0YRg00000SjtGNMAZ,29235.07
a0YRg00000SkDN8MAN,37000
a0YRg00000SkDQPMA3,648619.1
a0YRg00000SkDtOMAV,167356
a0YRg00000SkKIEMA3,459393.9
a0YRg00000SkKIFMA3,322738.1
a0YRg00000SkKzlMAF,977665.5
a0YRg00000SkKzmMAF,65177.7
a0YRg00000SkKznMAF,2775.9
a0YRg00000SkM0eMAF,714619.1
a0YRg00000SkMGkMAN,453088.1
a0YRg00000SkOLpMAN,912619.1
a0YRg00000SkOosMAF,65177.7
a0YRg00000SkOotMAF,1822.3
a0YRg00000SkS2oMAF,65177.7
a0YRg00000SkS2pMAF,65177.7
a0YRg00000SkS2qMAF,5466.9
a0YRg00000SkSUDMA3,780619.1
a0YRg00000SnOibMAF,42843.6
a0YRg00000SnOicMAF,198468
a0YRg00000SqafBMAR,103127.5
a0YRg00000Ssaw3MAB,85864.8
a0YRg00000SscwEMAR,38265
a0YRg00000Ssdx7MAB,170804.11
a0YRg00000Ssfu5MAB,28522.94
a0YRg00000Ssfu6MAB,18725.32
a0YRg00000SswqBMAR,84957.6
a0YRg00000St1ubMAB,158865
a0YRg00000SwCGoMAN,34375.22
a0YRg00000SwDRPMA3,103026
a0YRg00000SwDw1MAF,66948
a0YRg00000SwFEiMAN,2314500
a0YRg00000SwRpNMAV,29802.46
a0YRg00000SzfUQMAZ,41128.9
a0YRg00000SzlBZMAZ,69173.94
a0YRg00000T0Jq7MAF,30456.16
a0YRg00000T0Jq8MAF,1434.73
a0YRg00000T0KZHMA3,30456
a0YRg00000T0MHkMAN,30456
a0YRg00000T0OBOMA3,274105
a0YRg00000T0OL3MAN,189280.8
a0YRg00000T0P7RMAV,30456
a0YRg00000T0PSQMA3,30456
a0YRg00000T0QY9MAN,30456
a0YRg00000T0TUQMA3,60912
a0YRg00000T0UwfMAF,30456.16
a0YRg00000T0VfqMAF,30856
a0YRg00000T0WooMAF,30456
a0YRg00000T2xzPMAR,89397.39
a0YRg00000T3AOlMAN,37000
a0YRg00000T3BawMAF,40646.62
a0YRg00000T3ESLMA3,282920.68
a0YRg00000T3ElkMAF,152105
a0YRg00000T3G1AMAV,60842
a0YRg00000T3HZuMAN,243376
a0YRg00000T3JOoMAN,152105
a0YRg00000T3K3BMAV,30421
a0YRg00000T3K9aMAF,30421
a0YRg00000T3KKuMAN,30421
a0YRg00000T3L8sMAF,30421
a0YRg00000T3MbCMAV,216097.71
a0YRg00000T3OA5MAN,31185.82
a0YRg00000T3OA6MAN,31185.82
a0YRg00000T3OA7MAN,22830.75
a0YRg00000T3OLFMA3,304218
a0YRg00000T3Ot7MAF,91263
a0YRg00000T3OzZMAV,121684
a0YRg00000T3S3zMAF,282658.2
a0YRg00000T3S40MAF,31185.82
a0YRg00000T3S41MAF,30625.24
a0YRg00000T3WkIMAV,311619.26
a0YRg00000T3XA3MAN,37000
a0YRg00000T3ZdGMAV,222370.74
a0YRg00000T3ZdHMAV,282419.26
a0YRg00000T3prjMAB,206787
a0YRg00000T6c9xMAB,65793.45
a0YRg00000T6cRhMAJ,73476.91
a0YRg00000T6cRiMAJ,18509.39
a0YRg00000T746LMAR,27307.98
a0YRg00000T746MMAR,3442.29
a0YRg00000T9WMXMA3,44285.04
a0YRg00000T9YL7MAN,46824
a0YRg00000TBtwaMAD,197697.52
a0YRg00000TBuREMA1,50000
a0YRg00000TBxH5MAL,201664.7
a0YRg00000TBxH6MAL,28409.98
a0YRg00000TBxH7MAL,28409.98
a0YRg00000TBxH8MAL,28409.98
a0YRg00000TBxH9MAL,22570.5
a0YRg00000TBxaNMAT,249645.48
a0YRg00000TBxaOMAT,157697.52
a0YRg00000TBztuMAD,202019.86
a0YRg00000TBztvMAD,59465.14
a0YRg00000TC1R5MAL,283950.14
a0YRg00000TC2OlMAL,73577.29
a0YRg00000TCAB0MAP,37000
a0YRg00000TCBzwMAH,28409.98
a0YRg00000TCBzxMAH,28409.98
a0YRg00000TCBzyMAH,28409.98
a0YRg00000TCBzzMAH,28409.98
a0YRg00000TCC00MAH,113639.92
a0YRg00000TCC01MAH,28260.66
a0YRg00000TF2k1MAD,30159.02
a0YRg00000TFDFZMA5,27900
a0YRg00000TFDcAMAX,31093
a0YRg00000TFEYDMA5,29115.9
a0YRg00000TFKCHMA5,23277.5
a0YRg00000TFKfGMAX,37484.05
a0YRg00000TFMltMAH,100637.5
a0YRg00000TFXChMAP,208618.8
a0YRg00000TFXCiMAP,6425.08
a0YRg00000TFhDiMAL,100
a0YRg00000TFvWoMAL,323508.52
a0YRg00000TFxqLMAT,68481.48
a0YRg00000TFxqMMAT,131618.52
a0YRg00000TIxaUMAT,37000
a0YRg00000TIywHMAT,1503360
a0YRg00000TIzNhMAL,975000
a0YRg00000TJWjVMAX,35706.76
a0YRg00000TJWjWMAX,162783.8
a0YRg00000TJWjXMAX,1509.44
a0YRg00000TMGodMAH,31051
a0YRg00000TMIVTMA5,85757.1
a0YRg00000TMKIlMAP,127594.4
a0YRg00000TMLI4MAP,27307.98
a0YRg00000TMLI5MAP,575.91
a0YRg00000TMMyrMAH,113713
a0YRg00000TMOmAMAX,31465
a0YRg00000TMOsdMAH,46824
a0YRg00000TMXKrMAP,69096.68
a0YRg00000TMaFTMA1,176830.08
a0YRg00000TMaFUMA1,88.55
a0YRg00000TMac2MAD,145859.4
a0YRg00000TManJMAT,45673.2
a0YRg00000TManKMAT,45673.2
a0YRg00000TManLMAT,45673.2
a0YRg00000TManMMAT,45673.2
a0YRg00000TManNMAT,45673.2
a0YRg00000TManOMAT,45680.89
a0YRg00000TManRMAT,139267.85
a0YRg00000TMbcxMAD,164904.4
a0YRg00000TMcVmMAL,37000
a0YRg00000TMf8gMAD,155279.31
a0YRg00000TMfVFMA1,155630.6
a0YRg00000TMfVGMA1,142765.94
a0YRg00000TMoX0MAL,194704.72
a0YRg00000TMoX1MAL,19237.91
a0YRg00000TMpXrMAL,186773
a0YRg00000TMrY5MAL,46519.94
a0YRg00000TMs1BMAT,73689.57
a0YRg00000TMsafMAD,209040
a0YRg00000TMuvkMAD,37000
a0YRg00000TMvzrMAD,100971.6
a0YRg00000TN09wMAD,100971.6
a0YRg00000TN0UrMAL,95448
a0YRg00000TPno4MAD,103127.5
a0YRg00000TPno5MAD,44401
a0YRg00000TPv8rMAD,176300
a0YRg00000TPv8sMAD,1277.63
a0YRg00000TQN1zMAH,205259.8
a0YRg00000TT9btMAD,28840
a0YRg00000TV3VeMAL,131492.8
a0YRg00000TV3VfMAL,27498.56
a0YRg00000TV3VgMAL,27498.56
a0YRg00000TV3VhMAL,27498.56
a0YRg00000TV3ViMAL,27498.56
a0YRg00000TV3VjMAL,27498.56
a0YRg00000TV3VkMAL,27498.56
a0YRg00000TV3VlMAL,27498.56
a0YRg00000TV3VmMAL,27498.56
a0YRg00000TV3VnMAL,3835.84
a0YRg00000TVAKEMA5,38000
a0YRg00000TVCU4MAP,66858.34
a0YRg00000TVDd0MAH,29253.31
a0YRg00000TVFoVMAX,17644
a0YRg00000TVH2IMAX,37000
a0YRg00000TVHDdMAP,195639.92
a0YRg00000TVHDeMAP,274985.6
a0YRg00000TVIxfMAH,165181.5
a0YRg00000TVIxgMAH,33036.3
a0YRg00000TVIxhMAH,33036.3
a0YRg00000TVIxiMAH,22304.9
a0YRg00000TVJdZMAX,37000
a0YRg00000TVK1lMAH,234404.13
a0YRg00000TVK50MAH,164059
a0YRg00000TVKGHMA5,163059
a0YRg00000TVKZjMAP,913830
a0YRg00000TVMZqMAP,1588358
a0YRg00000TVMy2MAH,1696165.15
a0YRg00000TVO0XMAX,95147.12
a0YRg00000TVOlJMAX,23644
a0YRg00000TVPpSMAX,23662.72
a0YRg00000TVQFIMA5,1659165.15
a0YRg00000TVRpdMAH,158836
a0YRg00000TVS2cMAH,45263.02
a0YRg00000TVS2dMAH,107209.46
a0YRg00000TVSlkMAH,47523.62
a0YRg00000TVSllMAH,47523.62
a0YRg00000TVSlmMAH,47523.62
a0YRg00000TVSlnMAH,47523.62
a0YRg00000TVSloMAH,
a0YRg00000TVVi6MAH,496558.48
a0YRg00000TVb5vMAD,165519.5
a0YRg00000TVb5wMAD,231727.3
a0YRg00000TVbFaMAL,3290992
a0YRg00000TVc1vMAD,234877.3
a0YRg00000TVc1wMAD,459558.48
a0YRg00000TVngTMAT,329099
a0YRg00000TVqZdMAL,207200
a0YRg00000TVsl4MAD,221800
a0YRg00000TVvR8MAL,3396340
a0YRg00000TVxKrMAL,207200
a0YRg00000TVxchMAD,221800
a0YRg00000TVxw1MAD,459400
a0YRg00000TVybwMAD,234400
a0YRg00000TW2xFMAT,234400
a0YRg00000TW3gPMAT,459400
a0YRg00000TYlDYMA1,206787
a0YRg00000TYn2VMAT,202000
a0YRg00000TYv82MAD,471400
a0YRg00000TYwTtMAL,26186.56
a0YRg00000TYwk3MAD,202000
a0YRg00000TYwnFMAT,471400
a0YRg00000TYzwSMAT,39469.16
a0YRg00000TYzwTMAT,90797.9
a0YRg00000TYzwUMAT,90797.9
a0YRg00000TYzwVMAT,81210.44
a0YRg00000TZHJxMAP,239800
a0YRg00000TZInsMAH,197200
a0YRg00000TZJVRMA5,197200
a0YRg00000TZK55MAH,319000
a0YRg00000TZM5EMAX,212600
a0YRg00000TZQ2FMAX,239800
a0YRg00000TZRccMAH,194800
a0YRg00000TZSK9MAP,187200
a0YRg00000TZTL3MAP,475600
a0YRg00000TZXbWMAX,187200
a0YRg00000TZY4ZMAX,475600
a0YRg00000TZZtTMAX,212600
a0YRg00000TZakfMAD,319000
a0YRg00000TcQqQMAV,27307.98
a0YRg00000TcQqRMAV,627.93
a0YRg00000TcR89MAF,40893.44
a0YRg00000TcR8AMAV,283075.8
a0YRg00000TcR8BMAV,283075.8
a0YRg00000TcR8CMAV,1066.26
a0YRg00000TcRJTMA3,25901
a0YRg00000TcS93MAF,44612.4
a0YRg00000TcS94MAF,103656
a0YRg00000TcS95MAF,59043.6
a0YRg00000TcTLHMA3,29059.2
a0YRg00000TcTLIMA3,29059.4
a0YRg00000Tcc5CMAR,37000
a0YRg00000TccrZMAR,103656
a0YRg00000TccraMAB,0.6
a0YRg00000TcklwMAB,25901
a0YRg00000Td09AMAR,16702.34
a0YRg00000Td09BMAR,122504.8
a0YRg00000TfsLWMAZ,4910000
a0YRg00000TfvXyMAJ,178061.95
a0YRg00000TfyPKMAZ,66462
a0YRg00000TfzGYMAZ,176479.5
a0YRg00000Tg3LoMAJ,3334189
a0YRg00000Tg7h8MAB,2726200
a0YRg00000TgH8bMAF,3150
a0YRg00000TggzuMAB,8616.9
a0YRg00000TitHrMAJ,123760.3
a0YRg00000TitHsMAJ,61166.82
a0YRg00000TjQX8MAN,141515.13
a0YRg00000TjROOMA3,123649.13
a0YRg00000TjWPdMAN,37000
a0YRg00000TjWW5MAN,59800.53
a0YRg00000TjZDpMAN,27307.98
a0YRg00000TjZDqMAN,679.95
a0YRg00000TjxPpMAJ,21785.4
a0YRg00000TjxPqMAJ,409979.6
a0YRg00000TmpIsMAJ,99145.2
a0YRg00000Tmq8UMAR,108911
a0YRg00000TmsAHMAZ,64856.62
a0YRg00000TmwaTMAR,37000
a0YRg00000TohlwMAB,2155045.12
a0YRg00000TpCw5MAF,50000
a0YRg00000TpDfLMAV,29652.58
a0YRg00000TpETHMA3,10000
a0YRg00000TsP0lMAF,28660
a0YRg00000TsdJqMAJ,25901
a0YRg00000Tsm74MAB,83970
a0YRg00000TvylBMAR,2037910
a0YRg00000Tw02CMAR,202424.4
a0YRg00000Tw0WoMAJ,43815.06
a0YRg00000TwEZnMAN,101137.8
a0YRg00000TwEZoMAN,3794.66
a0YRg00000TwLrQMAV,34375.22
a0YRg00000TwOvkMAF,33738.02
a0YRg00000TwOvlMAF,33738.02
a0YRg00000TwOvmMAF,33737.96
a0YRg00000TwadXMAR,37000
a0YRg00000TzSrXMAV,30456.16
a0YRg00000TzZszMAF,89490.06
a0YRg00000U00OYMAZ,491440.4
a0YRg00000U00OZMAZ,22807.6
a0YRg00000U2tFMMAZ,46824
a0YRg00000U30a6MAB,31465
a0YRg00000U34U1MAJ,92991
a0YRg00000U34VeMAJ,105669.3
a0YRg00000U35GRMAZ,29802
a0YRg00000U6B17MAF,4334500
a0YRg00000U6BYzMAN,27307.98
a0YRg00000U6BZ0MAN,731.97
a0YRg00000U6CoPMAV,31051
a0YRg00000U6DFpMAN,130941.02
a0YRg00000U6DFqMAN,5901.98
a0YRg00000U7NJjMAN,29802.46
a0YRg00000U8TWhMAN,29402.76
a0YRg00000U8XiNMAV,292170
a0YRg00000U8bnZMAR,339277.5
a0YRg00000U8cZvMAJ,28972
a0YRg00000U8kMCMAZ,292200
a0YRg00000U8kMDMAZ,292200
a0YRg00000U8kMEMAZ,240
a0YRg00000U8ku6MAB,133736.28
a0YRg00000U8mPjMAJ,37000
a0YRg00000U93dKMAR,140100
a0YRg00000UBwx5MAD,69123.94
a0YRg00000UCAokMAH,31000
a0YRg00000UCBCxMAP,30421
a0YRg00000UCCLwMAP,202848.2
a0YRg00000UCEM6MAP,235100
a0YRg00000UCEM7MAP,235100
a0YRg00000UCEnWMAX,37000
a0YRg00000UCMhvMAH,204555
a0YRg00000UCchoMAD,91881.1
a0YRg00000UCchpMAD,118.9
a0YRg00000UFhmaMAD,44728
a0YRg00000UFhmbMAD,44728
a0YRg00000UFkiqMAD,37000
a0YRg00000UFnOwMAL,123779.57
a0YRg00000UFnYbMAL,37000
a0YRg00000UFoKzMAL,120720
a0YRg00000UFpqYMAT,210050.79
a0YRg00000UFtZCMA1,503187.5
a0YRg00000UFy5pMAD,475020.2
a0YRg00000UFy5qMAD,19000.8
a0YRg00000UFy5rMAD,3150
a0YRg00000UFySUMA1,37000
a0YRg00000UJ52lMAD,37000
a0YRg00000UJCLzMAP,489343.51
a0YRg00000UJDMrMAP,36761.22
a0YRg00000UJDMsMAP,36761.22
a0YRg00000UJDoHMAX,32874
a0YRg00000UJGcVMAX,480064.1
a0YRg00000UJI9dMAH,153584.25
a0YRg00000UJNSgMAP,74000
a0YRg00000UJPZKMA5,151389.15
a0YRg00000UJRBLMA5,37000
a0YRg00000UJSYnMAP,817470
a0YRg00000UJe3pMAD,139400
a0YRg00000UJe3qMAD,139400
a0YRg00000UJfkXMAT,37000
a0YRg00000UJg0fMAD,138800
a0YRg00000UJg0gMAD,138800
a0YRg00000UJgGqMAL,131978
a0YRg00000UJhmRMAT,169320
a0YRg00000UJhmSMAT,169320
a0YRg00000UJiPAMA1,76970
a0YRg00000UJpiIMAT,37000
a0YRg00000UJrqcMAD,37000
a0YRg00000UMqgFMAT,238159.76
a0YRg00000UMrEAMA1,150100
a0YRg00000UMsRtMAL,65218.62
a0YRg00000UMsRuMAL,671.88
a0YRg00000UMsgPMAT,95979
a0YRg00000UMt1NMAT,84992.8
a0YRg00000UMv9gMAD,150100
a0YRg00000UMzI5MAL,410000
a0YRg00000UMzI6MAL,1993.76
a0YRg00000UMzzeMAD,337380.2
a0YRg00000UMzzfMAD,1993.56
a0YRg00000UN065MAD,136945.76
a0YRg00000UN0XWMA1,33738.02
a0YRg00000UN0XXMA1,33738.02
a0YRg00000UN0XYMA1,33738.02
a0YRg00000UN0XZMA1,1993.5
a0YRg00000UN5YqMAL,161000
a0YRg00000UN5YrMAL,3250
a0YRg00000UN7XQMA1,37000
a0YRg00000UQ21iMAD,317181.76
a0YRg00000UQ21jMAD,448616.69
a0YRg00000UQBBSMA5,80226.8
a0YRg00000UQBHtMAP,66948
a0YRg00000UQBmXMAX,37025
a0YRg00000UQBplMAH,129898.34
a0YRg00000UQBszMAH,672925.2
a0YRg00000UQBt0MAH,25691.49
a0YRg00000UQDErMAP,269170.08
a0YRg00000UQDEsMAP,206521.41
a0YRg00000UQDhuMAH,37000
a0YRg00000UQE2sMAH,34366.92
a0YRg00000UQEMDMA5,315158.75
a0YRg00000UQER3MAP,315308.7
a0YRg00000UQER4MAP,186580.05
a0YRg00000USNTRMA5,36000
a0YRg00000USRbuMAH,30159.02
a0YRg00000USS8BMAX,36985
a0YRg00000USTLyMAP,36985
a0YRg00000USWyBMAX,3250
a0YRg00000USWyCMAX,131400
a0YRg00000USWyDMAX,4255.32
a0YRg00000USZXsMAP,3235
a0YRg00000USnisMAD,3235
a0YRg00000USsH8MAL,3250
a0YRg00000USsH9MAL,265200
a0YRg00000USsHAMA1,370.22
a0YRg00000USvDUMA1,5
a0YRg00000UVsdxMAD,89385.8
a0YRg00000UVtIHMA1,82953.6
a0YRg00000UWUONMA5,14946.06
a0YRg00000UZSjKMAX,102101.98
a0YRg00000UZw7tMAD,480064
a0YRg00000UdDc3MAF,137900
a0YRg00000UdEbKMAV,74000
a0YRg00000UdIa5MAF,137900
a0YRg00000UdJMXMA3,480503.68
a0YRg00000UdMSPMA3,27635
a0YRg00000UgkGVMAZ,31000
a0YRg00000UgqYrMAJ,118279.2
a0YRg00000UgqYsMAJ,79237.04
a0YRg00000UgyMfMAJ,204555
a0YRg00000UgyMgMAJ,204555
a0YRg00000Uh1kLMAR,27900
a0YRg00000UhF91MAF,61024.75
a0YRg00000UhGBXMA3,132700
a0YRg00000UhGBYMA3,124855.7
a0YRg00000UhIOcMAN,125332.58
a0YRg00000UhgsLMAR,27650
a0YRg00000UhgsMMAR,27650
a0YRg00000UhjJyMAJ,55000
a0YRg00000UkBbuMAF,29262.2
a0YRg00000UkHfhMAF,85797
a0YRg00000UkJJJMA3,64408
a0YRg00000UkOCXMA3,36173.44
a0YRg00000UkOFlMAN,82558.6
a0YRg00000UkOPRMA3,82558.6
a0YRg00000UnXeKMAV,80939
a0YRg00000UnZ8DMAV,86591.4
a0YRg00000UnbhxMAB,500450
a0YRg00000UnmBxMAJ,55000
a0YRg00000UnpxrMAB,37000
a0YRg00000UqhaiMAB,31093
a0YRg00000Uqq4VMAR,82558.6
a0YRg00000Uqs1SMAR,134000
a0YRg00000Uqs1TMAR,3205
a0YRg00000Uqs7tMAB,237600
a0YRg00000Uqs7uMAB,3235
a0YRg00000UqsaxMAB,26186.56
a0YRg00000UqvdgMAB,37000
a0YRg00000Ur3krMAB,135500
a0YRg00000UrFhEMAV,81816
a0YRg00000UuhKOMAZ,37000
a0YRg00000Uum7BMAR,30159.02
a0YRg00000UumiDMAR,613428.12
a0YRg00000UumohMAB,89557
a0YRg00000UumqIMAR,25901
a0YRg00000UunZVMAZ,88448
a0YRg00000UuqSWMAZ,88695.8
a0YRg00000UuqfNMAR,25901
a0YRg00000UurRmMAJ,87597.2
a0YRg00000Uuu4iMAB,22838
a0YRg00000Uuu4jMAB,492195
a0YRg00000Uuwo2MAB,79344
a0YRg00000Uv1HWMAZ,441500
a0YRg00000Uv8u3MAB,37000
a0YRg00000UvAKkMAN,20810
a0YRg00000UvC81MAF,176909.16
a0YRg00000UvC82MAF,29511.38
a0YRg00000UvC83MAF,156.46
a0YRg00000UyZpeMAF,29115.9
a0YRg00000UycE4MAJ,37000
a0YRg00000UyfF7MAJ,103026
a0YRg00000UyflPMAR,144000
a0YRg00000UyflQMAR,2800
a0YRg00000UynixMAB,46376.78
a0YRg00000UyniyMAB,47523.62
a0YRg00000UynizMAB,30130.6
a0YRg00000UyvoZMAR,135789.06
a0YRg00000UyvoaMAB,45263.02
a0YRg00000UyvobMAB,45263.02
a0YRg00000UyvocMAB,9756.36
a0YRg00000UzDyLMAV,162200
a0YRg00000V1ujAMAR,37000
a0YRg00000V20zoMAB,268610
a0YRg00000V22K3MAJ,133900
a0YRg00000V22K4MAJ,133900
a0YRg00000V24KDMAZ,3250
a0YRg00000V24SHMAZ,133900
a0YRg00000V24iQMAR,27389.66
a0YRg00000V24iRMAR,27389.66
a0YRg00000V24iSMAR,27389.66
a0YRg00000V24iTMAR,27389.66
a0YRg00000V24iUMAR,27389.66
a0YRg00000V24iVMAR,1.7
a0YRg00000V27JhMAJ,98110
a0YRg00000V29ADMAZ,145266.72
a0YRg00000V2AHZMA3,147100
a0YRg00000V2AHaMAN,143415.27
a0YRg00000V2RwnMAF,5497402.2
a0YRg00000V2XR3MAN,182557.98
a0YRg00000V2YDSMA3,29060
a0YRg00000V2eM7MAJ,8550000
a0YRg00000V5C58MAF,106111.8
a0YRg00000V5C59MAF,38.2
a0YRg00000V5CjUMAV,29652.58
a0YRg00000V5Dh7MAF,95359.5
a0YRg00000V5F1NMAV,66462
a0YRg00000V5Hb3MAF,201312
a0YRg00000V7hBHMAZ,103658.1
a0YRg00000V7hG5MAJ,37000
a0YRg00000V89YxMAJ,170000
a0YRg00000V8DeAMAV,187560
a0YRg00000V8DeBMAV,182440
a0YRg00000V9Q4lMAF,2489000
a0YRg00000V9VyrMAF,136197.48
a0YRg00000V9w6BMAR,37000
a0YRg00000V9wW8MAJ,88526.3
a0YRg00000VA6iJMAT,98468.5
a0YRg00000VA6iKMAT,98468.5
a0YRg00000VA6iLMAT,55000
a0YRg00000VA8iTMAT,41293.8
a0YRg00000VA8iUMAT,34.2
a0YRg00000VA9Q5MAL,54101.2
a0YRg00000VCnkhMAD,332663.7
a0YRg00000VD1NuMAL,3250
a0YRg00000VD1NvMAL,135970
a0YRg00000VD3fmMAD,64856.62
a0YRg00000VD5hbMAD,29402.76
a0YRg00000VD87ZMAT,32550
a0YRg00000VD87aMAD,32550
a0YRg00000VD8HFMA1,34415
a0YRg00000VD8HGMA1,34415
a0YRg00000VD8XNMA1,332663.7
a0YRg00000VDC4jMAH,142279.57
a0YRg00000VDIZyMAP,66858.34
a0YRg00000VDJRBMA5,29802
a0YRg00000VDKdNMAX,34375.22
a0YRg00000VDUg1MAH,153600
a0YRg00000VDUg2MAH,37000
a0YRg00000VDbj8MAD,92020
a0YRg00000VDmWVMA1,10000
a0YRg00000VGmoPMAT,135970
a0YRg00000VGz2TMAT,29652.28
a0YRg00000VGziPMAT,150000
a0YRg00000VH0pmMAD,29987
a0YRg00000VH1CMMA1,82610
a0YRg00000VH3ZCMA1,44296
a0YRg00000VHUPgMAP,140340.41
a0YRg00000VHcVOMA1,7872.53
a0YRg00000VHf05MAD,10250000
a0YRg00000VHf06MAD,22795000
a0YRg00000VHjOhMAL,37000
a0YRg00000VHl5YMAT,7766149.2
a0YRg00000VHl5ZMAT,5520353
a0YRg00000VHl5aMAD,116836.5
a0YRg00000VO705MAD,50000
a0YRg00000VO74vMAD,123800
a0YRg00000VO76XMAT,87000
a0YRg00000VOCe5MAH,27307.98
a0YRg00000VOCe6MAH,783.99
a0YRg00000VOCnlMAH,259245.12
a0YRg00000VODIPMA5,141688.4
a0YRg00000VODIQMA5,346346
a0YRg00000VODIRMA5,340581.6
a0YRg00000VQYFWMA5,28660
a0YRg00000VQmLiMAL,55000
a0YRg00000VQsXcMAL,37200
a0YRg00000VR3srMAD,18001.7
a0YRg00000VR3ssMAD,9391.7
a0YRg00000VUlXVMA1,37000
a0YRg00000VV7UrMAL,140770
a0YRg00000VVAhCMAX,37000
a0YRg00000VVBGjMAP,26835
a0YRg00000VVEo1MAH,140770
a0YRg00000VYVvZMAX,101137.8
a0YRg00000VYVvaMAH,4071.11
a0YRg00000VYWy5MAH,26835
a0YRg00000VYdMrMAL,386790
a0YRg00000VYfIHMA1,625849.2
a0YRg00000VYk8FMAT,737512.73
a0YRg00000VYlInMAL,346316
a0YRg00000VYnyyMAD,42879
a0YRg00000VYoi5MAD,198641
a0YRg00000VYzKHMA1,28451.48
a0YRg00000VYzKIMA1,28451.48
a0YRg00000VYzKJMA1,28451.48
a0YRg00000VYzKKMA1,28451.48
a0YRg00000VYzKLMA1,28451.48
a0YRg00000VYzKMMA1,2257.25
a0YRg00000VZ3dtMAD,982950
a0YRg00000VZJM7MAP,28451.48
a0YRg00000VZJM8MAP,28451.48
a0YRg00000VZJM9MAP,28451.48
a0YRg00000VZJMAMA5,28451.48
a0YRg00000VZJMBMA5,28451.33
a0YRg00000VZPuYMAX,86442.56
a0YRg00000VcGukMAF,130000
a0YRg00000VcQvlMAF,160800
a0YRg00000VcR2AMAV,132000
a0YRg00000VcSe9MAF,102650.3
a0YRg00000VcSeAMAV,12270.95
a0YRg00000VcSz8MAF,37000
a0YRg00000VcUzJMAV,37000
a0YRg00000VcV7NMAV,130000
a0YRg00000VcVwzMAF,132000
a0YRg00000VcYRpMAN,34336.92
a0YRg00000Vg7GCMAZ,140070
a0YRg00000Vg7krMAB,37000
a0YRg00000Vg9wJMAR,140070
a0YRg00000VgAFeMAN,37000
a0YRg00000VgCkdMAF,37000
a0YRg00000VgKJqMAN,37000
a0YRg00000VgOfJMAV,463659
a0YRg00000VgcQRMAZ,469313
a0YRg00000VgfZcMAJ,480417.5
a0YRg00000VgiCTMAZ,445210.5
a0YRg00000VjWl3MAF,135100
a0YRg00000VjWl4MAF,3250
a0YRg00000VjWl5MAF,135040
a0YRg00000VjYBlMAN,26343.68
a0YRg00000VjYBmMAN,18035.81
a0YRg00000VlghvMAB,27733.68
a0YRg00000VlmKMMAZ,27956.07
a0YRg00000VlnxtMAB,32874
a0YRg00000Vloh3MAB,862512.73
a0YRg00000Vpm0nMAB,37000
a0YRg00000VptyJMAR,28950
a0YRg00000VpyOWMAZ,29115.9
a0YRg00000Vq23wMAB,136900
a0YRg00000Vq23xMAB,63100
a0YRg00000Vq2FEMAZ,69173.94
a0YRg00000Vq2omMAB,258800
a0YRg00000Vq4TuMAJ,66948
a0YRg00000Vq8CdMAJ,132800
a0YRg00000Vq9JzMAJ,288993.96
a0YRg00000Vq9esMAB,257200
a0YRg00000Vq9oZMAR,254500.27
a0YRg00000Vq9yFMAR,262400
a0YRg00000Vq9yGMAR,3600
a0YRg00000VqBySMAV,37000
a0YRg00000VqCw6MAF,37000
a0YRg00000VqDH5MAN,37000
a0YRg00000VqGlCMAV,414060.27
a0YRg00000VqIaFMAV,37000
a0YRg00000VqKNTMA3,37000
a0YRg00000VqOZAMA3,55000
a0YRg00000VqSBGMA3,133096.5
a0YRg00000VqUUpMAN,132000
a0YRg00000VqUUqMAN,87000
a0YRg00000VqUcrMAF,142500
a0YRg00000VqUg5MAF,142500
a0YRg00000Vtv3wMAB,159000
a0YRg00000Vtv3xMAB,159000
a0YRg00000Vtv3yMAB,159000
a0YRg00000Vtv3zMAB,78000
a0YRg00000VuDghMAF,46824
a0YRg00000VuET3MAN,108000
a0YRg00000VuEksMAF,28972
a0YRg00000VuLZNMA3,31465
a0YRg00000VxZUZMA3,187560
a0YRg00000VxZUaMAN,55880
a0YRg00000Vxf0UMAR,2336500
a0YRg00000VxfRuMAJ,25945.74
a0YRg00000VxkctMAB,275200
a0YRg00000VxnhCMAR,37000
a0YRg00000VxoYQMAZ,50000
a0YRg00000VxqYeMAJ,275200
a0YRg00000Vxr3HMAR,29802.46
a0YRg00000VxuihMAB,145400
a0YRg00000VxxYTMAZ,37000
a0YRg00000VxyCoMAJ,37000
a0YRg00000VxyfpMAB,134600
a0YRg00000Vy01lMAB,37000
a0YRg00000Vy7eHMAR,37000
a0YRg00000Vy82TMAR,139300
a0YRg00000Vy8daMAB,145100
a0YRg00000W1SPhMAN,159000
a0YRg00000W1SPiMAN,159000
a0YRg00000W1SPjMAN,159000
a0YRg00000W1UmPMAV,102377.33
a0YRg00000W1cH0MAJ,28664.16
a0YRg00000W1cH1MAJ,28664.16
a0YRg00000W1cH2MAJ,28664.16
a0YRg00000W1cH3MAJ,28664.16
a0YRg00000W1cH4MAJ,28664.16
a0YRg00000W1cH5MAJ,156679.2
a0YRg00000W1ruJMAR,37000
a0YRg00000W4v8aMAB,31051
a0YRg00000W4xboMAB,140100
a0YRg00000W4zLpMAJ,44398
a0YRg00000W4zLqMAJ,102425.07
a0YRg00000W52JhMAJ,157652.88
a0YRg00000W52JiMAJ,128986.32
a0YRg00000W53E9MAJ,55000
a0YRg00000W7C22MAF,44728
a0YRg00000W7PLpMAN,126000
a0YRg00000W7PQfMAN,135500
a0YRg00000W7PqTMAV,30159.02
a0YRg00000W7RViMAN,134000
a0YRg00000W7SV0MAN,237600
a0YRg00000WBH4mMAH,50000
a0YRg00000WBYggMAH,138000.4
a0YRg00000WBYghMAH,337126
a0YRg00000WBYgiMAH,101137.8
a0YRg00000WBYgjMAH,101137.8
a0YRg00000WBYgkMAH,7880.56
a0YRg00000WBdQDMA1,36950
a0YRg00000WBdq1MAD,108910.17
a0YRg00000WBikwMAD,37000
a0YRg00000WEs4aMAD,131167.95
a0YRg00000WF5TEMA1,264967.85
a0YRg00000WF5zWMAT,132800
a0YRg00000WF70NMAT,131349.4
a0YRg00000WFGbZMAX,91658
a0YRg00000WFJRRMA5,31093
a0YRg00000WFRS6MAP,270500
a0YRg00000WFeafMAD,81690
a0YRg00000WFeagMAD,80
a0YRg00000WFhF7MAL,107448.7
a0YRg00000WJXHGMA5,30000
a0YRg00000WJoBeMAL,37150
a0YRg00000WJp62MAD,186284
a0YRg00000WJpCUMA1,40407
a0YRg00000WJrcUMAT,170000
a0YRg00000WJu7JMAT,27843.96
a0YRg00000WJu7KMAT,1945.28
a0YRg00000WJuQhMAL,145070
a0YRg00000WJvHtMAL,139270
a0YRg00000WK2ssMAD,37000
a0YRg00000WNcJzMAL,131400
a0YRg00000WNpU2MAL,30000
a0YRg00000WNrSdMAL,265200
a0YRg00000WNtRBMA1,92140.4
a0YRg00000WNtRCMA1,92124.65
a0YRg00000WQhTVMA1,37000
a0YRg00000WQjS6MAL,109921.1
a0YRg00000WQkPmMAL,134600
a0YRg00000WQkZSMA1,27900
a0YRg00000WQlNRMA1,29262.2
a0YRg00000WQlQfMAL,26186.56
a0YRg00000WQnsHMAT,136900
a0YRg00000WSw54MAD,145400
a0YRg00000WSzkTMAT,987512.73
a0YRg00000WT19aMAD,65177.7
a0YRg00000WT19bMAD,10439.2
a0YRg00000WTB8vMAH,37000
a0YRg00000WTFUOMA5,37000
a0YRg00000WTMvfMAH,135860
a0YRg00000WTWQLMA5,74000
a0YRg00000WWk71MAD,29060
a0YRg00000WWnOGMA1,30456.16
a0YRg00000WWnOHMA1,1434.73
a0YRg00000WWpD9MAL,38000
a0YRg00000WWqKRMA1,37000
a0YRg00000WWs4ZMAT,179815.6
a0YRg00000WWse2MAD,102044.8
a0YRg00000WaELRMA3,176479.5
a0YRg00000WaIKAMA3,122196
a0YRg00000WaJo9MAF,30159.02
a0YRg00000WaLJhMAN,135079.36
a0YRg00000WaLLHMA3,49761.8
a0YRg00000WaMFkMAN,29986.99
a0YRg00000WaMFlMAN,63123.04
a0YRg00000WaMfWMAV,66462
a0YRg00000WaMsRMAV,37000
a0YRg00000WaNtMMAV,39113.12
a0YRg00000WaPn5MAF,42923.88
a0YRg00000WdlKqMAJ,64856.62
a0YRg00000WdxloMAB,288642.03
a0YRg00000WdyQCMAZ,26835
a0YRg00000We1MOMAZ,41378.7
a0YRg00000We2gdMAB,81021.2
a0YRg00000We62hMAB,206787
a0YRg00000We6sHMAR,81021.2
a0YRg00000We8xJMAR,165900
a0YRg00000WeBFGMA3,2194499
a0YRg00000WhIH0MAN,85400
a0YRg00000WhV6DMAV,143820
a0YRg00000WhY5dMAF,29402.76
a0YRg00000WhYs2MAF,59977.5
a0YRg00000WhYyTMAV,25347.78
a0YRg00000WhZXxMAN,201312
a0YRg00000Whl9LMAR,46026.24
a0YRg00000Whr53MAB,107190.6
a0YRg00000Whzx3MAB,145400
a0YRg00000Wi0DBMAZ,145400
a0YRg00000Wn6RmMAJ,88177.96
a0YRg00000Wn7h8MAB,92391
a0YRg00000WnLH2MAN,144309.5
a0YRg00000WnPE9MAN,27307.98
a0YRg00000WnPEAMA3,836.01
a0YRg00000WnPZ7MAN,27798.66
a0YRg00000WnR6HMAV,97039.5
a0YRg00000WnR6IMAV,39837.5
a0YRg00000WnfAuMAJ,214664.6
a0YRg00000WnfAvMAJ,14387.8
a0YRg00000WnjWHMAZ,89016
a0YRg00000WnkSJMAZ,214664.6
a0YRg00000WnkSKMAZ,55514.4
a0YRg00000WqggqMAB,99234
a0YRg00000WqrdiMAB,29802
a0YRg00000WqrkBMAR,87500
a0YRg00000WqzBSMAZ,37000
a0YRg00000WqzZhMAJ,38714
a0YRg00000Wu5fMMAR,49505
a0YRg00000WuCC9MAN,87440.32
a0YRg00000WuCCAMA3,210725.8
a0YRg00000WuJwvMAF,37000
a0YRg00000WuLNXMA3,34375.22
a0YRg00000WuNNjMAN,88910
a0YRg00000WuNltMAF,175000
a0YRg00000WuSFOMA3,37000
a0YRg00000Wy0E1MAJ,31000
a0YRg00000Wy0UJMAZ,41305.16
a0YRg00000Wy3OtMAJ,37000
a0YRg00000Wy7iXMAR,34336.92
a0YRg00000Wy7nOMAR,554944.5
a0YRg00000X1fMJMAZ,3250
a0YRg00000X6q4GMAR,3213.48
a0YRg00000X6rReMAJ,200327
a0YRg00000X6xDhMAJ,29801.16
a0YRg00000X6xNNMAZ,66226.44
a0YRg00000X70bNMAR,3255
a0YRg00000X7CKpMAN,50000
a0YRg00000X7CzDMAV,50000
a0YRg00000X7GUsMAN,36700
a0YRg00000XCYUMMA5,37000
a0YRg00000XCaw0MAD,118900
a0YRg00000XJ0UMMA1,3250
a0YRg00000XJ7vdMAD,3250
a0YRg00000XJ9z6MAD,101643.9
a0YRg00000XJ9z7MAD,1007.82
a0YRg00000XJAa9MAH,35522.87
a0YRg00000XJFmjMAH,826290
a0YRg00000XJHqBMAX,53000
a0YRg00000XJMBXMA5,36880
a0YRg00000XJQbuMAH,3250
a0YRg00000XJXWlMAP,3250
a0YRg00000XJYsbMAH,3250
a0YRg00000XJZryMAH,237000
a0YRg00000XJaBFMA1,3250
a0YRg00000XJcZdMAL,32874
a0YRg00000XPdb6MAD,37123.72
a0YRg00000XPisUMAT,6900.4
a0YRg00000XPkkhMAD,69123.94
a0YRg00000XPmEXMA1,3220
a0YRg00000XPtZPMA1,101876
a0YRg00000XPtZQMA1,43900.4
a0YRg00000XPvwAMAT,210725.8
a0YRg00000XQ3P5MAL,3210
a0YRg00000XQ5HCMA1,270500
a0YRg00000XVIgqMAH,36724
a0YRg00000XVgzHMAT,34414.94
a0YRg00000XVgzIMAT,34415.06
a0YRg00000XVnj0MAD,12240
a0YRg00000XVrGMMA1,108911
a0YRg00000XVrmeMAD,839350
a0YRg00000XVv0bMAD,32550
a0YRg00000XW2JqMAL,50000
a0YRg00000XW3EHMA1,66948
a0YRg00000XW9jaMAD,3250
a0YRg00000XWHKUMA5,165900
a0YRg00000XWKrtMAH,3250
a0YRg00000XWgnVMAT,36970
a0YRg00000XWjAJMA1,3250
a0YRg00000XbQi9MAF,399202.44
a0YRg00000XbVReMAN,29335
a0YRg00000XbVzWMAV,3250
a0YRg00000XbWh5MAF,37000
a0YRg00000XbXDKMA3,29802.46
a0YRg00000XbXq1MAF,3250
a0YRg00000XbXurMAF,3250
a0YRg00000XbYCbMAN,3250
a0YRg00000XbYEDMA3,1168012.73
a0YRg00000XbYJ4MAN,31051
a0YRg00000XbYfdMAF,29115.9
a0YRg00000XbYhFMAV,28972
a0YRg00000Xe4A2MAJ,37000
a0YRg00000Xe8DbMAJ,155900
a0YRg00000XeDpxMAF,32550
a0YRg00000XeMOfMAN,100000
a0YRg00000XeMWlMAN,37000
a0YRg00000XePuMMAV,3250
a0YRg00000XjzxBMAR,3185.42
a0YRg00000Xk0bcMAB,86112.5
a0YRg00000Xk1R7MAJ,546970
a0YRg00000Xk1nnMAB,208618.8
a0YRg00000Xk1noMAB,7806.28
a0YRg00000XkA6IMAV,151700
a0YRg00000XkA6JMAV,144374.08
a0YRg00000XkA6KMAV,151712.97
a0YRg00000XqNGsMAN,27900.22
a0YRg00000XqTB0MAN,33637.42
a0YRg00000XqTB1MAN,8134.48
a0YRg00000XqTKgMAN,30421.1
a0YRg00000XqUFBMA3,155900
a0YRg00000XqUNEMA3,3250
a0YRg00000XqVfpMAF,26186.56
a0YRg00000XqVfqMAF,2000
a0YRg00000XqWlZMAV,27734
a0YRg00000XqX3JMAV,27982
a0YRg00000Xwf1RMAR,85000
a0YRg00000Xwgv8MAB,283600
a0YRg00000Xwh4qMAB,37150
a0YRg00000Xwh84MAB,28522.94
a0YRg00000Xwh85MAB,28522.94
a0YRg00000Xwh86MAB,9797.32
a0YRg00000Xwh87MAB,57046.8
a0YRg00000XwoSrMAJ,3250
a0YRg00000Xwoe9MAB,31093
a0YRg00000XwpOwMAJ,60195.88
a0YRg00000Xwpf4MAB,27495.9
a0YRg00000Xwpf5MAB,27495.9
a0YRg00000Xwpf6MAB,27495.9
a0YRg00000Xwpf7MAB,27495.9
a0YRg00000Xwpf8MAB,82481.4
a0YRg00000XwrNZMAZ,784380.85
a0YRg00000Y33PFMAZ,28250.66
a0YRg00000Y33PGMAZ,28250.66
a0YRg00000Y33PHMAZ,28250.66
a0YRg00000Y33PIMAZ,28248.02
a0YRg00000Y3PzGMAV,37000
a0YRg00000Y3Sp3MAF,162200
a0YRg00000Y3UcIMAV,3250
a0YRg00000Y3XBxMAN,3250
a0YRg00000Y3YzFMAV,205000
a0YRg00000Y3pSMMAZ,145792.28
a0YRg00000Y3uOkMAJ,62814.28
a0YRg00000Y3wFFMAZ,84726
a0YRg00000Y49CRMAZ,41384.28
a0YRg00000Y4AgPMAV,60253.92
a0YRg00000Y4AzjMAF,39726.32
a0YRg00000Y4BXZMA3,54550
a0YRg00000Y4BfeMAF,44987
a0YRg00000Y4BnhMAF,44987
a0YRg00000Y4FePMAV,112677
a0YRg00000Y9CfuMAF,94655.8
a0YRg00000Y9DH0MAN,40940.32
a0YRg00000Y9H7iMAF,68182.8
a0YRg00000Y9MfGMAV,48023.12
a0YRg00000YCfVIMA1,84994.98
a0YRg00000YCtDLMA1,20650
a0YRg00000YCwRKMA1,479086.17
a0YRg00000YCyRYMA1,3250
a0YRg00000YCycoMAD,142834
a0YRg00000YCysrMAD,80000
a0YRg00000YCzXBMA1,1047630
a0YRg00000YCzybMAD,70866
a0YRg00000YD3z3MAD,38850.48
a0YRg00000YD3z4MAD,178502.4
a0YRg00000YD3z5MAD,178502.4
a0YRg00000YD4DVMA1,37000
a0YRg00000YD4NEMA1,3250
a0YRg00000YD9WbMAL,50000
a0YRg00000YDDoiMAH,29402.76
a0YRg00000YJIXBMA5,72810
a0YRg00000YJVKfMAP,99590.13
a0YRg00000YJaFZMA1,101137.8
a0YRg00000YJaFaMAL,9140.26
a0YRg00000YKD5bMAH,99167.8
a0YRg00000YKD5cMAH,97039.5
a0YRg00000YPVUsMAP,39970
a0YRg00000YPWkJMAX,346316
a0YRg00000YPdLxMAL,44703.08
a0YRg00000YPeI1MAL,44728
a0YRg00000YPeY9MAL,29060
a0YRg00000YPu0GMAT,
a0YRg00000YVwiWMAT,107448.7
a0YRg00000YVyp8MAD,29235.07
a0YRg00000YW2ccMAD,103882.7
a0YRg00000YW2cdMAD,43882.7
a0YRg00000YcF90MAF,184299.02
a0YRg00000YcNmQMAV,82953.04
a0YRg00000YcOTzMAN,338184.8
a0YRg00000YcPGLMA3,66462
a0YRg00000YcPUrMAN,29987
a0YRg00000YcQKVMA3,37000
a0YRg00000Yhu1lMAB,50000
a0YRg00000YhvyjMAB,283600
a0YRg00000YhwMvMAJ,31000
a0YRg00000YkTcxMAF,34375.22
a0YRg00000Ykao8MAB,26835
a0YRg00000YkcDDMAZ,3250
a0YRg00000YkdFhMAJ,64856.62
a0YRg00000YkfChMAJ,66858.34
a0YRg00000Ykg0iMAB,144150
a0YRg00000Ykg2IMAR,106675.8
a0YRg00000YkhsnMAB,112182.8
a0YRg00000YrSfLMAV,399202.44
a0YRg00000YrUIwMAN,92548.2
a0YRg00000YrVTXMA3,55000
a0YRg00000YrWJCMA3,30875.76
a0YRg00000YrWJDMA3,30875.76
a0YRg00000YrWJEMA3,30875.76
a0YRg00000YrWJFMA3,30875.76
a0YRg00000YrWJGMA3,30875.76
a0YRg00000YrWJHMA3,29150.76
a0YRg00000Yrd68MAB,88195.2
a0YRg00000YrdHQMAZ,36934.19
a0YRg00000YrjWUMAZ,46393.12
a0YRg00000YrjmcMAB,2489000
a0YRg00000YrmB1MAJ,29652.58
a0YRg00000YrnJxMAJ,85831
a0YRg00000YrqrKMAR,29652.38
a0YRg00000YrrVdMAJ,27651
a0YRg00000Ys58nMAB,3250
a0YRg00000YyswRMAR,3150
a0YRg00000Yz0ScMAJ,34336.92
a0YRg00000Yz3tWMAR,25000
a0YRg00000Yz4cbMAB,99145.2
a0YRg00000Yz5LlMAJ,92391
a0YRg00000Yz63KMAR,133736.28
a0YRg00000Yz7ozMAB,133736.28
a0YRg00000Yz857MAB,133736.28
a0YRg00000Yz8I1MAJ,133736.28
a0YRg00000YzML4MAN,17400
a0YRg00000Yzgd7MAB,18500
a0YRg00000Z67U7MAJ,202848.2
a0YRg00000Z6DmQMAV,331376.1
a0YRg00000Z6DmRMAV,105623.9
a0YRg00000Z6YvjMAF,99321
a0YRg00000Z6rgfMAB,23333.5
a0YRg00000Z6rggMAB,166.5
a0YRg00000Z8SEJMA3,3250
a0YRg00000Z8SEKMA3,37000
a0YRg00000ZD9SkMAL,31465
a0YRg00000ZDCC8MAP,138175
a0YRg00000ZDEc7MAH,85754.1
a0YRg00000ZDGikMAH,46824
a0YRg00000ZDI4cMAH,22744.6
a0YRg00000ZDbldMAD,55000
a0YRg00000ZDdyiMAD,45000
a0YRg00000ZDh9RMAT,55000
a0YRg00000ZDoqyMAD,92000
a0YRg00000ZK7KZMA1,98858.5
a0YRg00000ZK9z4MAD,42693.4
a0YRg00000ZKGMDMA5,36990
a0YRg00000ZKGUHMA5,109200
a0YRg00000ZKHlJMAX,102969.2
a0YRg00000ZMm3UMAT,111301.5
a0YRg00000ZMsTqMAL,107190.6
a0YRg00000ZMzIPMA1,504587.5
a0YRg00000ZMzIQMA1,167
a0YRg00000ZN57mMAD,263746.08
a0YRg00000ZN8nCMAT,67510.62
a0YRg00000ZNNChMAP,174150
a0YRg00000ZUJh0MAH,95359.5
a0YRg00000ZULUIMA5,135700.44
a0YRg00000ZUPg0MAH,33873
a0YRg00000ZUQk6MAH,33873
a0YRg00000ZUR9vMAH,182857.5
a0YRg00000ZUbcKMAT,259200
a0YRg00000ZV8RpMAL,55000
a0YRg00000ZbKrgMAF,48319
a0YRg00000ZbROWMA3,225962
a0YRg00000ZbXiQMAV,409200
a0YRg00000ZbdXhMAJ,41292.5
a0YRg00000ZbeQYMAZ,29802
a0YRg00000ZbejtMAB,32875
a0YRg00000Zbua9MAB,100769.6
a0YRg00000ZbuaAMAR,100769.6
a0YRg00000ZjO8XMAV,29652.58
a0YRg00000ZjOWiMAN,3250
a0YRg00000ZjOi0MAF,103882.7
a0YRg00000ZjQ5TMAV,92600
a0YRg00000ZjQ5UMAV,92600
a0YRg00000ZjSKAMA3,87369.6
a0YRg00000ZjTzOMAV,28660
a0YRg00000ZjWPNMA3,265610.08
a0YRg00000ZjWPOMA3,26265.12
a0YRg00000ZjWPPMA3,26265.12
a0YRg00000ZjWPQMA3,26265.12
a0YRg00000ZjWPRMA3,24558.68
a0YRg00000ZjXeoMAF,27307.98
a0YRg00000ZjXepMAF,888.03
a0YRg00000ZjXmuMAF,29834.48
a0YRg00000ZjZa9MAF,43405
a0YRg00000ZjfXVMAZ,40190
a0YRg00000ZjnRpMAJ,37000
a0YRg00000Zr1bKMAR,30456.16
a0YRg00000Zr1bLMAR,1434.57
a0YRg00000Zr3V5MAJ,967806
a0YRg00000ZrAEsMAN,8188.32
a0YRg00000ZrUv8MAF,41450
a0YRg00000ZrWjyMAF,287250
a0YRg00000ZrbbgMAB,24116400
a0YRg00000Zry1uMAB,37000
a0YRg00000Zy6XsMAJ,66948
a0YRg00000Zy7goMAB,43457.84
a0YRg00000ZyDB7MAN,22987
a0YRg00000ZyHLBMA3,91494
a0YRg00000ZyHLCMA3,264.4
a0YRg00000ZyJV3MAN,83154.01
a0YRg00000ZyLLZMA3,495925
a0YRg00000ZyM1VMAV,31465
a0YRg00000ZyMPhMAN,46824
a0YRg00000ZyOGEMA3,3250
a0YRg00000ZyOJRMA3,132000
a0YRg00000ZyOJSMA3,350
a0YRg00000a16OQMAY,28939.56
a0YRg00000a16ORMAY,28850.44
a0YRg00000a19SjMAI,489865
a0YRg00000a1AWsMAM,99091
a0YRg00000a1JaCMAU,37000
a0YRg00000a1L46MAE,37000
a0YRg00000a88gTMAQ,48459.6
a0YRg00000a8GVtMAM,135860
a0YRg00000a8IvtMAE,113274
a0YRg00000a8IvuMAE,108910.17
a0YRg00000a8OYHMA2,69133.94
a0YRg00000a8PEEMA2,29115.9
a0YRg00000a8QjlMAE,31051
a0YRg00000a8TjGMAU,6313
a0YRg00000aGD6GMAW,29802.46
a0YRg00000aGE5ZMAW,44728
a0YRg00000aGGVWMA4,43070
a0YRg00000aGKNpMAO,60800
a0YRg00000aNW49MAG,108732
a0YRg00000aNW4AMAW,108732
a0YRg00000aNcRGMA0,28972
a0YRg00000aNdqMMAS,46643
a0YRg00000aNh17MAC,103026
a0YRg00000aNmtdMAC,342603.8
a0YRg00000aNmteMAC,140191.52
a0YRg00000aNsCkMAK,37000
a0YRg00000aO84gMAC,37000
a0YRg00000aVEmkMAG,103127.5
a0YRg00000aVF68MAG,137000
a0YRg00000aVGOjMAO,27859.78
a0YRg00000aYuStMAK,253880
a0YRg00000aZA4bMAG,101876
a0YRg00000aZAvqMAG,237000
a0YRg00000abeMmMAI,6313
a0YRg00000abodxMAA,18498
a0YRg00000abqPWMAY,40785.54
a0YRg00000abra5MAA,30421
a0YRg00000ac4kHMAQ,37000
a0YRg00000acFFpMAM,37000
a0YRg00000acFyzMAE,100248.7
a0YRg00000acFz0MAE,53751.3
a0YRg00000afsMHMAY,44307.68
a0YRg00000afsxNMAQ,24813
a0YRg00000afxNbMAI,133100
a0YRg00000afxNcMAI,53900
a0YRg00000ag03iMAA,101831
a0YRg00000ag03jMAA,30.4
a0YRg00000ag0ZyMAI,179460
a0YRg00000agChgMAE,139388.32
a0YRg00000agEGNMA2,91881.1
a0YRg00000agEGOMA2,237.8
a0YRg00000agJsjMAE,91000
a0YRg00000agJskMAE,91000
a0YRg00000agJslMAE,39550
a0YRg00000agKdXMAU,276000
a0YRg00000agKdYMAU,39950
a0YRg00000agL1jMAE,30159.02
a0YRg00000agMHAMA2,26186.56
a0YRg00000agMHBMA2,4000
a0YRg00000agTouMAE,331376.1
a0YRg00000agVM2MAM,67510.62
a0YRg00000ajlu5MAA,29235.07
a0YRg00000ajmVBMAY,101140
a0YRg00000ajnO2MAI,139404.5
a0YRg00000ajnO3MAI,139404.5
a0YRg00000ajuFsMAI,19918
a0YRg00000an5xuMAA,90613.5
a0YRg00000an5xvMAA,90613.5
a0YRg00000an5xwMAA,37102.65
a0YRg00000an7BlMAI,103655.6
a0YRg00000anAHfMAM,27685.28
a0YRg00000anAHgMAM,27733.68
a0YRg00000anAHhMAM,27733.68
a0YRg00000anAHiMAM,27733.68
a0YRg00000anAHjMAM,27733.68
a0YRg00000anE1tMAE,846000
a0YRg00000and3XMAQ,37000
a0YRg00000anlkDMAQ,498452.5
a0YRg00000anlkEMAQ,22968.1
a0YRg00000anlkFMAQ,105.4
a0YRg00000anninMAA,27982
a0YRg00000annioMAA,27982
a0YRg00000annipMAA,27982
a0YRg00000anniqMAA,27982
a0YRg00000anoqDMAQ,35456.24
a0YRg00000anpO2MAI,44337.68
a0YRg00000anpeDMAQ,30456.16
a0YRg00000anpeEMAQ,1434.57
a0YRg00000aqY0sMAE,480000
a0YRg00000aqcnfMAA,22350
a0YRg00000aqdS0MAI,553000
a0YRg00000aqeKoMAI,25270
a0YRg00000aqmF9MAI,83970
a0YRg00000asq3KMAQ,101137.8
a0YRg00000asq3LMAQ,5913.24
a0YRg00000at1GTMAY,85000
a0YRg00000at1YDMAY,93141.6
a0YRg00000at1htMAA,31093
a0YRg00000at1unMAA,29060
a0YRg00000at2cMMAQ,29402.76
a0YRg00000at5iHMAQ,102969.2
a0YRg00000at5iIMAQ,500.8
a0YRg00000at6KzMAI,29987
a0YRg00000at8wHMAQ,135100
a0YRg00000at8wIMAQ,135100
a0YRg00000at8wJMAQ,10
a0YRg00000b4jm3MAA,3250
a0YRg00000b4krnMAA,87667
a0YRg00000b4nckMAA,27900.22
a0YRg00000b4oH5MAI,55000
a0YRg00000b4qcDMAQ,280800
a0YRg00000b4rwVMAQ,86624.2
a0YRg00000b4zytMAA,110400
a0YRg00000b4zyuMAA,47310
a0YRg00000b4zyvMAA,390
a0YRg00000b9J2wMAE,207776.32
a0YRg00000bDHDpMAO,194569.86
a0YRg00000bHgOvMAK,98858.5
a0YRg00000bHgX1MAK,29262
a0YRg00000bHoXmMAK,14901.23
a0YRg00000bHoXnMAK,14900.77
a0YRg00000bKdMZMA0,58230
a0YRg00000bKdMaMAK,74000
a0YRg00000bKyqkMAC,3030
a0YRg00000bLEqgMAG,199600
a0YRg00000bPRffMAG,342603.8
a0YRg00000bPblTMAS,27307.98
a0YRg00000bPblUMAS,940.05
a0YRg00000bPf98MAC,28972
a0YRg00000bQaCFMA0,37000
a0YRg00000bUmy0MAC,45673.2
a0YRg00000bUs46MAC,82953.6
a0YRg00000bVHIeMAO,2103006
a0YRg00000ba11yMAA,26265.12
a0YRg00000ba11zMAA,24559.16
a0YRg00000baVEXMA2,2194500
a0YRg00000baVT0MAM,92020
a0YRg00000baeXvMAI,101131.8
a0YRg00000bajZKMAY,89907.8
a0YRg00000bamopMAA,40001.86
a0YRg00000bap5DMAQ,97029.1
a0YRg00000bap5EMAQ,5320.2
a0YRg00000bexGzMAI,92124.65
a0YRg00000bfJO0MAM,28660
a0YRg00000bfNL7MAM,30159.02
a0YRg00000bfSvtMAE,45673.2
a0YRg00000bj4IIMAY,37000
a0YRg00000bj6VOMAY,178200
a0YRg00000bj82YMAQ,74430
a0YRg00000bj8IiMAI,45673.2
a0YRg00000bjAkHMAU,88910
a0YRg00000bjAkIMAU,88910
a0YRg00000bjFdVMAU,174303.5
a0YRg00000bjFnDMAU,37000
a0YRg00000bjH4FMAU,256145.1
a0YRg00000bmJr6MAE,218590.85
a0YRg00000bmSWAMA2,174150
a0YRg00000bmX1EMAU,36631.5
a0YRg00000bs1MtMAI,32874
a0YRg00000by7MJMAY,45673.2
a0YRg00000by9RJMAY,2091500
a0YRg00000byIZRMA2,46824
a0YRg00000byJAXMA2,31465
a0YRg00000byKplMAE,29652.58
a0YRg00000byMJiMAM,45199.4
a0YRg00000c32FXMAY,184260
a0YRg00000c33edMAA,29115.9
a0YRg00000c39SIMAY,80199.4
a0YRg00000c3CErMAM,31000
a0YRg00000c3CEsMAM,31000
a0YRg00000c8TRxMAM,105081.2
a0YRg00000cDUvFMAW,27651
a0YRg00000cDWSPMA4,27000
a0YRg00000cGwN9MAK,47523.62
a0YRg00000cGwNAMA0,47523.62
a0YRg00000cGwNBMA0,81185.36
a0YRg00000cHLi5MAG,22631.51
a0YRg00000cHLi6MAG,22631.51
a0YRg00000cHLi7MAG,22631.51
a0YRg00000cHLi8MAG,22631.51
a0YRg00000cHLi9MAG,22631.51
a0YRg00000cHLiAMAW,22631.51
a0YRg00000cHLiBMAW,20069.3
a0YRg00000cHS0WMAW,212630.7
a0YRg00000cHS0XMAW,212630.7
a0YRg00000cHS0YMAW,45676.14
a0YRg00000cHS0ZMAW,62.46
a0YRg00000cHV37MAG,20000
a0YRg00000cHZA0MAO,100248.7
a0YRg00000cHZA1MAO,23502.6
a0YRg00000cHhQrMAK,29100
a0YRg00000cL5gLMAS,45790
a0YRg00000cL7F7MAK,50000
a0YRg00000cL9GvMAK,26186.56
a0YRg00000cPD5pMAG,81391.9
a0YRg00000cPD5qMAG,1517.54
a0YRg00000cPIrwMAG,106137.8
a0YRg00000cPMQwMAO,88461
a0YRg00000cPNI7MAO,106600
a0YRg00000cPSeQMAW,585398
a0YRg00000cPVvdMAG,118189
a0YRg00000cPZBFMA4,27900.22
a0YRg00000cPbcnMAC,97039.5
a0YRg00000cPbcoMAC,2050.5
a0YRg00000cPf5MMAS,29491.46
a0YRg00000cRrK7MAK,107448.7
a0YRg00000cRtKJMA0,29402.76
a0YRg00000cRwwTMAS,91279.3
a0YRg00000cTYjZMAW,224308.4
a0YRg00000cW5zaMAC,67510.62
a0YRg00000cZ8CvMAK,3250
a0YRg00000cZBFgMAO,27982.32
a0YRg00000cZMUPMA4,3242.76
a0YRg00000cZNn4MAG,27733.68
a0YRg00000cd2IeMAI,210725.8
a0YRg00000cd6cLMAQ,84995
a0YRg00000cd6cMMAQ,81056.17
a0YRg00000cdCbLMAU,20000
a0YRg00000cdDp7MAE,100000
a0YRg00000cdFniMAE,26343.68
a0YRg00000cdFnjMAE,26343.68
a0YRg00000cdFnkMAE,26343.68
a0YRg00000cdFnlMAE,26343.68
a0YRg00000cdFnmMAE,26343.68
a0YRg00000cdFnnMAE,6356.99
a0YRg00000cdJcqMAE,31093
a0YRg00000cdKvTMAU,34415
a0YRg00000cdPjrMAE,32550
a0YRg00000cdSZfMAM,270500
a0YRg00000cdSrNMAU,37000
a0YRg00000cdY7BMAU,1186250
a0YRg00000cdYyPMAU,2372500
a0YRg00000cgdyOMAQ,29060
a0YRg00000cgil8MAA,40000
a0YRg00000cgkqDMAQ,30456.16
a0YRg00000cgkqEMAQ,1434.57
a0YRg00000cgoKIMAY,91658
a0YRg00000cgrGXMAY,97770
a0YRg00000cgrGYMAY,36930
a0YRg00000cgsxPMAQ,136396.82
a0YRg00000cgtGjMAI,140770
a0YRg00000clwcBMAQ,32428.31
a0YRg00000clzuzMAA,41244
a0YRg00000cm0hNMAQ,28972.48
a0YRg00000cm1NLMAY,153600
a0YRg00000cm1NMMAY,153600
a0YRg00000cm1NNMAY,36984.25
a0YRg00000cmECTMA2,18250
a0YRg00000cqSSAMA2,560229.24
a0YRg00000cqfkOMAQ,150100
a0YRg00000cqtDpMAI,139700
a0YRg00000csawhMAA,480000
a0YRg00000csawiMAA,96000
a0YRg00000cu4cXMAQ,99321
a0YRg00000cuC0bMAE,41244
a0YRg00000cuC0cMAE,95235
a0YRg00000cuC0dMAE,95235
a0YRg00000cuJS1MAM,155000
a0YRg00000cuLqJMAU,105000
a0YRg00000cuVGAMA2,37000
a0YRg00000cuVWLMA2,37000
a0YRg00000cuX9tMAE,155900
a0YRg00000cuk5YMAQ,87000
a0YRg00000cup5DMAQ,144540
a0YRg00000cuuMdMAI,137000
a0YRg00000d0o83MAA,29262
a0YRg00000d0onxMAA,2431012.73
a0YRg00000d0p7JMAQ,2524000
a0YRg00000d0p7KMAQ,2012.73
a0YRg00000d0q50MAA,68975.26
a0YRg00000d0sI5MAI,101831
a0YRg00000d0sI6MAI,266.4
a0YRg00000d0tdxMAA,206787
a0YRg00000d5JgPMAU,32938.4
a0YRg00000d5JgQMAU,32938.4
a0YRg00000d5JgRMAU,32938.4
a0YRg00000d5JgSMAU,32938.4
a0YRg00000d5JgTMAU,34659.75
a0YRg00000d5ppqMAA,93634
a0YRg00000d5pprMAA,457.2
a0YRg00000d5rWjMAI,27859.78
a0YRg00000d5uZPMAY,32938.4
a0YRg00000d5uZQMAY,32938.4
a0YRg00000d5uZRMAY,32938.4
a0YRg00000d5uZSMAY,32938.4
a0YRg00000d5uZTMAY,30244.35
a0YRg00000d5xlnMAA,3250
a0YRg00000d5yxzMAA,140070
a0YRg00000d62v8MAA,85400
a0YRg00000d6FUCMA2,935730
a0YRg00000d6VvYMAU,29802
a0YRg00000dC4xWMAS,47207.24
a0YRg00000dCD7vMAG,3250
a0YRg00000dCDmFMAW,40603.6
a0YRg00000dCDmGMAW,602.82
a0YRg00000dCHxtMAG,26835
a0YRg00000dCHxuMAG,157689.16
a0YRg00000dCIPMMA4,24500
a0YRg00000dCMHdMAO,94414.48
a0YRg00000dCNdWMAW,176479.5
a0YRg00000dCOo6MAG,68000
a0YRg00000dHhyBMAS,4334500
a0YRg00000dHrBGMA0,30159.02
a0YRg00000dHtHnMAK,240000
a0YRg00000dHvrSMAS,17000
a0YRg00000dI1yVMAS,26835
a0YRg00000dI23MMAS,26835
a0YRg00000dNUYQMA4,45500
a0YRg00000dNafSMAS,34500
a0YRg00000dNeCnMAK,152012.73
a0YRg00000dNhVdMAK,28659.96
a0YRg00000dNhVeMAK,28659.96
a0YRg00000dNhVfMAK,28659.96
a0YRg00000dNhVgMAK,28659.96
a0YRg00000dNhVhMAK,28630.16
a0YRg00000dQxR1MAK,161000
a0YRg00000dQxu6MAC,50000
a0YRg00000dQy27MAC,30875.76
a0YRg00000dQy28MAC,30875.76
a0YRg00000dQy29MAC,30875.76
a0YRg00000dQy2AMAS,30875.76
a0YRg00000dQy2BMAS,17967.72
a0YRg00000dQzPaMAK,161000
a0YRg00000dQzZFMA0,157301.1
a0YRg00000dQzZGMA0,31408.74
a0YRg00000dRV2yMAG,38998.9
a0YRg00000dRgj8MAC,194800
a0YRg00000dRgxcMAC,275200
a0YRg00000dWIrPMAW,21676.51
a0YRg00000dWM0aMAG,1962736
a0YRg00000dWNpUMAW,91350
a0YRg00000dWNpVMAW,43815.06
a0YRg00000dWdCfMAK,153100
a0YRg00000dWdCgMAK,153100
a0YRg00000dWeS8MAK,87626.82
a0YRg00000dWl0YMAS,178897.8
a0YRg00000dWljhMAC,106675.8
a0YRg00000dWztDMAS,14261
a0YRg00000dX7QtMAK,495000
a0YRg00000dXRxSMAW,68682.8
a0YRg00000dbtvBMAQ,12935
a0YRg00000dc19YMAQ,182857
a0YRg00000dc2IVMAY,128750
a0YRg00000dc3RTMAY,13653.99
a0YRg00000dc3RUMAY,966.06
a0YRg00000dcDYzMAM,2039400
a0YRg00000dcRWzMAM,1045925
a0YRg00000dcZfsMAE,75734.29
a0YRg00000dhDJkMAM,2037910
a0YRg00000dhS5rMAE,90180.3
a0YRg00000dhS5sMAE,88871.27
a0YRg00000dhSQpMAM,265200
a0YRg00000dhTZnMAM,103882.7
a0YRg00000dhTt7MAE,27650.98
a0YRg00000dhTt8MAE,27650.98
a0YRg00000dhTt9MAE,27650.98
a0YRg00000dhTtAMAU,27650.98
a0YRg00000dhTtBMAU,27650.98
a0YRg00000dhTtCMAU,27650.98
a0YRg00000dhTtDMAU,27650.98
a0YRg00000dhTtEMAU,41472.16
a0YRg00000dhUkLMAU,27950
a0YRg00000dhZ0uMAE,134000
a0YRg00000dhaTDMAY,110490
a0YRg00000dhdioMAA,237600
a0YRg00000dheq9MAA,131400
a0YRg00000dhq8AMAQ,970730
a0YRg00000di5WzMAI,97029.1
a0YRg00000di5X0MAI,41961.64
a0YRg00000di5X1MAI,21942.28
a0YRg00000di6JNMAY,88117.99
a0YRg00000diHjSMAU,60000
a0YRg00000diHjTMAU,60000
a0YRg00000diHjUMAU,60000
a0YRg00000diHjVMAU,60000
a0YRg00000diHjWMAU,19070
a0YRg00000dmKPPMA2,180395.37
a0YRg00000dt4B1MAI,4475500
a0YRg00000dt6G2MAI,88724.96
a0YRg00000dt9LyMAI,38203.79
a0YRg00000dw0R0MAI,33637.42
a0YRg00000dw0R1MAI,33637.42
a0YRg00000dw0R2MAI,5799.64
a0YRg00000dywViMAI,302012.73
a0YRg00000dz46jMAA,92200
a0YRg00000dz6utMAA,36800
a0YRg00000dzCAfMAM,29146.32
a0YRg00000dzCAgMAM,29146.32
a0YRg00000dzCAhMAM,29146.32
a0YRg00000dzCAiMAM,116585.28
a0YRg00000dzCAjMAM,29146.32
a0YRg00000dzCAkMAM,58293.18
a0YRg00000dzDbNMAU,31185.82
a0YRg00000dzDbOMAU,31185.82
a0YRg00000dzDbPMAU,31185.82
a0YRg00000dzDbQMAU,31185.82
a0YRg00000dzDbRMAU,22831.47
a0YRg00000dzEe2MAE,92394.13
a0YRg00000dzGzFMAU,106600
a0YRg00000dzPHcMAM,503364.24
a0YRg00000dzPkcMAE,708849.29
a0YRg00000dzQ8nMAE,2070575.43
a0YRg00000dzREYMA2,81690
a0YRg00000dzREZMA2,160
a0YRg00000dzYcbMAE,214664.6
a0YRg00000dzYccMAE,11515.2
a0YRg00000e2vrBMAQ,65177.7
a0YRg00000e2vrCMAQ,65177.7
a0YRg00000e2vrDMAQ,65177.7
a0YRg00000e2vrEMAQ,65177.7
a0YRg00000e2vrFMAQ,65177.7
a0YRg00000e2vrGMAQ,65177.7
a0YRg00000e2wNSMAY,95979
a0YRg00000e2ynSMAQ,84992.8
a0YRg00000e31jjMAA,30421.1
a0YRg00000e31jkMAA,30421.1
a0YRg00000e31jlMAA,30421.1
a0YRg00000e31jmMAA,30421.1
a0YRg00000e31jnMAA,30420.6
a0YRg00000e33P0MAI,31050.42
a0YRg00000e33P1MAI,31039.58
a0YRg00000e34RVMAY,261000
a0YRg00000e3Oy7MAE,78166.82
a0YRg00000e3YULMA2,55000
a0YRg00000e6p43MAA,205726.92
a0YRg00000e6p44MAA,28939.56
a0YRg00000e6p45MAA,28939.56
a0YRg00000e6p46MAA,28939.56
a0YRg00000e6p47MAA,28939.56
a0YRg00000e6p48MAA,28939.56
a0YRg00000e6p49MAA,15775.74
a0YRg00000e6vatMAA,133736.28
a0YRg00000e72nhMAA,102969.2
a0YRg00000e72niMAA,501.6
a0YRg00000e7biAMAQ,150000
a0YRg00000eAdlrMAC,70230
a0YRg00000eAfNqMAK,137048.52
a0YRg00000eB1kyMAC,179344.5
a0YRg00000eBA6jMAG,167700
a0YRg00000eBBZ5MAO,13114499.96
a0YRg00000eEZznMAG,39690
a0YRg00000eEZzoMAG,47538.24
a0YRg00000eEZzpMAG,39745.87
a0YRg00000eEacTMAS,14701.38
a0YRg00000eEeHtMAK,83394.19
a0YRg00000eEhpFMAS,531863.81
a0YRg00000eEierMAC,225992
a0YRg00000eEiesMAC,112996
a0YRg00000eHEZ0MAO,33352
a0YRg00000eHGyzMAG,425827.5
a0YRg00000eHIhUMAW,86591.4
a0YRg00000eHhPiMAK,7300
a0YRg00000eKzczMAC,84919.04
a0YRg00000eKzmgMAC,210050.8
a0YRg00000eL1dCMAS,90940
a0YRg00000eL1dDMAS,39505.99
a0YRg00000eL2auMAC,85000
a0YRg00000eL9PRMA0,105669.3
a0YRg00000eLB6MMAW,147100
a0YRg00000eOvm8MAC,102971.6
a0YRg00000eP2HKMA0,32972.8
a0YRg00000eP2HLMA0,3893.8
a0YRg00000eP3rlMAC,89557
a0YRg00000eP5TiMAK,88695.8
a0YRg00000eP7QfMAK,115467.52
a0YRg00000eP7QgMAK,80226.8
a0YRg00000eP7QhMAK,80226.8
a0YRg00000eP7QiMAK,1765.78
a0YRg00000eP7VZMA0,87597.2
a0YRg00000ePAJhMAO,88448
a0YRg00000ePIluMAG,100000
a0YRg00000ePQmfMAG,34923
a0YRg00000ePQmgMAG,79432.5
a0YRg00000ePQmhMAG,79432.5
a0YRg00000ePQmiMAG,79432.5
a0YRg00000ePQmjMAG,79432.5
a0YRg00000ePQmkMAG,527.15
a0YRg00000ePRVrMAO,111301.5
a0YRg00000ePUFBMA4,60000
a0YRg00000ePUezMAG,93141.6
a0YRg00000ePVnxMAG,82610
a0YRg00000ePb8jMAC,136900
a0YRg00000ePo4DMAS,71570
a0YRg00000eSt2aMAC,346316
a0YRg00000eSwDOMA0,98858.5
a0YRg00000eSzkhMAC,97018.4
a0YRg00000eSzkiMAC,81.6
a0YRg00000eT9SNMA0,28939.56
a0YRg00000eT9SOMA0,28939.56
a0YRg00000eT9SPMA0,6846.62
a0YRg00000eTCQDMA4,32428.31
a0YRg00000eTERxMAO,102044.8
a0YRg00000eWnY3MAK,85797
a0YRg00000eWpV1MAK,82904.13
a0YRg00000eWuzQMAS,86238.73
a0YRg00000eX9omMAC,42259
a0YRg00000eXB2XMAW,217464
a0YRg00000eaMCgMAM,86248.73
a0YRg00000eaMChMAM,40910
a0YRg00000eaNAMMA2,106111.8
a0YRg00000eaNANMA2,76.4
a0YRg00000eaTMDMA2,102970
a0YRg00000eaTcLMAU,94400
a0YRg00000eaTcMMAU,118.73
a0YRg00000eaTcNMAU,94400
a0YRg00000eaU8bMAE,42258
a0YRg00000eaU8cMAE,97770
a0YRg00000eaZMnMAM,279389.16
a0YRg00000ed4O7MAI,30299.64
a0YRg00000ed8WXMAY,27634.68
a0YRg00000edARtMAM,86652.56
a0YRg00000edARuMAM,387210
a0YRg00000edARvMAM,208756.4
a0YRg00000edARwMAM,533.6
a0YRg00000edBKjMAM,100769.6
a0YRg00000edBKkMAM,2230.4
a0YRg00000edCAMMA2,148760.08
a0YRg00000edCANMA2,103384.44
a0YRg00000edIPWMA2,169320
a0YRg00000edO1rMAE,55000
a0YRg00000egh4kMAA,26835
a0YRg00000egzRTMAY,91613.12
a0YRg00000eh0H3MAI,80940
a0YRg00000eh3LOMAY,30853.39
a0YRg00000eh3LPMAY,12152.19
a0YRg00000eh4kWMAQ,573114.2
a0YRg00000eh4kXMAQ,19150.34
a0YRg00000eh7NXMAY,99234
a0YRg00000ehBxTMAU,95360
a0YRg00000ehC3mMAE,157165.4
a0YRg00000ehDmCMAU,167700
a0YRg00000ehUBzMAM,3397160
a0YRg00000elK97MAE,111301.5
a0YRg00000elKlqMAE,363924.22
a0YRg00000elNWoMAM,452012.73
a0YRg00000elTFfMAM,54809.49
a0YRg00000epRGtMAM,153438.24
a0YRg00000epRGuMAM,75661.76
a0YRg00000epYqKMAU,16084
a0YRg00000epYzvMAE,305000
a0YRg00000epbxrMAA,64407.12
a0YRg00000epbxsMAA,64407.12
a0YRg00000epbxtMAA,64407.12
a0YRg00000epbxuMAA,6778.64
a0YRg00000epmbRMAQ,208618.8
a0YRg00000epmbSMAQ,22787.48
a0YRg00000epwarMAA,34384
a0YRg00000eq2oHMAQ,49616.88
a0YRg00000eq5vrMAA,374813
a0YRg00000etOQsMAM,181279.4
a0YRg00000etOQtMAM,22158.84
a0YRg00000etP3ZMAU,181279.4
a0YRg00000etP3aMAE,148465.44
a0YRg00000etPI7MAM,29262
a0YRg00000etTTlMAM,342603.8
a0YRg00000etVgrMAE,67510.62
a0YRg00000etVgsMAE,67510.62
a0YRg00000etVgtMAE,67510.62
a0YRg00000etg4WMAQ,55000
a0YRg00000etppGMAQ,48584.8
a0YRg00000etqlJMAQ,66335.8
a0YRg00000eworqMAA,33738.02
a0YRg00000eworrMAA,33738.02
a0YRg00000eworsMAA,33738.02
a0YRg00000ewortMAA,31779.44
a0YRg00000ewssFMAQ,978000
a0YRg00000ewsyfMAA,14667
a0YRg00000ewtEnMAI,99400
a0YRg00000ewtjRMAQ,89907.8
a0YRg00000ewudtMAA,339277.5
a0YRg00000ewx3tMAA,92020
a0YRg00000ezMUSMA2,91809.49
a0YRg00000ezSDGMA2,323513.52
a0YRg00000ezSuqMAE,81816
a0YRg00000ezTEAMA2,38750
a0YRg00000ezZQ1MAM,81749.2
a0YRg00000f36J2MAI,1186250
a0YRg00000f3AZXMA2,37000
a0YRg00000f3EbWMAU,323584.82
a0YRg00000f3EbXMAU,163328.7
a0YRg00000f3LQ6MAM,463153.94
a0YRg00000f3NDQMA2,20215
a0YRg00000f3NjgMAE,37000
a0YRg00000f3O1SMAU,85431
a0YRg00000f3O1TMAU,200
a0YRg00000f3OnmMAE,74771.12
a0YRg00000f3OnnMAE,6474.68
a0YRg00000f3doQMAQ,95300
a0YRg00000f3doRMAQ,95300
a0YRg00000f3doSMAQ,28800
a0YRg00000f3hSGMAY,221238.22
a0YRg00000f7EUsMAM,198593.4
a0YRg00000f80cpMAA,3910
a0YRg00000f80wCMAQ,90820
a0YRg00000fB020MAC,20720
a0YRg00000fB021MAC,20720
a0YRg00000fB022MAC,20720
a0YRg00000fB023MAC,20720
a0YRg00000fB024MAC,20720
a0YRg00000fB025MAC,20720
a0YRg00000fB026MAC,30595.31
a0YRg00000fB5cgMAC,102970
a0YRg00000fB6tjMAC,13653.99
a0YRg00000fB6tkMAC,992.07
a0YRg00000fB9unMAC,25870
a0YRg00000fBH4LMAW,97029.1
a0YRg00000fBH4MMAW,260.89
a0YRg00000fBJseMAG,141626.3
a0YRg00000fBJsfMAG,28325.26
a0YRg00000fBJsgMAG,28325.26
a0YRg00000fBJshMAG,28325.26
a0YRg00000fBJsiMAG,28325.26
a0YRg00000fBJsjMAG,28325.26
a0YRg00000fBJskMAG,28325.26
a0YRg00000fBJslMAG,28325.26
a0YRg00000fBJsmMAG,27519.1
a0YRg00000fBQduMAG,141626.3
a0YRg00000fBQdvMAG,50422.22
a0YRg00000fBQpBMAW,23440
a0YRg00000fBQpCMAW,23440
a0YRg00000fBQpDMAW,23440
a0YRg00000fBQpEMAW,23440
a0YRg00000fBQpFMAW,23440
a0YRg00000fBQpGMAW,23440
a0YRg00000fBQpHMAW,30595.31
a0YRg00000fBTSDMA4,1004394
a0YRg00000fBdjMMAS,50000
a0YRg00000fBfOXMA0,22180
a0YRg00000fBfOYMA0,22180
a0YRg00000fBfOZMA0,22180
a0YRg00000fBfOaMAK,22180
a0YRg00000fBfObMAK,22180
a0YRg00000fBfOcMAK,22180
a0YRg00000fBfOdMAK,30595.31
a0YRg00000fBhLNMA0,45940
a0YRg00000fBhLOMA0,45940
a0YRg00000fBhLPMA0,45940
a0YRg00000fBhLQMA0,45940
a0YRg00000fBhLRMA0,45940
a0YRg00000fBhLSMA0,45940
a0YRg00000fBhLTMA0,30595.31
a0YRg00000fEd9zMAC,275393.67
a0YRg00000fEsvNMAS,10000
a0YRg00000fExdJMAS,14261
a0YRg00000fEzIXMA0,103026
a0YRg00000fEzKAMA0,85000
a0YRg00000fF04wMAC,107448.7
a0YRg00000fF20LMAS,19720
a0YRg00000fF20MMAS,19720
a0YRg00000fF20NMAS,19720
a0YRg00000fF20OMAS,19720
a0YRg00000fF20PMAS,19720
a0YRg00000fF20QMAS,19720
a0YRg00000fF20RMAS,30595.31
a0YRg00000fF4OkMAK,19480
a0YRg00000fF4OlMAK,19480
a0YRg00000fF4OmMAK,19480
a0YRg00000fF4OnMAK,19480
a0YRg00000fF4OoMAK,19480
a0YRg00000fF4OpMAK,19480
a0YRg00000fF4OqMAK,30595.31
a0YRg00000fF6WyMAK,37000
a0YRg00000fFCNqMAO,47140
a0YRg00000fFCNrMAO,47140
a0YRg00000fFCNsMAO,47140
a0YRg00000fFCNtMAO,47140
a0YRg00000fFCNuMAO,47140
a0YRg00000fFCNvMAO,47140
a0YRg00000fFCNwMAO,30595.31
a0YRg00000fFECkMAO,20200
a0YRg00000fFEClMAO,20200
a0YRg00000fFECmMAO,20200
a0YRg00000fFECnMAO,20200
a0YRg00000fFECoMAO,20200
a0YRg00000fFECpMAO,20200
a0YRg00000fFECqMAO,30595.31
a0YRg00000fFJE1MAO,120000
a0YRg00000fFJE2MAO,150000
a0YRg00000fFSpHMAW,23980
a0YRg00000fFSpIMAW,23980
a0YRg00000fFSpJMAW,23980
a0YRg00000fFSpKMAW,23980
a0YRg00000fFSpLMAW,23980
a0YRg00000fFSpMMAW,23980
a0YRg00000fFSpNMAW,30595.31
a0YRg00000fFVjxMAG,132000
a0YRg00000fFYbIMAW,18720
a0YRg00000fFYbJMAW,18720
a0YRg00000fFYbKMAW,18720
a0YRg00000fFYbLMAW,18720
a0YRg00000fFYbMMAW,18720
a0YRg00000fFYbNMAW,18720
a0YRg00000fFYbOMAW,30595.31
a0YRg00000fIMyXMAW,80050.64
a0YRg00000fIOlpMAG,26835
a0YRg00000fIP0LMAW,31900
a0YRg00000fIP0MMAW,31900
a0YRg00000fIP0NMAW,31900
a0YRg00000fIP0OMAW,31900
a0YRg00000fIP0PMAW,31900
a0YRg00000fIP0QMAW,31900
a0YRg00000fIP0RMAW,30595.31
a0YRg00000fIQPRMA4,21260
a0YRg00000fIQPSMA4,21260
a0YRg00000fIQPTMA4,42520
a0YRg00000fIQPUMA4,21260
a0YRg00000fIQPVMA4,21260
a0YRg00000fIQPWMA4,30595.31
a0YRg00000fIRi6MAG,47560
a0YRg00000fIRi7MAG,47560
a0YRg00000fIRi8MAG,95120
a0YRg00000fIRi9MAG,47560
a0YRg00000fIRiAMAW,47560
a0YRg00000fIRiBMAW,30595.31
a0YRg00000fKtSAMA0,3250
a0YRg00000fKyObMAK,3250
a0YRg00000fKyhzMAC,796641.44
a0YRg00000fLBAYMA4,28451.48
a0YRg00000fLPF8MAO,355908.8
a0YRg00000fLPF9MAO,145513.52
a0YRg00000fLPFAMA4,352997.94
a0YRg00000fLScqMAG,262500
a0YRg00000fLScrMAG,3250
a0YRg00000fLScsMAG,21250
a0YRg00000fLZWHMA4,259250
a0YRg00000fOJujMAG,14701.38
a0YRg00000fOcXcMAK,87000
a0YRg00000fSEbYMAW,349713.1
a0YRg00000fSEbZMAW,55453.33
a0YRg00000fSEbaMAG,82435.52
a0YRg00000fSG8jMAG,280919.5
a0YRg00000fSG8kMAG,115517.8
a0YRg00000fSIbtMAG,149731.26
a0YRg00000fSLt9MAG,197448.8
a0YRg00000fSLtAMAW,4081.65
a0YRg00000fSTp3MAG,180642.8
a0YRg00000fSTp4MAG,42639.76
a0YRg00000fSb59MAC,36000
a0YRg00000fSgRKMA0,98288
a0YRg00000fSgRLMA0,162403
a0YRg00000fSgfrMAC,33552
a0YRg00000fSijFMAS,84915.2
a0YRg00000fSlxLMAS,79563.76
a0YRg00000fWDXDMA4,82713.76
a0YRg00000fWLrJMAW,1100000
a0YRg00000fWVYwMAO,113224
a0YRg00000fWY3nMAG,95300
a0YRg00000fWY3oMAG,95300
a0YRg00000fWY3pMAG,93560
a0YRg00000fWhbiMAC,1939630
a0YRg00000fWjbyMAC,97039.5
a0YRg00000fWjbzMAC,4101
a0YRg00000fZtwWMAS,198909.4
a0YRg00000fa1R0MAI,37000
a0YRg00000faB5TMAU,43605.52
a0YRg00000faHkKMAU,37000
a0YRg00000fdRbpMAE,18500
a0YRg00000fdRdRMAU,37000
a0YRg00000fdUhlMAE,101078.8
a0YRg00000ffyewMAA,93884
a0YRg00000ffz6MMAQ,286738
a0YRg00000fgBfNMAU,1907953.68
a0YRg00000fgFUXMA2,36000
a0YRg00000fjcMTMAY,116194
a0YRg00000fjdX4MAI,198909.4
a0YRg00000fjeheMAA,95750
a0YRg00000fjg6mMAA,209265.22
a0YRg00000fk2ATMAY,135970
a0YRg00000fnD7sMAE,89298.8
a0YRg00000fnE8lMAE,179344.5
a0YRg00000fnTm3MAE,103127.5
a0YRg00000fnUyEMAU,107190.6
a0YRg00000fneJFMAY,13171.84
a0YRg00000fneJGMAY,35147.65
a0YRg00000fqkNKMAY,158315.2
a0YRg00000fqkn8MAA,90579.44
a0YRg00000fqlJQMAY,218590.85
a0YRg00000fqokQMAQ,22023
a0YRg00000fr1EVMAY,130010
a0YRg00000frCEjMAM,137900
a0YRg00000fuU74MAE,72400
a0YRg00000fuUAHMA2,355908.8
a0YRg00000fuVcgMAE,148271.34
a0YRg00000fuVchMAE,103658.1
a0YRg00000fuXEfMAM,185867.42
a0YRg00000fuXEgMAM,92865.92
a0YRg00000fuXEhMAM,1029.37
a0YRg00000fujqwMAA,99175.2
a0YRg00000funPsMAI,218590.85
a0YRg00000fuqFfMAI,55350
a0YRg00000fusNuMAI,459638
a0YRg00000fy1zJMAQ,47118.44
a0YRg00000fy2CDMAY,146560.64
a0YRg00000fy67lMAA,83038.88
a0YRg00000fy6ULMAY,92130
a0YRg00000fy6cPMAQ,108911
a0YRg00000fy6m5MAA,109921.1
a0YRg00000g0dIwMAI,209708.31
a0YRg00000g0dIxMAI,37000
a0YRg00000g0dZ4MAI,376452.93
a0YRg00000g0dZ5MAI,37000
a0YRg00000g0h9iMAA,208105.9
a0YRg00000g0h9jMAA,10726.68
a0YRg00000g0xZNMAY,32428.31
a0YRg00000g4X8UMAU,153100
a0YRg00000g7kxKMAQ,47217.18
a0YRg00000g7kyoMAA,50236.4
a0YRg00000g7njmMAA,86112.5
a0YRg00000g7r7RMAQ,72670.2
a0YRg00000g7r7SMAQ,92578.2
a0YRg00000g7r7TMAQ,92578.2
a0YRg00000g7sDFMAY,87760
a0YRg00000g7w8jMAA,178200
a0YRg00000g83GgMAI,338184.8
a0YRg00000gBKw6MAG,255800
a0YRg00000gBPmCMAW,14901
a0YRg00000gBbNRMA0,1549349.58
a0YRg00000gEzZhMAK,166647.6
a0YRg00000gEzZiMAK,83323.8
a0YRg00000gEzZjMAK,83323.8
a0YRg00000gEzZkMAK,41340.68
a0YRg00000gF8huMAC,162200
a0YRg00000gFD3DMAW,13653.99
a0YRg00000gFD3EMAW,1018.08
a0YRg00000gFJmxMAG,29262
a0YRg00000gI9MQMA0,1928979.3
a0YRg00000gIAlVMAW,32972.8
a0YRg00000gIAlWMAW,32972.8
a0YRg00000gIAlXMAW,9148.2
a0YRg00000gIAyPMAW,87408.3
a0YRg00000gIAyQMAW,87408.3
a0YRg00000gIAyRMAW,87408.3
a0YRg00000gIAySMAW,66.3
a0YRg00000gKTaOMAW,102650.3
a0YRg00000gKTaPMAW,12541.9
a0YRg00000gKjP1MAK,13000
a0YRg00000gKkJVMA0,154700
a0YRg00000gKkJWMA0,85500
a0YRg00000gKnCeMAK,127700
a0YRg00000gKnSdMAK,50000
a0YRg00000gKoGhMAK,154400
a0YRg00000gKoGiMAK,85800
a0YRg00000gKpXdMAK,122700
a0YRg00000gKppNMAS,127700
a0YRg00000gKyhPMAS,50000
a0YRg00000gKysgMAC,122700
a0YRg00000gKzDfMAK,13000
a0YRg00000gO74zMAC,204555
a0YRg00000gOCRJMA4,154700
a0YRg00000gOCRKMA4,3250
a0YRg00000gOE9hMAG,154400
a0YRg00000gOE9iMAG,3250
a0YRg00000gOG3UMAW,70000
a0YRg00000gReyvMAC,60000
a0YRg00000gReywMAC,59070
a0YRg00000gUg85MAC,101860
a0YRg00000gUhIjMAK,13906.18
a0YRg00000gXp8SMAS,284080.78
a0YRg00000gXp8TMAS,294965.72
a0YRg00000gXrLWMA0,14261
a0YRg00000gY5zbMAC,3250
a0YRg00000gau58MAA,84995
a0YRg00000gau59MAA,84995
a0YRg00000gau5AMAQ,58201.3
a0YRg00000gauUvMAI,27498.56
a0YRg00000gauUwMAI,27498.56
a0YRg00000gauUxMAI,23662.72
a0YRg00000gdSabMAE,13906.18
a0YRg00000ghGNtMAM,82558.6
a0YRg00000gkuYXMAY,19744.88
a0YRg00000gkuYYMAY,4583.52
a0YRg00000gl1lFMAQ,91881.1
a0YRg00000gl1lGMAQ,356.7
a0YRg00000glA5NMAU,135500
a0YRg00000gxk6lMAA,106675.8
a0YRg00000gy5zCMAQ,12965
a0YRg00000h1bftMAA,1986268.35
a0YRg00000h1dszMAA,33637.42
a0YRg00000h1dt0MAA,32795.22
a0YRg00000h1sX4MAI,33552
a0YRg00000h21FVMAY,62042.4
a0YRg00000h21IlMAI,81021.2
a0YRg00000h28ooMAA,81021.2
a0YRg00000h51kJMAQ,376452.93
a0YRg00000h51kKMAQ,19073.07
a0YRg00000h543pMAA,85787.1
a0YRg00000h57UjMAI,209708.31
a0YRg00000h57UkMAI,37000
a0YRg00000h8ihTMAQ,346346
a0YRg00000h8pHgMAI,98858.5
a0YRg00000h98FOMAY,92140.4
a0YRg00000h9D3iMAE,32903.65
a0YRg00000h9D3jMAE,5896.35
a0YRg00000hCeH8MAK,49627.6
a0YRg00000hCeH9MAK,116194.4
a0YRg00000hFZ7zMAG,3442227
a0YRg00000hFe1FMAS,84995
a0YRg00000hFe1GMAS,44582.3
a0YRg00000hFe4SMAS,3298234
a0YRg00000hFfuyMAC,1158875
a0YRg00000hFgXeMAK,914408
a0YRg00000hFhgdMAC,1987088.35
a0YRg00000hFkZfMAK,953879
a0YRg00000hFkzRMAS,1285000
a0YRg00000hFndyMAC,955857
a0YRg00000hFnqrMAC,85400
a0YRg00000hFomwMAC,2738175
a0YRg00000hFpW5MAK,994347
a0YRg00000hFpe9MAC,1165295
a0YRg00000hFpmDMAS,3566057
a0YRg00000hFqbpMAC,1491607
a0YRg00000hIL5KMAW,1427598
a0YRg00000hIQzNMAW,1045925
a0YRg00000hIYaTMAW,283600
a0YRg00000hIgJPMA0,90000
a0YRg00000hIkZtMAK,49000
a0YRg00000hJ2mxMAC,1987138
a0YRg00000hMByYMAW,67340.27
a0YRg00000hMCRZMA4,37933.65
a0YRg00000hMEBhMAO,33712.6
a0YRg00000hMEBiMAO,17431.7
a0YRg00000hMjAjMAK,14701.38
a0YRg00000hPw3MMAS,94400
a0YRg00000hPw3NMAS,188.43
a0YRg00000hPyY7MAK,91688
a0YRg00000hPzcDMAS,355908.8
a0YRg00000hPzcEMAS,886.3
a0YRg00000hQ4SEMA0,202818.2
a0YRg00000hQcwyMAC,110988.9
a0YRg00000hQjlVMAS,155624.5
a0YRg00000hTT4LMAW,741200
a0YRg00000hTT4MMAW,739273.66
a0YRg00000hTqAaMAK,85000
a0YRg00000hTqotMAC,91279.3
a0YRg00000hU0rSMAS,167700
a0YRg00000hU1lwMAC,206787
a0YRg00000hU9EuMAK,65399.8
a0YRg00000hUKq9MAG,32428.31
a0YRg00000hWXjHMAW,99322
a0YRg00000hWdrxMAC,48348.4
a0YRg00000hWdryMAC,112996.6
a0YRg00000hZBUUMA4,93694.3
a0YRg00000hZBUVMA4,22210
a0YRg00000hZCf3MAG,286738
a0YRg00000hf2UxMAI,47227.4
a0YRg00000hf3AtMAI,208756.4
a0YRg00000hf3AuMAI,323.6
a0YRg00000hfBQAMA2,37000
a0YRg00000hfEzEMAU,88006
a0YRg00000hfEzFMAU,47492.26
a0YRg00000hfOTpMAM,95235
a0YRg00000hfRjSMAU,75772.79
a0YRg00000hfRjTMAU,182857.5
a0YRg00000hiWMsMAM,155900
a0YRg00000hiX9EMAU,13653.99
a0YRg00000hiX9FMAU,1044.09
a0YRg00000hiaS3MAI,95928.86
a0YRg00000hib1ZMAQ,97029.1
a0YRg00000hib1aMAA,231.79
a0YRg00000hietsMAA,82953.6
a0YRg00000hihrkMAA,94775.8
a0YRg00000hihrlMAA,47227.4
a0YRg00000hj2GHMAY,161290.32
a0YRg00000hmMOxMAM,322580.64
a0YRg00000hmZqnMAE,176479.5
a0YRg00000hmjYNMAY,47701.68
a0YRg00000hmjYOMAY,37719.19
a0YRg00000hmv1fMAA,92421
a0YRg00000hnFN6MAM,25000
a0YRg00000hpqNFMAY,390322.58
a0YRg00000hpuXHMAY,20675.48
a0YRg00000hpz5WMAQ,14901
a0YRg00000hqHvFMAU,97773
a0YRg00000hqHvGMAU,47222.63
a0YRg00000hqIT7MAM,99234
a0YRg00000hqImeMAE,43882.4
a0YRg00000hqRJbMAM,6354
a0YRg00000ht98NMAQ,81391.9
a0YRg00000ht98OMAQ,1525.64
a0YRg00000htAVqMAM,18240
a0YRg00000hvRZ0MAM,57958
a0YRg00000hvSuvMAE,84957.6
a0YRg00000hvaMGMAY,97039.5
a0YRg00000hvaMHMAY,6151.5
a0YRg00000hvbRvMAI,130500
a0YRg00000hvm0rMAA,96496.14
a0YRg00000hyt5jMAA,97773
a0YRg00000hyt5kMAA,47903.05
a0YRg00000hyyGgMAI,99800
a0YRg00000hzFcaMAE,55000
a0YRg00000i2EnAMAU,417982.15
a0YRg00000i2oNaMAI,262500
a0YRg00000i5xz4MAA,181279.4
a0YRg00000i5xz5MAA,148465.04
a0YRg00000i9MCvMAM,19744.88
a0YRg00000i9MCwMAM,5654.69
a0YRg00000iCZBxMAO,14701.38
a0YRg00000iIP0DMAW,12965
a0YRg00000iIQqmMAG,33712.6
a0YRg00000iIQqnMAG,15985.52
a0YRg00000iIYebMAG,424898
a0YRg00000iIaLSMA0,13906.18
a0YRg00000iIfPzMAK,55000
a0YRg00000iLlNfMAK,90940
a0YRg00000iLlNgMAK,84121.56
a0YRg00000iMHfIMAW,89907.8
a0YRg00000iPBmwMAG,33552
a0YRg00000iPGppMAG,60000
a0YRg00000iSrmUMAS,81647.23
a0YRg00000iVYAXMA4,162200
a0YRg00000iY9VrMAK,336040.34
a0YRg00000iY9VsMAK,171525.6
a0YRg00000iYG5rMAG,3460365.84
a0YRg00000ibY7pMAE,198909.4
a0YRg00000ifCgeMAE,272500
a0YRg00000iiSwyMAE,98858.5
a0YRg00000iic6iMAA,205082.4
a0YRg00000iieExMAI,131400
a0YRg00000iifcQMAQ,94775.8
a0YRg00000iifcRMAQ,47227.4
a0YRg00000iihKtMAI,265200
a0YRg00000iikFVMAY,218590.85
a0YRg00000iiq1cMAA,150100
a0YRg00000ijOjDMAU,55406.7
a0YRg00000ijOjEMAU,4383.38
a0YRg00000ilwGvMAI,210164.8
a0YRg00000ilx4vMAA,97770
a0YRg00000im0u1MAA,190600
a0YRg00000im0u2MAA,153584.25
a0YRg00000im4b8MAA,135250
a0YRg00000imQQJMA2,237600
a0YRg00000imR6EMAU,134000
a0YRg00000iokBBMAY,94775.4
a0YRg00000irD2bMAE,32428.31
a0YRg00000irJcfMAE,160800
a0YRg00000irJcgMAE,800
a0YRg00000iurgIMAQ,103656
a0YRg00000iurgJMAQ,14121
a0YRg00000iuw9fMAA,200575.02
a0YRg00000iuw9gMAA,66858.34
a0YRg00000iuw9hMAA,66858.34
a0YRg00000iuw9iMAA,66858.34
a0YRg00000iuw9jMAA,66858.34
a0YRg00000iuw9kMAA,66858.34
a0YRg00000iuw9lMAA,66858.34
a0YRg00000iuw9mMAA,66858.24
a0YRg00000iuw9nMAA,66858.34
a0YRg00000iuw9oMAA,66858.34
a0YRg00000iuw9pMAA,66858.34
a0YRg00000iuw9qMAA,66858.34
a0YRg00000iuw9rMAA,66858.34
a0YRg00000iuw9sMAA,66858.34
a0YRg00000iuxFUMAY,28522
a0YRg00000iv0mqMAA,240000
a0YRg00000ivC7zMAE,138998.9
a0YRg00000iyVKaMAM,571752
a0YRg00000iyVKbMAM,42146.48
a0YRg00000iz8ljMAA,132124.78
a0YRg00000j1jR1MAI,26835
a0YRg00000j1kjfMAA,2114392.2
a0YRg00000j1luEMAQ,37000
a0YRg00000j1qXJMAY,90797.9
a0YRg00000j1qXKMAY,80394.11
a0YRg00000j22X0MAI,132000
a0YRg00000j22X1MAI,132000
a0YRg00000j22X2MAI,350
a0YRg00000j2AXgMAM,1490710
a0YRg00000j2DdZMAU,122406.8
a0YRg00000j567jMAA,81391.9
a0YRg00000j567kMAA,1541.84
a0YRg00000j567lMAA,81391.9
a0YRg00000j56ioMAA,26835
a0YRg00000j5FEDMA2,59500
a0YRg00000j5P3xMAE,140100
a0YRg00000j5SubMAE,165900
a0YRg00000j8DavMAE,157165.4
a0YRg00000j8DnlMAE,18054204
a0YRg00000j8EdOMAU,12965
a0YRg00000j8HzRMAU,111301.5
a0YRg00000j8LwbMAE,
a0YRg00000j8MEMMA2,
a0YRg00000jAnTlMAK,13653.99
a0YRg00000jAnTmMAK,1070.1
a0YRg00000jApKOMA0,37000
a0YRg00000jB1IFMA0,30000
a0YRg00000jBBB7MAO,155000
a0YRg00000jBnEoMAK,55200
a0YRg00000jElGTMA0,14901
a0YRg00000jEo6OMAS,132000
a0YRg00000jEo6PMAS,128750
a0YRg00000jErwzMAC,33637.42
a0YRg00000jErx0MAC,33637.42
a0YRg00000jErx1MAC,33637.42
a0YRg00000jErx2MAC,882.96
a0YRg00000jExpYMAS,130000
a0YRg00000jHqbVMAS,60100
a0YRg00000jLebgMAC,33712.6
a0YRg00000jLebhMAC,14615.77
a0YRg00000jLjI2MAK,28451.48
a0YRg00000jLjI3MAK,28451.48
a0YRg00000jLmHRMA0,29511.38
a0YRg00000jLmHSMA0,14488.62
a0YRg00000jLqY1MAK,100770.4
a0YRg00000jMJjmMAG,139700
a0YRg00000jMO1pMAG,92020
a0YRg00000jMQGTMA4,179374.5
a0YRg00000jPKRTMA4,136000
a0YRg00000jPKfyMAG,145100
a0YRg00000jPhPgMAK,2775.9
a0YRg00000jPnlBMAS,4920.56
a0YRg00000jPnlCMAS,50079.44
a0YRg00000jPnoQMAS,
a0YRg00000jScWfMAK,25000
a0YRg00000jSd9NMAS,13906.18
a0YRg00000jSe8fMAC,139300
a0YRg00000jVU82MAG,456280.02
a0YRg00000jYb1fMAC,44285.04
a0YRg00000jYb1gMAC,44285.04
a0YRg00000jYb1hMAC,44285.04
a0YRg00000jYb1iMAC,44285.04
a0YRg00000jYb1jMAC,44285.04
a0YRg00000jYb1kMAC,44285.04
a0YRg00000jYb1lMAC,44285.04
a0YRg00000jYvd8MAC,14701.38
a0YRg00000jYz2OMAS,27932.52
a0YRg00000jYz2PMAS,27981.8
a0YRg00000jZ2JaMAK,37000
a0YRg00000jZ2TIMA0,27733.68
a0YRg00000jdWVzMAM,19744.88
a0YRg00000jdWW0MAM,6444.86
a0YRg00000jdnRxMAI,337000
a0YRg00000jduwUMAQ,116930
a0YRg00000jiAkvMAE,33703
a0YRg00000jiCWbMAM,567000
a0YRg00000jlwZmMAI,117323.6
a0YRg00000jlwZnMAI,4920.56
a0YRg00000jmPqIMAU,1779375
a0YRg00000jmYbmMAE,37242.34
a0YRg00000jmfn2MAA,37000
a0YRg00000jmuQzMAI,37000
a0YRg00000jmxBzMAI,37000
a0YRg00000jmzaLMAQ,106300
a0YRg00000jmzaMMAQ,45670
a0YRg00000jmzaNMAQ,442
a0YRg00000jn0bGMAQ,37000
a0YRg00000jn3ngMAA,37000
a0YRg00000jnA7eMAE,37000
a0YRg00000jnB3gMAE,37000
a0YRg00000jpKsRMAU,909845.37
a0YRg00000jpO9fMAE,867000
a0YRg00000jpQ4zMAE,36000
a0YRg00000jpRtvMAE,42663.6
a0YRg00000jpRtwMAE,37000.4
a0YRg00000jpTsTMAU,33552
a0YRg00000jrkAsMAI,95746
a0YRg00000jrkAtMAI,41448.4
a0YRg00000jrnv7MAA,98784.4
a0YRg00000jrqZdMAI,92120
a0YRg00000jrqZeMAI,39998
a0YRg00000jrrgzMAA,96138
a0YRg00000jrrh0MAA,41605.2
a0YRg00000jrvZJMAY,72868
a0YRg00000jrvvuMAA,108736
a0YRg00000jrw0jMAA,108736
a0YRg00000jrw5aMAA,108736
a0YRg00000jrwC1MAI,108736
a0YRg00000jrxzJMAQ,108736
a0YRg00000js6zPMAQ,90250
a0YRg00000js6zQMAQ,40750
a0YRg00000js94PMAQ,113342.8
a0YRg00000jsEgnMAE,55000
a0YRg00000jsHOXMA2,37000
a0YRg00000jsTKrMAM,36950
a0YRg00000k8zLbMAI,33504.5
a0YRg00000k8zLcMAI,13457.9
a0YRg00000k9FbeMAE,136900
a0YRg00000k9I4sMAE,37000
a0YRg00000k9JVZMA2,134600
a0YRg00000k9JVaMAM,129649.56
a0YRg00000k9Jk5MAE,135500
a0YRg00000kBduqMAC,37000
a0YRg00000kC2GWMA0,39370
a0YRg00000kCGrKMAW,29370
a0YRg00000kCGzOMAW,103200
a0YRg00000kCGzPMAW,9370
a0YRg00000kCQPFMA4,44430
a0YRg00000kCQPGMA4,62570
a0YRg00000kCRLKMA4,106300
a0YRg00000kCjjiMAC,1329440.2
a0YRg00000kFfWdMAK,2037327.62
a0YRg00000kFmrSMAS,2037327.62
a0YRg00000kFnu0MAC,1883925.38
a0YRg00000kFogNMAS,1551553.86
a0YRg00000kFotGMAS,213170.82
a0YRg00000kFufLMAS,1436497.18
a0YRg00000kFv6jMAC,1883925.38
a0YRg00000kFvhsMAC,
a0YRg00000kFxJpMAK,1286295.82
a0YRg00000kG2ubMAC,1842378.94
a0YRg00000kG3SXMA0,95746
a0YRg00000kG3kEMAS,117323.6
a0YRg00000kGBbMMAW,92120
a0YRg00000kGHooMAG,96138
a0YRg00000kGHopMAG,41605.2
a0YRg00000kGHoqMAG,96138
a0YRg00000kGJKOMA4,30000
a0YRg00000kGK8MMAW,72000
a0YRg00000kGK8NMAW,30000
a0YRg00000kGKDOMA4,167700
a0YRg00000kGKLFMA4,95197.2
a0YRg00000kGScGMAW,32428.31
a0YRg00000kGUUKMA4,245376.6
a0YRg00000kGUULMA4,101300.4
a0YRg00000kGY9hMAG,18265
a0YRg00000kGacyMAC,37000
a0YRg00000kGcDLMA0,51000
a0YRg00000kGfskMAC,40177.54
a0YRg00000kJqGXMA0,50000
a0YRg00000kJqgMMAS,349210
a0YRg00000kJuTvMAK,27370
a0YRg00000kK8wdMAC,355908.8
a0YRg00000kK8weMAC,1772.6
a0YRg00000kKASCMA4,47900
a0YRg00000kKYO4MAO,37000
a0YRg00000kKcoIMAS,37000
a0YRg00000kNT8UMAW,37000
a0YRg00000kNUNtMAO,37000
a0YRg00000kNVn7MAG,376452.93
a0YRg00000kNXvGMAW,6825.9
a0YRg00000kNZPBMA4,2008
a0YRg00000kNaEnMAK,35266.42
a0YRg00000kNcOfMAK,27633
a0YRg00000kNcq5MAC,16723.85
a0YRg00000kNf1dMAC,37000
a0YRg00000kNg4AMAS,57170
a0YRg00000kNg4BMAS,43430
a0YRg00000kNkNtMAK,94400
a0YRg00000kNkNuMAK,155.76
a0YRg00000kNlv0MAC,55000
a0YRg00000kNoRSMA0,209708.31
a0YRg00000kNpTxMAK,112996
a0YRg00000kNpTyMAK,30
a0YRg00000kNq1pMAC,80166.65
a0YRg00000kNrsOMAS,36558.5
a0YRg00000kNvHnMAK,29200
a0YRg00000kO07gMAC,18250
a0YRg00000kO0CTMA0,278800
a0YRg00000kO0KXMA0,277600
a0YRg00000kO1zpMAC,36558.5
a0YRg00000kOAbgMAG,37000
a0YRg00000kRAs9MAG,50810
a0YRg00000kRAsAMAW,45790
a0YRg00000kRBOJMA4,5435.1
a0YRg00000kRExFMAW,92350
a0YRg00000kRExGMAW,42150
a0YRg00000kRQYdMAO,38000
a0YRg00000kRTHyMAO,53200
a0YRg00000kRTHzMAO,170
a0YRg00000kRVTRMA4,7265.1
a0YRg00000kRfarMAC,572000
a0YRg00000kRsEmMAK,31185.82
a0YRg00000kRsEnMAK,31185.82
a0YRg00000kRsEoMAK,31185.82
a0YRg00000kRsEpMAK,3128.01
a0YRg00000kUMzwMAG,13653.99
a0YRg00000kUMzxMAG,1096.11
a0YRg00000kUUCgMAO,1072000
a0YRg00000kUXk1MAG,14901
a0YRg00000kUagHMAS,50000
a0YRg00000kUazdMAC,37000
a0YRg00000kWybGMAS,107190
a0YRg00000kWybHMAS,76710
a0YRg00000kX4woMAC,142500
a0YRg00000kX65rMAC,20000
a0YRg00000kX8dsMAC,35532.08
a0YRg00000kXHR0MAO,1466876.25
a0YRg00000kXL9fMAG,53805.6
a0YRg00000kXPwPMAW,3120
a0YRg00000kXRTZMA4,37000
a0YRg00000kY1dcMAC,106010.8
a0YRg00000kY1ddMAC,252213.2
a0YRg00000kY7JAMA0,37000
a0YRg00000kbERLMA2,27634.68
a0YRg00000kbIczMAE,27634.68
a0YRg00000kbPY1MAM,133900
a0YRg00000kbWPqMAM,107200
a0YRg00000kbWPrMAM,46030
a0YRg00000kbWPsMAM,96156.61
a0YRg00000kc5M5MAI,25000
a0YRg00000kcM0DMAU,25000
a0YRg00000kfPj7MAE,37000
a0YRg00000kfPsnMAE,37000
a0YRg00000kfqY1MAI,37000
a0YRg00000kgENWMA2,207976.99
a0YRg00000kgnMoMAI,110400
a0YRg00000kgnMpMAI,109800
a0YRg00000kj1iIMAQ,92057.55
a0YRg00000kj1iJMAQ,68698.8
a0YRg00000kjPXdMAM,22560
a0YRg00000kjjjJMAQ,69207.8
a0YRg00000kjjjKMAQ,51405.2
a0YRg00000kjtSVMAY,89511.4
a0YRg00000kjtSWMAY,53835.6
a0YRg00000kkKpFMAU,39515.52
a0YRg00000kkKpGMAU,13171.84
a0YRg00000kkKpHMAU,13171.84
a0YRg00000kkKpIMAU,8363.45
a0YRg00000kn5bzMAA,155900
a0YRg00000knHN0MAM,120588
a0YRg00000knJgYMAU,42750
a0YRg00000knR1OMAU,14701.38
a0YRg00000kqc3VMAQ,43152.8
a0YRg00000kqdArMAI,43463.2
a0YRg00000kqeQHMAY,83190.8
a0YRg00000kqeenMAA,207977
a0YRg00000kqfnlMAA,78000
a0YRg00000kqg3tMAA,95750
a0YRg00000kqhnxMAA,108732
a0YRg00000kqhnyMAA,108732
a0YRg00000kqiDlMAI,92600
a0YRg00000kqiDmMAI,8290.48
a0YRg00000kqj09MAA,60810
a0YRg00000kxGO5MAM,339277.5
a0YRg00000kxGW5MAM,85797
a0YRg00000kxL7aMAE,170000
a0YRg00000kxgAPMAY,99568
a0YRg00000ky3WnMAI,245860
a0YRg00000ky3WoMAI,245860
a0YRg00000ky3WpMAI,101494
a0YRg00000ky7vQMAQ,37000
a0YRg00000l19pPMAQ,106600
a0YRg00000l1DJXMA2,81690
a0YRg00000l1DJYMA2,270
a0YRg00000l1NihMAE,485677.87
a0YRg00000l1PanMAE,42977.2
a0YRg00000l1QYUMA2,87500
a0YRg00000l23RsMAI,208618.8
a0YRg00000l23RtMAI,13149.59
a0YRg00000l5StUMAU,33352
a0YRg00000l5WDvMAM,90940
a0YRg00000l5WDwMAM,81102.96
a0YRg00000l5xR1MAI,12965
a0YRg00000l5yYQMAY,26536
a0YRg00000l651yMAA,14261
a0YRg00000l65GVMAY,116930
a0YRg00000l6EurMAE,95360
a0YRg00000l6Jg2MAE,87927
a0YRg00000l6XRFMA2,109500
a0YRg00000l9lRFMAY,19744.88
a0YRg00000l9lRGMAY,6990.78
a0YRg00000l9pUrMAI,50000
a0YRg00000l9rtGMAQ,36700
a0YRg00000lABn9MAG,84995
a0YRg00000lABnAMAW,48724.8
a0YRg00000lADP7MAO,847778.68
a0YRg00000lCZLWMA4,80939.8
a0YRg00000lCaSrMAK,222750
a0YRg00000lEyKeMAK,37000
a0YRg00000lFH0hMAG,123076.33
a0YRg00000lFwgYMAS,181279.4
a0YRg00000lFwgZMAS,181279.4
a0YRg00000lFwgaMAC,181279.4
a0YRg00000lFwgbMAC,31396.84
a0YRg00000lJCC5MAO,96500
a0YRg00000lJFQ7MAO,84993
a0YRg00000lJG61MAG,88695.8
a0YRg00000lJI1NMAW,87597.2
a0YRg00000lJJ5WMAW,292200
a0YRg00000lJJ5XMAW,286313.86
a0YRg00000lJKG5MAO,95979
a0YRg00000lNjJ8MAK,260928
a0YRg00000lNjJ9MAK,71.17
a0YRg00000lOArDMAW,3326782
a0YRg00000lOb50MAC,105669.3
a0YRg00000lP7MjMAK,108004
a0YRg00000lRoDmMAK,37000
a0YRg00000lRtlJMAS,41487.6
a0YRg00000lS8SdMAK,81209.7
a0YRg00000lSBaAMAW,100000
a0YRg00000lSM7OMAW,150773.28
a0YRg00000lVpBIMA0,256600
a0YRg00000lVrudMAC,108910.6
a0YRg00000lVwz7MAC,71455
a0YRg00000lWEGAMA4,92130
a0YRg00000lWJkTMAW,210050.8
a0YRg00000lWPGLMA4,37000
a0YRg00000lZPdCMAW,37000
a0YRg00000lZPy9MAG,183900
a0YRg00000lZPyAMAW,183450
a0YRg00000lZSxeMAG,89557
a0YRg00000lZTAXMA4,83970
a0YRg00000lZTbxMAG,91279.3
a0YRg00000lZUPxMAO,88478
a0YRg00000lcEWoMAM,50000
a0YRg00000lcPf4MAE,91650
a0YRg00000lcXmHMAU,37000
a0YRg00000lcYyUMAU,30000
a0YRg00000ldIZvMAM,79433
a0YRg00000lgdMsMAI,126714
a0YRg00000lgdMtMAI,106.54
a0YRg00000lge62MAA,10000
a0YRg00000lgeagMAA,22000
a0YRg00000lggB3MAI,25000
a0YRg00000lgjnFMAQ,342603.8
a0YRg00000lgk1nMAA,86973
a0YRg00000lguviMAA,205259.8
a0YRg00000lguvjMAA,205259.8
a0YRg00000lguvkMAA,5850.48
a0YRg00000lhXfBMAU,82610
a0YRg00000liGaoMAE,91839.11
a0YRg00000liJ7JMAU,95235
a0YRg00000ll9eIMAQ,41750
a0YRg00000ll9eJMAQ,96500
a0YRg00000llQC5MAM,102650.3
a0YRg00000llQC6MAM,14681.6
a0YRg00000llT57MAE,337000
a0YRg00000llXLeMAM,100000
a0YRg00000llxuQMAQ,106111.8
a0YRg00000llxuRMAQ,114.6
a0YRg00000llxzIMAQ,108910.6
a0YRg00000lmBpJMAU,218590.85
a0YRg00000lmEKMMA2,151670
a0YRg00000lmL3zMAE,140800
a0YRg00000lmTuKMAU,108911
a0YRg00000lpMjQMAU,51681.6
a0YRg00000lpNHJMA2,339600
a0YRg00000lpNHKMA2,71070
a0YRg00000lpReFMAU,98000
a0YRg00000lpReGMAU,42350
a0YRg00000lpReHMAU,98000
a0YRg00000lpTBXMA2,257152
a0YRg00000lpTBYMA2,257151.2
a0YRg00000lpbFPMAY,32428.31
a0YRg00000lq5wfMAA,37000
a0YRg00000lqE2DMAU,204555
a0YRg00000ltFkyMAE,99175
a0YRg00000ltHRlMAM,92578.2
a0YRg00000ltHRmMAM,92578.2
a0YRg00000ltHRnMAM,90.21
a0YRg00000ltLFGMA2,31185.82
a0YRg00000ltLFHMA2,31185.82
a0YRg00000ltLFIMA2,31185.82
a0YRg00000ltLFJMA2,31185.82
a0YRg00000ltLFKMA2,23905.73
a0YRg00000ltjB8MAI,95200
a0YRg00000ltjB9MAI,41230
a0YRg00000ltyyAMAQ,40075
a0YRg00000lu3RZMAY,250000
a0YRg00000luGFBMA2,270500
a0YRg00000luGNEMA2,55000
a0YRg00000lvxLFMAY,100700
a0YRg00000lvxLGMAY,57120
a0YRg00000lvxY9MAI,88150
a0YRg00000lvxYAMAY,2363.44
a0YRg00000lvzYLMAY,94000
a0YRg00000lvzYMMAY,90250
a0YRg00000lvzi1MAA,85787.1
a0YRg00000lw2cfMAA,27858.62
a0YRg00000lyKAVMA2,13653.99
a0YRg00000lyKAWMA2,1122.12
a0YRg00000lyNjTMAU,204288
a0YRg00000lyZSuMAM,118300
a0YRg00000lyZSvMAM,50450
a0YRg00000m2DK8MAM,88
a0YRg00000m2DK9MAM,43722
a0YRg00000m2E1iMAE,81749.2
a0YRg00000m2F7PMAU,90613.5
a0YRg00000m2F7QMAU,36228.7
a0YRg00000m2H17MAE,98294
a0YRg00000m2H18MAE,42467.6
a0YRg00000m2H19MAE,488.4
a0YRg00000m2OSRMA2,198909.4
a0YRg00000m2hDLMAY,102054.4
a0YRg00000m2hDMMAY,52528
a0YRg00000m2hDNMAY,52528
a0YRg00000m2hDOMAY,2341.21
a0YRg00000m377oMAA,280000
a0YRg00000m6I56MAE,179066.33
a0YRg00000m6I57MAE,89700
a0YRg00000m6VyOMAU,320366.13
a0YRg00000m6YReMAM,464460.23
a0YRg00000m6auqMAA,78172.04
a0YRg00000m6b4WMAQ,34324.94
a0YRg00000m6dz9MAA,473751.27
a0YRg00000m6gNVMAY,103586
a0YRg00000m6h54MAA,489000
a0YRg00000m6iE2MAI,158654.5
a0YRg00000m6iPLMAY,148741.42
a0YRg00000m6jWiMAI,14901
a0YRg00000m6jrdMAA,489000
a0YRg00000m6pIkMAI,92391
a0YRg00000m7O3ZMAU,140100
a0YRg00000mAWHWMA4,38970
a0YRg00000mAXdNMAW,56940
a0YRg00000mAYHlMAO,86112.5
a0YRg00000mAdpGMAS,153100
a0YRg00000mAfW7MAK,79432.5
a0YRg00000mAfW8MAK,1350.65
a0YRg00000mAnGjMAK,97600
a0YRg00000mB4KwMAK,135860
a0YRg00000mB5taMAC,85000
a0YRg00000mBQWdMAO,103658.1
a0YRg00000mEj6TMAS,1506053.4
a0YRg00000mElEnMAK,25191.33
a0YRg00000mEvZ5MAK,132700
a0YRg00000mEx1PMAS,98784
a0YRg00000mF5qCMAS,26265.12
a0YRg00000mF5qDMAS,8494.04
a0YRg00000mFAoDMAW,41940
a0YRg00000mFBPJMA4,101010
a0YRg00000mHzxvMAC,202818.2
a0YRg00000mI4kgMAC,87500
a0YRg00000mIBfhMAG,2372500
a0YRg00000mKxhqMAC,85000
a0YRg00000mLmZ4MAK,10000
a0YRg00000mP2XeMAK,10109.29
a0YRg00000mPGAsMAO,37000
a0YRg00000mPNdiMAG,60431.79
a0YRg00000mPTJLMA4,14261
a0YRg00000mPZOkMAO,10929
a0YRg00000mPjZPMA0,30054.68
a0YRg00000mPr2NMAS,32437
a0YRg00000mT0XNMA0,87408.3
a0YRg00000mT0XOMA0,27.6
a0YRg00000mTD35MAG,103026
a0YRg00000mTGLtMAO,106221.3
a0YRg00000mWsPrMAK,108192
a0YRg00000mWsPsMAK,46426.8
a0YRg00000mWsPtMAK,108192
a0YRg00000mX42oMAC,489000
a0YRg00000mayDLMAY,2724.8
a0YRg00000mb4XGMAY,157165.4
a0YRg00000mbDAoMAM,20466.71
a0YRg00000mbKtnMAE,95173.2
a0YRg00000mbKtoMAE,68698.8
a0YRg00000mbKtpMAE,161668.87
a0YRg00000mbWriMAE,2732.24
a0YRg00000mbf6zMAA,20501.3
a0YRg00000mbfVJMAY,137900
a0YRg00000mc0bFMAQ,12965
a0YRg00000meYwzMAE,22500
a0YRg00000meYybMAE,35000
a0YRg00000meZQ2MAM,19744.88
a0YRg00000meZQ3MAM,7376.46
a0YRg00000medlNMAQ,102097.4
a0YRg00000medlOMAQ,9256.6
a0YRg00000mh5LnMAI,30000
a0YRg00000mhDT0MAM,70800
a0YRg00000mhHQ9MAM,50000
a0YRg00000mhUonMAE,37903.5
a0YRg00000mhUooMAE,133835.32
a0YRg00000mlSOdMAM,339277.5
a0YRg00000mle87MAA,179374.5
a0YRg00000mm76tMAA,10109.29
a0YRg00000mmE6gMAE,17622.95
a0YRg00000mpcPPMAY,87824.12
